[2026-08-07T12:37:56.200946+00:00] CONTINUOUS_OODA_WORKER_START
[2026-08-07T12:37:58.123546+00:00] TRELLO_STATUS_UPDATED 6a717fb9e7f9706afc72de74 torus-inventory deployment blocked
[2026-08-07T12:37:58.124691+00:00] CONTINUOUS_OODA_WORKER_COMPLETE
[2026-08-07T12:38:00.437751+00:00] CONTINUOUS_OODA_WORKER_START
[2026-08-07T12:38:01.702547+00:00] TRELLO_STATUS_UPDATED 6a717fb9e7f9706afc72de74 torus-inventory deployment blocked
[2026-08-07T12:38:01.703529+00:00] CONTINUOUS_OODA_WORKER_COMPLETE
[2026-08-07T12:38:03.992070+00:00] CONTINUOUS_OODA_WORKER_START
[2026-08-07T12:38:05.366916+00:00] TRELLO_STATUS_UPDATED 6a717fb9e7f9706afc72de74 torus-inventory deployment blocked
[2026-08-07T12:38:05.368349+00:00] CONTINUOUS_OODA_WORKER_COMPLETE
[2026-08-07T12:38:07.739447+00:00] CONTINUOUS_OODA_WORKER_START
[2026-08-07T12:38:09.244095+00:00] TRELLO_STATUS_UPDATED 6a717fb9e7f9706afc72de74 torus-inventory deployment blocked
[2026-08-07T12:38:09.245013+00:00] CONTINUOUS_OODA_WORKER_COMPLETE
[2026-08-07T12:38:11.648049+00:00] CONTINUOUS_OODA_WORKER_START
[2026-08-07T12:38:13.069481+00:00] TRELLO_STATUS_UPDATED 6a717fb9e7f9706afc72de74 torus-inventory deployment blocked
[2026-08-07T12:38:13.070430+00:00] CONTINUOUS_OODA_WORKER_COMPLETE
[2026-08-07T12:39:19.585157+00:00] CONTINUOUS_OODA_WORKER_START
[2026-08-07T12:39:21.034076+00:00] TRELLO_STATUS_UPDATED 6a717fb9e7f9706afc72de74 torus-inventory deployment blocked
[2026-08-07T12:39:21.035137+00:00] CONTINUOUS_OODA_WORKER_COMPLETE
[2026-08-07T12:39:23.354968+00:00] CONTINUOUS_OODA_WORKER_START
[2026-08-07T12:39:23.367982+00:00] SKIP_RECENT last_card=6a717fb9e7f9706afc72de74 last_issue=None
[2026-08-07T12:39:25.651700+00:00] CONTINUOUS_OODA_WORKER_START
[2026-08-07T12:39:25.652027+00:00] SKIP_RECENT last_card=6a717fb9e7f9706afc72de74 last_issue=None
[2026-08-07T12:39:27.926652+00:00] CONTINUOUS_OODA_WORKER_START
[2026-08-07T12:39:27.927074+00:00] SKIP_RECENT last_card=6a717fb9e7f9706afc72de74 last_issue=None
[2026-08-07T12:39:30.243899+00:00] CONTINUOUS_OODA_WORKER_START
[2026-08-07T12:39:30.244262+00:00] SKIP_RECENT last_card=6a717fb9e7f9706afc72de74 last_issue=None
[2026-08-07T12:39:32.531347+00:00] CONTINUOUS_OODA_WORKER_START
[2026-08-07T12:39:32.531720+00:00] SKIP_RECENT last_card=6a717fb9e7f9706afc72de74 last_issue=None
[2026-08-07T12:42:26.431945+00:00] CONTINUOUS_OODA_WORKER_START
[2026-08-07T12:42:28.854531+00:00] TRELLO_STATUS_UPDATED 6a717fb9e7f9706afc72de74 torus-inventory deployment blocked
[2026-08-07T12:42:28.855626+00:00] CONTINUOUS_OODA_WORKER_COMPLETE
[2026-08-07T12:42:31.166071+00:00] CONTINUOUS_OODA_WORKER_START
[2026-08-07T12:42:32.700149+00:00] TRELLO_STATUS_UPDATED 6a717fb9e7f9706afc72de74 torus-inventory deployment blocked
[2026-08-07T12:42:32.702011+00:00] CONTINUOUS_OODA_WORKER_COMPLETE
[2026-08-07T12:42:35.000426+00:00] CONTINUOUS_OODA_WORKER_START
[2026-08-07T12:42:36.326474+00:00] TRELLO_STATUS_UPDATED 6a717fb9e7f9706afc72de74 torus-inventory deployment blocked
[2026-08-07T12:42:36.327525+00:00] CONTINUOUS_OODA_WORKER_COMPLETE
[2026-08-07T12:42:38.671452+00:00] CONTINUOUS_OODA_WORKER_START
[2026-08-07T12:42:40.236720+00:00] TRELLO_STATUS_UPDATED 6a717fb9e7f9706afc72de74 torus-inventory deployment blocked
[2026-08-07T12:42:40.237687+00:00] CONTINUOUS_OODA_WORKER_COMPLETE
[2026-08-07T12:42:42.525688+00:00] CONTINUOUS_OODA_WORKER_START
[2026-08-07T12:42:44.398749+00:00] TRELLO_STATUS_UPDATED 6a717fb9e7f9706afc72de74 torus-inventory deployment blocked
[2026-08-07T12:42:44.400044+00:00] CONTINUOUS_OODA_WORKER_COMPLETE
[2026-08-07T12:42:46.688186+00:00] CONTINUOUS_OODA_WORKER_START
[2026-08-07T12:42:48.103434+00:00] TRELLO_STATUS_UPDATED 6a717fb9e7f9706afc72de74 torus-inventory deployment blocked
[2026-08-07T12:42:48.104402+00:00] CONTINUOUS_OODA_WORKER_COMPLETE
[2026-08-07T12:42:50.399007+00:00] CONTINUOUS_OODA_WORKER_START
[2026-08-07T12:42:51.633379+00:00] TRELLO_STATUS_UPDATED 6a717fb9e7f9706afc72de74 torus-inventory deployment blocked
[2026-08-07T12:42:51.634863+00:00] CONTINUOUS_OODA_WORKER_COMPLETE
[2026-08-07T12:42:54.005693+00:00] CONTINUOUS_OODA_WORKER_START
[2026-08-07T12:42:55.474594+00:00] TRELLO_STATUS_UPDATED 6a717fb9e7f9706afc72de74 torus-inventory deployment blocked
[2026-08-07T12:42:55.475743+00:00] CONTINUOUS_OODA_WORKER_COMPLETE
[2026-08-07T12:44:02.884484+00:00] CONTINUOUS_OODA_WORKER_START
[2026-08-07T12:44:04.448919+00:00] TRELLO_STATUS_UPDATED 6a717fb9e7f9706afc72de74 torus-inventory deployment blocked
[2026-08-07T12:44:04.449974+00:00] CONTINUOUS_OODA_WORKER_COMPLETE
[2026-08-07T12:44:06.773225+00:00] CONTINUOUS_OODA_WORKER_START
[2026-08-07T12:44:08.163470+00:00] TRELLO_STATUS_UPDATED 6a717fb9e7f9706afc72de74 torus-inventory deployment blocked
[2026-08-07T12:44:08.164900+00:00] CONTINUOUS_OODA_WORKER_COMPLETE
[2026-08-07T12:44:10.529336+00:00] CONTINUOUS_OODA_WORKER_START
[2026-08-07T12:44:11.958445+00:00] TRELLO_STATUS_UPDATED 6a717fb9e7f9706afc72de74 torus-inventory deployment blocked
[2026-08-07T12:44:11.959432+00:00] CONTINUOUS_OODA_WORKER_COMPLETE
[2026-08-07T12:44:14.491131+00:00] CONTINUOUS_OODA_WORKER_START
[2026-08-07T12:44:16.213777+00:00] TRELLO_STATUS_UPDATED 6a717fb9e7f9706afc72de74 torus-inventory deployment blocked
[2026-08-07T12:44:16.215292+00:00] CONTINUOUS_OODA_WORKER_COMPLETE
[2026-08-07T12:44:18.569060+00:00] CONTINUOUS_OODA_WORKER_START
[2026-08-07T12:44:19.876899+00:00] TRELLO_STATUS_UPDATED 6a717fb9e7f9706afc72de74 torus-inventory deployment blocked
[2026-08-07T12:44:19.877974+00:00] CONTINUOUS_OODA_WORKER_COMPLETE
[2026-08-07T12:44:22.156266+00:00] CONTINUOUS_OODA_WORKER_START
[2026-08-07T12:44:23.525709+00:00] TRELLO_STATUS_UPDATED 6a717fb9e7f9706afc72de74 torus-inventory deployment blocked
[2026-08-07T12:44:23.526898+00:00] CONTINUOUS_OODA_WORKER_COMPLETE
[2026-08-07T12:44:25.823371+00:00] CONTINUOUS_OODA_WORKER_START
[2026-08-07T12:44:27.259402+00:00] TRELLO_STATUS_UPDATED 6a717fb9e7f9706afc72de74 torus-inventory deployment blocked
[2026-08-07T12:44:27.260408+00:00] CONTINUOUS_OODA_WORKER_COMPLETE
[2026-08-07T12:44:29.581090+00:00] CONTINUOUS_OODA_WORKER_START
[2026-08-07T12:44:30.896786+00:00] TRELLO_STATUS_UPDATED 6a717fb9e7f9706afc72de74 torus-inventory deployment blocked
[2026-08-07T12:44:30.897827+00:00] CONTINUOUS_OODA_WORKER_COMPLETE
[2026-08-07T12:44:33.234155+00:00] CONTINUOUS_OODA_WORKER_START
[2026-08-07T12:44:35.803640+00:00] TRELLO_STATUS_UPDATED 6a717fb9e7f9706afc72de74 torus-inventory deployment blocked
[2026-08-07T12:44:35.804687+00:00] CONTINUOUS_OODA_WORKER_COMPLETE
[2026-08-07T12:44:38.129839+00:00] CONTINUOUS_OODA_WORKER_START
[2026-08-07T12:44:39.372228+00:00] TRELLO_STATUS_UPDATED 6a717fb9e7f9706afc72de74 torus-inventory deployment blocked
[2026-08-07T12:44:39.373543+00:00] CONTINUOUS_OODA_WORKER_COMPLETE
[2026-08-07T12:45:51.030204+00:00] CONTINUOUS_OODA_WORKER_START
[2026-08-07T12:45:58.038262+00:00] TRELLO_STATUS_UPDATED 6a7499631c1a36043e1059e2 [P1] Sir Green: add /api/security-docs route to dashboard_server.py
[2026-08-07T12:45:58.039334+00:00] CONTINUOUS_OODA_WORKER_COMPLETE
[2026-08-07T12:46:00.358789+00:00] CONTINUOUS_OODA_WORKER_START
[2026-08-07T12:46:04.974209+00:00] TRELLO_STATUS_UPDATED 6a738887a9af207d20987848 🔑 Set up PINKCADY GitHub auth for toruscoffeecompany repos
[2026-08-07T12:46:04.975115+00:00] CONTINUOUS_OODA_WORKER_COMPLETE
[2026-08-07T12:46:07.240381+00:00] CONTINUOUS_OODA_WORKER_START
[2026-08-07T12:46:11.379865+00:00] TRELLO_STATUS_UPDATED 6a70c2e7c2bff8d0aac51714 Square Developer account setup walkthrough
[2026-08-07T12:46:11.381331+00:00] CONTINUOUS_OODA_WORKER_COMPLETE
[2026-08-07T12:46:13.740123+00:00] CONTINUOUS_OODA_WORKER_START
[2026-08-07T12:46:18.061462+00:00] TRELLO_STATUS_UPDATED 6a712fab76212a7d0361f7cb Set revenue milestone: first dollar from any stream
[2026-08-07T12:46:18.063097+00:00] CONTINUOUS_OODA_WORKER_COMPLETE
[2026-08-07T12:46:20.419524+00:00] CONTINUOUS_OODA_WORKER_START
[2026-08-07T12:46:24.615934+00:00] TRELLO_STATUS_UPDATED 6a712fac7a8a9649b153e078 Set revenue milestone: first paid tool upgrade
[2026-08-07T12:46:24.617018+00:00] CONTINUOUS_OODA_WORKER_COMPLETE
[2026-08-07T12:47:38.317485+00:00] CONTINUOUS_OODA_WORKER_START
[2026-08-07T12:47:42.261814+00:00] TRELLO_STATUS_UPDATED 6a73c1df44ddb17b0142b8c9 🐳 Sir Azure: ComfyUI/Redis/MinIO/Postgres/Nginx on SQUIDSTATION
[2026-08-07T12:47:42.263107+00:00] CONTINUOUS_OODA_WORKER_COMPLETE
[2026-08-07T12:47:44.558967+00:00] CONTINUOUS_OODA_WORKER_START
[2026-08-07T12:47:48.701743+00:00] TRELLO_STATUS_UPDATED 6a752e3da134f0acb0d5e8d8 Miss Pink: build hive-mind mesh automation bridge for SQUIDSTATION/PINKCADY/STEALTHATTACK
[2026-08-07T12:47:48.702970+00:00] CONTINUOUS_OODA_WORKER_COMPLETE
[2026-08-07T12:47:50.994684+00:00] CONTINUOUS_OODA_WORKER_START
[2026-08-07T12:47:55.288034+00:00] TRELLO_STATUS_UPDATED 6a752e3eff4d9d4cca8945a1 Fleet: deploy fleet_comms_watcher on SQUIDSTATION/PINKCADY/STEALTHATTACK
[2026-08-07T12:47:55.289227+00:00] CONTINUOUS_OODA_WORKER_COMPLETE
[2026-08-07T12:47:57.620538+00:00] CONTINUOUS_OODA_WORKER_START
[2026-08-07T12:48:02.059015+00:00] TRELLO_STATUS_UPDATED 6a712bc79bc50687e977187a Deploy website to free hosting
[2026-08-07T12:48:02.060498+00:00] CONTINUOUS_OODA_WORKER_COMPLETE
[2026-08-07T12:48:04.353945+00:00] CONTINUOUS_OODA_WORKER_START
[2026-08-07T12:48:29.036110+00:00] TRELLO_STATUS_UPDATED 6a737f7e79118dbc2544542a 📡 Add Cosmos Library update watcher without cloning Squidstation vault
[2026-08-07T12:48:29.037240+00:00] CONTINUOUS_OODA_WORKER_COMPLETE
[2026-08-07T12:57:25.004582+00:00] CONTINUOUS_OODA_WORKER_START
[2026-08-07T12:57:29.391648+00:00] TRELLO_STATUS_UPDATED 6a7499631c1a36043e1059e2 [P1] Sir Green: add /api/security-docs route to dashboard_server.py
[2026-08-07T12:57:29.392672+00:00] CONTINUOUS_OODA_WORKER_COMPLETE
[2026-08-07T12:57:31.659874+00:00] CONTINUOUS_OODA_WORKER_START
[2026-08-07T12:57:35.967294+00:00] TRELLO_STATUS_UPDATED 6a738887a9af207d20987848 🔑 Set up PINKCADY GitHub auth for toruscoffeecompany repos
[2026-08-07T12:57:35.968278+00:00] CONTINUOUS_OODA_WORKER_COMPLETE
[2026-08-07T12:57:38.299694+00:00] CONTINUOUS_OODA_WORKER_START
[2026-08-07T12:57:42.515152+00:00] TRELLO_STATUS_UPDATED 6a70c2e7c2bff8d0aac51714 Square Developer account setup walkthrough
[2026-08-07T12:57:42.516265+00:00] CONTINUOUS_OODA_WORKER_COMPLETE
[2026-08-07T12:57:44.828301+00:00] CONTINUOUS_OODA_WORKER_START
[2026-08-07T12:57:49.573632+00:00] TRELLO_STATUS_UPDATED 6a712fab76212a7d0361f7cb Set revenue milestone: first dollar from any stream
[2026-08-07T12:57:49.574892+00:00] CONTINUOUS_OODA_WORKER_COMPLETE
[2026-08-07T12:57:52.182080+00:00] CONTINUOUS_OODA_WORKER_START
[2026-08-07T12:57:56.299565+00:00] TRELLO_STATUS_UPDATED 6a712fac7a8a9649b153e078 Set revenue milestone: first paid tool upgrade
[2026-08-07T12:57:56.300693+00:00] CONTINUOUS_OODA_WORKER_COMPLETE
[2026-08-07T12:57:58.618241+00:00] CONTINUOUS_OODA_WORKER_START
[2026-08-07T12:58:03.225953+00:00] TRELLO_STATUS_UPDATED 6a73c1df44ddb17b0142b8c9 🐳 Sir Azure: ComfyUI/Redis/MinIO/Postgres/Nginx on SQUIDSTATION
[2026-08-07T12:58:03.226940+00:00] CONTINUOUS_OODA_WORKER_COMPLETE
[2026-08-07T12:58:05.523785+00:00] CONTINUOUS_OODA_WORKER_START
[2026-08-07T12:58:10.493997+00:00] TRELLO_STATUS_UPDATED 6a752e3da134f0acb0d5e8d8 Miss Pink: build hive-mind mesh automation bridge for SQUIDSTATION/PINKCADY/STEALTHATTACK
[2026-08-07T12:58:10.495569+00:00] CONTINUOUS_OODA_WORKER_COMPLETE
[2026-08-07T12:58:12.880071+00:00] CONTINUOUS_OODA_WORKER_START
[2026-08-07T12:58:17.092109+00:00] TRELLO_STATUS_UPDATED 6a752e3eff4d9d4cca8945a1 Fleet: deploy fleet_comms_watcher on SQUIDSTATION/PINKCADY/STEALTHATTACK
[2026-08-07T12:58:17.093283+00:00] CONTINUOUS_OODA_WORKER_COMPLETE
[2026-08-07T12:58:19.474756+00:00] CONTINUOUS_OODA_WORKER_START
[2026-08-07T12:58:24.565774+00:00] TRELLO_STATUS_UPDATED 6a712bc79bc50687e977187a Deploy website to free hosting
[2026-08-07T12:58:24.567277+00:00] CONTINUOUS_OODA_WORKER_COMPLETE
[2026-08-07T12:58:26.853440+00:00] CONTINUOUS_OODA_WORKER_START
[2026-08-07T12:58:49.202156+00:00] TRELLO_STATUS_UPDATED 6a71b462b21cd08f9f3f6eb9 Master OODA Execution Tasklist — P0-P3
[2026-08-07T12:58:49.203236+00:00] CONTINUOUS_OODA_WORKER_COMPLETE
[2026-08-07T13:04:46.335353+00:00] CONTINUOUS_OODA_WORKER_START
[2026-08-07T13:06:11.565841+00:00] NO_NEW_ACTIONABLE_CARDS
[2026-08-07T13:06:13.598881+00:00] GITHUB_STATUS_UPDATED #14 Discord bot token wiring into crew_map.json/vault config
[2026-08-07T13:06:13.599385+00:00] CONTINUOUS_OODA_WORKER_COMPLETE
[2026-08-07T13:06:14.912189+00:00] CONTINUOUS_OODA_WORKER_START
[2026-08-07T13:07:38.793390+00:00] NO_NEW_ACTIONABLE_CARDS
[2026-08-07T13:07:40.946576+00:00] GITHUB_STATUS_UPDATED #19 🚨 VOID Pirate Trading Co GitHub access BLOCKED (403)
[2026-08-07T13:07:40.947119+00:00] CONTINUOUS_OODA_WORKER_COMPLETE
[2026-08-07T13:07:42.250867+00:00] CONTINUOUS_OODA_WORKER_START
[2026-08-07T13:09:11.922546+00:00] NO_NEW_ACTIONABLE_CARDS
[2026-08-07T13:09:13.803649+00:00] GITHUB_STATUS_UPDATED #20 🤖 Sir Azure: Discord bot + Trello watcher automation
[2026-08-07T13:09:13.804228+00:00] CONTINUOUS_OODA_WORKER_COMPLETE
[2026-08-07T13:09:15.181930+00:00] CONTINUOUS_OODA_WORKER_START
[2026-08-07T13:09:17.090213+00:00] TRELLO_STATUS_UPDATED 6a717fb9e7f9706afc72de74 torus-inventory deployment blocked
[2026-08-07T13:09:17.092498+00:00] CONTINUOUS_OODA_WORKER_COMPLETE
[2026-08-07T13:09:18.394479+00:00] CONTINUOUS_OODA_WORKER_START
[2026-08-07T13:09:22.551294+00:00] TRELLO_STATUS_UPDATED 6a7499631c1a36043e1059e2 [P1] Sir Green: add /api/security-docs route to dashboard_server.py
[2026-08-07T13:09:22.552528+00:00] CONTINUOUS_OODA_WORKER_COMPLETE
[2026-08-07T13:09:23.836154+00:00] CONTINUOUS_OODA_WORKER_START
[2026-08-07T13:09:27.979849+00:00] TRELLO_STATUS_UPDATED 6a738887a9af207d20987848 🔑 Set up PINKCADY GitHub auth for toruscoffeecompany repos
[2026-08-07T13:09:27.980874+00:00] CONTINUOUS_OODA_WORKER_COMPLETE
[2026-08-07T13:09:29.267503+00:00] CONTINUOUS_OODA_WORKER_START
[2026-08-07T13:09:33.549099+00:00] TRELLO_STATUS_UPDATED 6a70c2e7c2bff8d0aac51714 Square Developer account setup walkthrough
[2026-08-07T13:09:33.550049+00:00] CONTINUOUS_OODA_WORKER_COMPLETE
[2026-08-07T13:09:34.855554+00:00] CONTINUOUS_OODA_WORKER_START
[2026-08-07T13:09:39.844583+00:00] TRELLO_STATUS_UPDATED 6a712fab76212a7d0361f7cb Set revenue milestone: first dollar from any stream
[2026-08-07T13:09:39.845903+00:00] CONTINUOUS_OODA_WORKER_COMPLETE
[2026-08-07T13:09:41.231032+00:00] CONTINUOUS_OODA_WORKER_START
[2026-08-07T13:09:45.892630+00:00] TRELLO_STATUS_UPDATED 6a712fac7a8a9649b153e078 Set revenue milestone: first paid tool upgrade
[2026-08-07T13:09:45.894073+00:00] CONTINUOUS_OODA_WORKER_COMPLETE
[2026-08-07T13:09:47.173043+00:00] CONTINUOUS_OODA_WORKER_START
[2026-08-07T13:09:51.309555+00:00] TRELLO_STATUS_UPDATED 6a73c1df44ddb17b0142b8c9 🐳 Sir Azure: ComfyUI/Redis/MinIO/Postgres/Nginx on SQUIDSTATION
[2026-08-07T13:09:51.310536+00:00] CONTINUOUS_OODA_WORKER_COMPLETE
[2026-08-07T13:09:52.656658+00:00] CONTINUOUS_OODA_WORKER_START
[2026-08-07T13:09:56.875704+00:00] TRELLO_STATUS_UPDATED 6a752e3da134f0acb0d5e8d8 Miss Pink: build hive-mind mesh automation bridge for SQUIDSTATION/PINKCADY/STEALTHATTACK
[2026-08-07T13:09:56.876748+00:00] CONTINUOUS_OODA_WORKER_COMPLETE
[2026-08-07T13:09:58.159702+00:00] CONTINUOUS_OODA_WORKER_START
[2026-08-07T13:10:02.681064+00:00] TRELLO_STATUS_UPDATED 6a752e3eff4d9d4cca8945a1 Fleet: deploy fleet_comms_watcher on SQUIDSTATION/PINKCADY/STEALTHATTACK
[2026-08-07T13:10:02.682025+00:00] CONTINUOUS_OODA_WORKER_COMPLETE
[2026-08-07T13:10:03.961497+00:00] CONTINUOUS_OODA_WORKER_START
[2026-08-07T13:10:08.320078+00:00] TRELLO_STATUS_UPDATED 6a712bc79bc50687e977187a Deploy website to free hosting
[2026-08-07T13:10:08.321688+00:00] CONTINUOUS_OODA_WORKER_COMPLETE
[2026-08-07T13:10:09.618210+00:00] CONTINUOUS_OODA_WORKER_START
[2026-08-07T13:10:32.466532+00:00] TRELLO_STATUS_UPDATED 6a737f7e79118dbc2544542a 📡 Add Cosmos Library update watcher without cloning Squidstation vault
[2026-08-07T13:10:32.467620+00:00] CONTINUOUS_OODA_WORKER_COMPLETE
[2026-08-07T13:10:33.729401+00:00] CONTINUOUS_OODA_WORKER_START
[2026-08-07T13:10:55.149006+00:00] TRELLO_STATUS_UPDATED 6a71b462b21cd08f9f3f6eb9 Master OODA Execution Tasklist — P0-P3
[2026-08-07T13:10:55.150122+00:00] CONTINUOUS_OODA_WORKER_COMPLETE
[2026-08-07T13:10:56.422738+00:00] CONTINUOUS_OODA_WORKER_START
[2026-08-07T13:11:19.131818+00:00] TRELLO_STATUS_UPDATED 6a758914570bb5e64769122a 📨 [INBOX] STATUS UPDATE DASHBOARD 8080 FIXED PLUGIN AUDIT PENDING AND DISCORD TOKEN BLOCKER 20260806T024500Z sirgreen.msg
[2026-08-07T13:11:19.132808+00:00] CONTINUOUS_OODA_WORKER_COMPLETE
[2026-08-07T13:11:20.435261+00:00] CONTINUOUS_OODA_WORKER_START
[2026-08-07T13:11:42.756418+00:00] TRELLO_STATUS_UPDATED 6a758916afae5cf53ccccf33 📨 [INBOX] miss gordon docker blockers sirgreen 20260806
[2026-08-07T13:11:42.758227+00:00] CONTINUOUS_OODA_WORKER_COMPLETE
[2026-08-07T13:11:44.077312+00:00] CONTINUOUS_OODA_WORKER_START
[2026-08-07T13:12:05.780302+00:00] TRELLO_STATUS_UPDATED 6a7589189ca085ca8dce78a8 📨 [INBOX] trello api 401 invalid key blocker sirazure 20260806
[2026-08-07T13:12:05.781517+00:00] CONTINUOUS_OODA_WORKER_COMPLETE
[2026-08-07T13:12:07.050565+00:00] CONTINUOUS_OODA_WORKER_START
[2026-08-07T13:12:30.707772+00:00] TRELLO_STATUS_UPDATED 6a758919687b61bbb3db9255 📨 [INBOX] trello api 401 invalid key blocker sirgreen 20260806
[2026-08-07T13:12:30.708819+00:00] CONTINUOUS_OODA_WORKER_COMPLETE
[2026-08-07T13:12:31.976840+00:00] CONTINUOUS_OODA_WORKER_START
[2026-08-07T13:12:53.527272+00:00] TRELLO_STATUS_UPDATED 6a75891fe2e1acad47a8101d 📨 [INBOX] sirgreen docker deep dive urgent sirgreen 20260806
[2026-08-07T13:12:53.528369+00:00] CONTINUOUS_OODA_WORKER_COMPLETE
[2026-08-07T13:12:54.800476+00:00] CONTINUOUS_OODA_WORKER_START
[2026-08-07T13:13:18.435019+00:00] TRELLO_STATUS_UPDATED 6a7589217259b91d11ae66f1 📨 [INBOX] sirazure re docker urgent findings sirazure 20260806
[2026-08-07T13:13:18.436015+00:00] CONTINUOUS_OODA_WORKER_COMPLETE
[2026-08-07T13:13:19.738238+00:00] CONTINUOUS_OODA_WORKER_START
[2026-08-07T13:13:42.889883+00:00] TRELLO_STATUS_UPDATED 6a713b0f7fec1de4568f6906 DEPLOY.md created
[2026-08-07T13:13:42.890976+00:00] CONTINUOUS_OODA_WORKER_COMPLETE
[2026-08-07T13:13:44.204132+00:00] CONTINUOUS_OODA_WORKER_START
[2026-08-07T13:14:06.614617+00:00] TRELLO_STATUS_UPDATED 6a73e04f545d92a2f50c5f3f 🔁 [P2] Self-healing automation daemon
[2026-08-07T13:14:06.616242+00:00] CONTINUOUS_OODA_WORKER_COMPLETE
[2026-08-07T13:14:07.925288+00:00] CONTINUOUS_OODA_WORKER_START
[2026-08-07T13:14:30.004164+00:00] TRELLO_STATUS_UPDATED 6a742142c4eea9f50d2c583b [P2] DEPLOYMENT_RUNBOOK.md
[2026-08-07T13:14:30.005171+00:00] CONTINUOUS_OODA_WORKER_COMPLETE
[2026-08-07T13:14:31.324887+00:00] CONTINUOUS_OODA_WORKER_START
[2026-08-07T13:14:53.856148+00:00] TRELLO_STATUS_UPDATED 6a737f7c8714ca5b28fb892e 🧭 Wire Miss Pink persona attributes into vault docs/automation
[2026-08-07T13:14:53.857163+00:00] CONTINUOUS_OODA_WORKER_COMPLETE
[2026-08-07T13:14:55.128670+00:00] CONTINUOUS_OODA_WORKER_START
[2026-08-07T13:15:17.233567+00:00] TRELLO_STATUS_UPDATED 6a70fd5df386c9b9c9509813 Research free automation tools (Zapier/Make/n8n)
[2026-08-07T13:15:17.234736+00:00] CONTINUOUS_OODA_WORKER_COMPLETE
[2026-08-07T13:15:18.567138+00:00] CONTINUOUS_OODA_WORKER_START
[2026-08-07T13:15:41.266616+00:00] TRELLO_STATUS_UPDATED 6a715c01e0c5b1f394020f9a Choose payment processor alternative
[2026-08-07T13:15:41.267936+00:00] CONTINUOUS_OODA_WORKER_COMPLETE
[2026-08-07T13:15:42.580473+00:00] CONTINUOUS_OODA_WORKER_START
[2026-08-07T13:16:06.324110+00:00] TRELLO_STATUS_UPDATED 6a70da7ce5231e90cb0dd18e Trello Sync Automation
[2026-08-07T13:16:06.325098+00:00] CONTINUOUS_OODA_WORKER_COMPLETE
[2026-08-07T13:16:07.612925+00:00] CONTINUOUS_OODA_WORKER_START
[2026-08-07T13:16:31.145903+00:00] TRELLO_STATUS_UPDATED 6a714260e16bb14c1e238e8e Updated daily_ops_automation.py
[2026-08-07T13:16:31.146851+00:00] CONTINUOUS_OODA_WORKER_COMPLETE
[2026-08-07T13:16:32.463513+00:00] CONTINUOUS_OODA_WORKER_START
[2026-08-07T13:16:55.504026+00:00] TRELLO_STATUS_UPDATED 6a7185ee9623f3429b2bbbae SIR_GREEN_DEPLOYMENT_PROMPT created
[2026-08-07T13:16:55.505033+00:00] CONTINUOUS_OODA_WORKER_COMPLETE
[2026-08-07T13:16:56.789622+00:00] CONTINUOUS_OODA_WORKER_START
[2026-08-07T13:17:18.983474+00:00] TRELLO_STATUS_UPDATED 6a7124371696c8171433b8fe Bug hunt weekly_review_automation.py
[2026-08-07T13:17:18.984629+00:00] CONTINUOUS_OODA_WORKER_COMPLETE
[2026-08-07T13:17:20.437600+00:00] CONTINUOUS_OODA_WORKER_START
[2026-08-07T13:17:43.483488+00:00] TRELLO_STATUS_UPDATED 6a712438ca3780f35985256d Update 00_Vault_Home.md with build status
[2026-08-07T13:17:43.484553+00:00] CONTINUOUS_OODA_WORKER_COMPLETE
[2026-08-07T13:17:44.772514+00:00] CONTINUOUS_OODA_WORKER_START
[2026-08-07T13:18:08.845326+00:00] TRELLO_STATUS_UPDATED 6a7157f290ff88a1b31ae1c8 US Bank account automation — CSV → Wave → categorization
[2026-08-07T13:18:08.846341+00:00] CONTINUOUS_OODA_WORKER_COMPLETE
[2026-08-07T13:18:10.107475+00:00] CONTINUOUS_OODA_WORKER_START
[2026-08-07T13:18:33.001749+00:00] TRELLO_STATUS_UPDATED 6a715c0370ee36715d579861 Full automation audit complete
[2026-08-07T13:18:33.003030+00:00] CONTINUOUS_OODA_WORKER_COMPLETE
[2026-08-07T13:18:34.306780+00:00] CONTINUOUS_OODA_WORKER_START
[2026-08-07T13:18:57.723250+00:00] TRELLO_STATUS_UPDATED 6a71242b3f23db4fb69d6f7c Wire Buffer API into buffer_automation.py
[2026-08-07T13:18:57.724312+00:00] CONTINUOUS_OODA_WORKER_COMPLETE
[2026-08-07T13:18:58.991174+00:00] CONTINUOUS_OODA_WORKER_START
[2026-08-07T13:19:25.523551+00:00] TRELLO_STATUS_UPDATED 6a71242c76ca67e9e4de6505 Wire Zapier webhook into zapier_automation.py
[2026-08-07T13:19:25.524551+00:00] CONTINUOUS_OODA_WORKER_COMPLETE
[2026-08-07T13:19:26.803846+00:00] CONTINUOUS_OODA_WORKER_START
[2026-08-07T13:19:28.562011+00:00] TRELLO_STATUS_UPDATED 6a717fb9e7f9706afc72de74 torus-inventory deployment blocked
[2026-08-07T13:19:28.563715+00:00] CONTINUOUS_OODA_WORKER_COMPLETE
[2026-08-07T13:19:29.867493+00:00] CONTINUOUS_OODA_WORKER_START
[2026-08-07T13:19:33.822246+00:00] TRELLO_STATUS_UPDATED 6a7499631c1a36043e1059e2 [P1] Sir Green: add /api/security-docs route to dashboard_server.py
[2026-08-07T13:19:33.823526+00:00] CONTINUOUS_OODA_WORKER_COMPLETE
[2026-08-07T13:19:35.140101+00:00] CONTINUOUS_OODA_WORKER_START
[2026-08-07T13:19:39.299326+00:00] TRELLO_STATUS_UPDATED 6a738887a9af207d20987848 🔑 Set up PINKCADY GitHub auth for toruscoffeecompany repos
[2026-08-07T13:19:39.300680+00:00] CONTINUOUS_OODA_WORKER_COMPLETE
[2026-08-07T13:19:40.593342+00:00] CONTINUOUS_OODA_WORKER_START
[2026-08-07T13:19:44.956856+00:00] TRELLO_STATUS_UPDATED 6a70c2e7c2bff8d0aac51714 Square Developer account setup walkthrough
[2026-08-07T13:19:44.957933+00:00] CONTINUOUS_OODA_WORKER_COMPLETE
[2026-08-07T16:33:59.058987+00:00] CONTINUOUS_OODA_WORKER_START
[2026-08-07T16:34:02.919830+00:00] TRELLO_STATUS_UPDATED 6a7499631c1a36043e1059e2 [P1] Sir Green: add /api/security-docs route to dashboard_server.py
[2026-08-07T16:34:02.921459+00:00] CONTINUOUS_OODA_WORKER_COMPLETE
[2026-08-07T16:34:06.538064+00:00] CONTINUOUS_OODA_WORKER_START
[2026-08-07T16:34:10.598658+00:00] TRELLO_STATUS_UPDATED 6a738887a9af207d20987848 🔑 Set up PINKCADY GitHub auth for toruscoffeecompany repos
[2026-08-07T16:34:10.599709+00:00] CONTINUOUS_OODA_WORKER_COMPLETE
[2026-08-07T16:37:52.200075+00:00] CONTINUOUS_OODA_WORKER_START
[2026-08-07T16:37:56.189501+00:00] TRELLO_STATUS_UPDATED 6a70c2e7c2bff8d0aac51714 Square Developer account setup walkthrough
[2026-08-07T16:37:56.190711+00:00] CONTINUOUS_OODA_WORKER_COMPLETE
[2026-08-07T16:43:42.405377+00:00] CONTINUOUS_OODA_WORKER_START
[2026-08-07T16:43:44.324654+00:00] TRELLO_STATUS_UPDATED 6a717fb9e7f9706afc72de74 torus-inventory deployment blocked
[2026-08-07T16:43:44.325709+00:00] CONTINUOUS_OODA_WORKER_COMPLETE
[2026-08-07T16:43:47.583809+00:00] CONTINUOUS_OODA_WORKER_START
[2026-08-07T16:43:51.422174+00:00] TRELLO_STATUS_UPDATED 6a712fab76212a7d0361f7cb Set revenue milestone: first dollar from any stream
[2026-08-07T16:43:51.423294+00:00] CONTINUOUS_OODA_WORKER_COMPLETE
[2026-08-07T16:43:54.686092+00:00] CONTINUOUS_OODA_WORKER_START
[2026-08-07T16:44:00.833834+00:00] TRELLO_STATUS_UPDATED 6a712fac7a8a9649b153e078 Set revenue milestone: first paid tool upgrade
[2026-08-07T16:44:00.834953+00:00] CONTINUOUS_OODA_WORKER_COMPLETE
[2026-08-07T16:44:04.164242+00:00] CONTINUOUS_OODA_WORKER_START
[2026-08-07T16:44:09.584989+00:00] TRELLO_STATUS_UPDATED 6a7499631c1a36043e1059e2 [P1] Sir Green: add /api/security-docs route to dashboard_server.py
[2026-08-07T16:44:09.586022+00:00] CONTINUOUS_OODA_WORKER_COMPLETE
[2026-08-07T16:44:12.841042+00:00] CONTINUOUS_OODA_WORKER_START
[2026-08-07T16:44:17.310420+00:00] TRELLO_STATUS_UPDATED 6a738887a9af207d20987848 🔑 Set up PINKCADY GitHub auth for toruscoffeecompany repos
[2026-08-07T16:44:17.311475+00:00] CONTINUOUS_OODA_WORKER_COMPLETE
[2026-08-07T16:44:20.579540+00:00] CONTINUOUS_OODA_WORKER_START
[2026-08-07T16:44:24.641485+00:00] TRELLO_STATUS_UPDATED 6a73c1df44ddb17b0142b8c9 🐳 Sir Azure: ComfyUI/Redis/MinIO/Postgres/Nginx on SQUIDSTATION
[2026-08-07T16:44:24.642482+00:00] CONTINUOUS_OODA_WORKER_COMPLETE
[2026-08-07T16:44:27.888824+00:00] CONTINUOUS_OODA_WORKER_START
[2026-08-07T16:44:31.660989+00:00] TRELLO_STATUS_UPDATED 6a752e3da134f0acb0d5e8d8 Miss Pink: build hive-mind mesh automation bridge for SQUIDSTATION/PINKCADY/STEALTHATTACK
[2026-08-07T16:44:31.662672+00:00] CONTINUOUS_OODA_WORKER_COMPLETE
[2026-08-07T16:44:34.950905+00:00] CONTINUOUS_OODA_WORKER_START
[2026-08-07T16:44:39.547572+00:00] TRELLO_STATUS_UPDATED 6a752e3eff4d9d4cca8945a1 Fleet: deploy fleet_comms_watcher on SQUIDSTATION/PINKCADY/STEALTHATTACK
[2026-08-07T16:44:39.548673+00:00] CONTINUOUS_OODA_WORKER_COMPLETE
[2026-08-07T16:44:42.864150+00:00] CONTINUOUS_OODA_WORKER_START
[2026-08-07T16:44:46.875587+00:00] TRELLO_STATUS_UPDATED 6a712bc79bc50687e977187a Deploy website to free hosting
[2026-08-07T16:44:46.876596+00:00] CONTINUOUS_OODA_WORKER_COMPLETE
[2026-08-07T16:44:50.130940+00:00] CONTINUOUS_OODA_WORKER_START
[2026-08-07T16:45:11.369369+00:00] TRELLO_STATUS_UPDATED 6a737f7e79118dbc2544542a 📡 Add Cosmos Library update watcher without cloning Squidstation vault
[2026-08-07T16:45:11.370667+00:00] CONTINUOUS_OODA_WORKER_COMPLETE
[2026-08-07T16:45:14.624810+00:00] CONTINUOUS_OODA_WORKER_START
[2026-08-07T16:45:35.260560+00:00] TRELLO_STATUS_UPDATED 6a71b462b21cd08f9f3f6eb9 Master OODA Execution Tasklist — P0-P3
[2026-08-07T16:45:35.261567+00:00] CONTINUOUS_OODA_WORKER_COMPLETE
[2026-08-07T16:45:38.510518+00:00] CONTINUOUS_OODA_WORKER_START
[2026-08-07T16:45:59.962324+00:00] TRELLO_STATUS_UPDATED 6a758914570bb5e64769122a 📨 [INBOX] STATUS UPDATE DASHBOARD 8080 FIXED PLUGIN AUDIT PENDING AND DISCORD TOKEN BLOCKER 20260806T024500Z sirgreen.msg
[2026-08-07T16:45:59.964335+00:00] CONTINUOUS_OODA_WORKER_COMPLETE
[2026-08-07T16:46:03.312168+00:00] CONTINUOUS_OODA_WORKER_START
[2026-08-07T16:46:25.040798+00:00] TRELLO_STATUS_UPDATED 6a758916afae5cf53ccccf33 📨 [INBOX] miss gordon docker blockers sirgreen 20260806
[2026-08-07T16:46:25.041902+00:00] CONTINUOUS_OODA_WORKER_COMPLETE
[2026-08-07T16:46:28.310291+00:00] CONTINUOUS_OODA_WORKER_START
[2026-08-07T16:46:49.670927+00:00] TRELLO_STATUS_UPDATED 6a7589189ca085ca8dce78a8 📨 [INBOX] trello api 401 invalid key blocker sirazure 20260806
[2026-08-07T16:46:49.671982+00:00] CONTINUOUS_OODA_WORKER_COMPLETE
[2026-08-07T16:46:52.941016+00:00] CONTINUOUS_OODA_WORKER_START
[2026-08-07T16:47:14.055322+00:00] TRELLO_STATUS_UPDATED 6a758919687b61bbb3db9255 📨 [INBOX] trello api 401 invalid key blocker sirgreen 20260806
[2026-08-07T16:47:14.056499+00:00] CONTINUOUS_OODA_WORKER_COMPLETE
[2026-08-07T16:47:17.374333+00:00] CONTINUOUS_OODA_WORKER_START
[2026-08-07T16:47:39.224201+00:00] TRELLO_STATUS_UPDATED 6a75891fe2e1acad47a8101d 📨 [INBOX] sirgreen docker deep dive urgent sirgreen 20260806
[2026-08-07T16:47:39.225549+00:00] CONTINUOUS_OODA_WORKER_COMPLETE
[2026-08-07T16:47:42.485211+00:00] CONTINUOUS_OODA_WORKER_START
[2026-08-07T16:48:03.669117+00:00] TRELLO_STATUS_UPDATED 6a7589217259b91d11ae66f1 📨 [INBOX] sirazure re docker urgent findings sirazure 20260806
[2026-08-07T16:48:03.670335+00:00] CONTINUOUS_OODA_WORKER_COMPLETE
[2026-08-07T16:48:07.074270+00:00] CONTINUOUS_OODA_WORKER_START
[2026-08-07T16:48:11.310122+00:00] TRELLO_STATUS_UPDATED 6a70c2e7c2bff8d0aac51714 Square Developer account setup walkthrough
[2026-08-07T16:48:11.311997+00:00] CONTINUOUS_OODA_WORKER_COMPLETE
[2026-08-07T16:48:14.618989+00:00] CONTINUOUS_OODA_WORKER_START
[2026-08-07T16:48:36.391009+00:00] TRELLO_STATUS_UPDATED 6a713b0f7fec1de4568f6906 DEPLOY.md created
[2026-08-07T16:48:36.392094+00:00] CONTINUOUS_OODA_WORKER_COMPLETE
[2026-08-07T16:48:39.630389+00:00] CONTINUOUS_OODA_WORKER_START
[2026-08-07T16:49:01.988735+00:00] TRELLO_STATUS_UPDATED 6a73e04f545d92a2f50c5f3f 🔁 [P2] Self-healing automation daemon
[2026-08-07T16:49:01.990099+00:00] CONTINUOUS_OODA_WORKER_COMPLETE
[2026-08-07T16:49:05.408916+00:00] CONTINUOUS_OODA_WORKER_START
[2026-08-07T16:49:27.140786+00:00] TRELLO_STATUS_UPDATED 6a742142c4eea9f50d2c583b [P2] DEPLOYMENT_RUNBOOK.md
[2026-08-07T16:49:27.142132+00:00] CONTINUOUS_OODA_WORKER_COMPLETE
[2026-08-07T16:49:30.432784+00:00] CONTINUOUS_OODA_WORKER_START
[2026-08-07T16:49:50.854505+00:00] TRELLO_STATUS_UPDATED 6a737f7c8714ca5b28fb892e 🧭 Wire Miss Pink persona attributes into vault docs/automation
[2026-08-07T16:49:50.855421+00:00] CONTINUOUS_OODA_WORKER_COMPLETE
[2026-08-07T16:49:54.124146+00:00] CONTINUOUS_OODA_WORKER_START
[2026-08-07T16:50:17.431385+00:00] TRELLO_STATUS_UPDATED 6a70fd5df386c9b9c9509813 Research free automation tools (Zapier/Make/n8n)
[2026-08-07T16:50:17.433103+00:00] CONTINUOUS_OODA_WORKER_COMPLETE
[2026-08-07T16:50:20.756423+00:00] CONTINUOUS_OODA_WORKER_START
[2026-08-07T16:50:42.489331+00:00] TRELLO_STATUS_UPDATED 6a715c01e0c5b1f394020f9a Choose payment processor alternative
[2026-08-07T16:50:42.490619+00:00] CONTINUOUS_OODA_WORKER_COMPLETE
[2026-08-07T16:50:45.731242+00:00] CONTINUOUS_OODA_WORKER_START
[2026-08-07T16:51:06.989416+00:00] TRELLO_STATUS_UPDATED 6a70da7ce5231e90cb0dd18e Trello Sync Automation
[2026-08-07T16:51:06.990714+00:00] CONTINUOUS_OODA_WORKER_COMPLETE
[2026-08-07T16:51:10.474006+00:00] CONTINUOUS_OODA_WORKER_START
[2026-08-07T16:51:32.047640+00:00] TRELLO_STATUS_UPDATED 6a714260e16bb14c1e238e8e Updated daily_ops_automation.py
[2026-08-07T16:51:32.048709+00:00] CONTINUOUS_OODA_WORKER_COMPLETE
[2026-08-07T16:51:35.325174+00:00] CONTINUOUS_OODA_WORKER_START
[2026-08-07T16:51:57.497415+00:00] TRELLO_STATUS_UPDATED 6a7185ee9623f3429b2bbbae SIR_GREEN_DEPLOYMENT_PROMPT created
[2026-08-07T16:51:57.499175+00:00] CONTINUOUS_OODA_WORKER_COMPLETE
[2026-08-07T16:52:00.835596+00:00] CONTINUOUS_OODA_WORKER_START
[2026-08-07T16:52:22.848753+00:00] TRELLO_STATUS_UPDATED 6a7124371696c8171433b8fe Bug hunt weekly_review_automation.py
[2026-08-07T16:52:22.849897+00:00] CONTINUOUS_OODA_WORKER_COMPLETE
[2026-08-07T16:52:26.092720+00:00] CONTINUOUS_OODA_WORKER_START
[2026-08-07T16:52:47.581623+00:00] TRELLO_STATUS_UPDATED 6a712438ca3780f35985256d Update 00_Vault_Home.md with build status
[2026-08-07T16:52:47.582740+00:00] CONTINUOUS_OODA_WORKER_COMPLETE
[2026-08-07T16:52:50.836031+00:00] CONTINUOUS_OODA_WORKER_START
[2026-08-07T16:53:12.647850+00:00] TRELLO_STATUS_UPDATED 6a7157f290ff88a1b31ae1c8 US Bank account automation — CSV → Wave → categorization
[2026-08-07T16:53:12.649431+00:00] CONTINUOUS_OODA_WORKER_COMPLETE
[2026-08-07T16:53:15.943884+00:00] CONTINUOUS_OODA_WORKER_START
[2026-08-07T16:53:37.589283+00:00] TRELLO_STATUS_UPDATED 6a715c0370ee36715d579861 Full automation audit complete
[2026-08-07T16:53:37.590353+00:00] CONTINUOUS_OODA_WORKER_COMPLETE
[2026-08-07T16:53:40.879462+00:00] CONTINUOUS_OODA_WORKER_START
[2026-08-07T16:54:04.242861+00:00] TRELLO_STATUS_UPDATED 6a71242b3f23db4fb69d6f7c Wire Buffer API into buffer_automation.py
[2026-08-07T16:54:04.244238+00:00] CONTINUOUS_OODA_WORKER_COMPLETE
[2026-08-07T16:54:07.602985+00:00] CONTINUOUS_OODA_WORKER_START
[2026-08-07T16:54:11.541945+00:00] TRELLO_STATUS_UPDATED 6a712fab76212a7d0361f7cb Set revenue milestone: first dollar from any stream
[2026-08-07T16:54:11.542775+00:00] CONTINUOUS_OODA_WORKER_COMPLETE
[2026-08-07T16:54:14.807078+00:00] CONTINUOUS_OODA_WORKER_START
[2026-08-07T16:54:18.881151+00:00] TRELLO_STATUS_UPDATED 6a7499631c1a36043e1059e2 [P1] Sir Green: add /api/security-docs route to dashboard_server.py
[2026-08-07T16:54:18.882047+00:00] CONTINUOUS_OODA_WORKER_COMPLETE
[2026-08-07T16:54:22.143012+00:00] CONTINUOUS_OODA_WORKER_START
[2026-08-07T16:54:26.181760+00:00] TRELLO_STATUS_UPDATED 6a738887a9af207d20987848 🔑 Set up PINKCADY GitHub auth for toruscoffeecompany repos
[2026-08-07T16:54:26.182756+00:00] CONTINUOUS_OODA_WORKER_COMPLETE
[2026-08-07T16:54:29.436607+00:00] CONTINUOUS_OODA_WORKER_START
[2026-08-07T16:54:33.457635+00:00] TRELLO_STATUS_UPDATED 6a712fac7a8a9649b153e078 Set revenue milestone: first paid tool upgrade
[2026-08-07T16:54:33.458530+00:00] CONTINUOUS_OODA_WORKER_COMPLETE
[2026-08-07T16:54:36.715226+00:00] CONTINUOUS_OODA_WORKER_START
[2026-08-07T16:54:40.527948+00:00] TRELLO_STATUS_UPDATED 6a73c1df44ddb17b0142b8c9 🐳 Sir Azure: ComfyUI/Redis/MinIO/Postgres/Nginx on SQUIDSTATION
[2026-08-07T16:54:40.529170+00:00] CONTINUOUS_OODA_WORKER_COMPLETE
[2026-08-07T16:54:43.815047+00:00] CONTINUOUS_OODA_WORKER_START
[2026-08-07T16:54:47.674605+00:00] TRELLO_STATUS_UPDATED 6a752e3da134f0acb0d5e8d8 Miss Pink: build hive-mind mesh automation bridge for SQUIDSTATION/PINKCADY/STEALTHATTACK
[2026-08-07T16:54:47.675467+00:00] CONTINUOUS_OODA_WORKER_COMPLETE
[2026-08-07T16:54:50.980011+00:00] CONTINUOUS_OODA_WORKER_START
[2026-08-07T16:54:55.035058+00:00] TRELLO_STATUS_UPDATED 6a752e3eff4d9d4cca8945a1 Fleet: deploy fleet_comms_watcher on SQUIDSTATION/PINKCADY/STEALTHATTACK
[2026-08-07T16:54:55.035915+00:00] CONTINUOUS_OODA_WORKER_COMPLETE
[2026-08-07T16:54:58.318353+00:00] CONTINUOUS_OODA_WORKER_START
[2026-08-07T16:55:02.623335+00:00] TRELLO_STATUS_UPDATED 6a712bc79bc50687e977187a Deploy website to free hosting
[2026-08-07T16:55:02.624598+00:00] CONTINUOUS_OODA_WORKER_COMPLETE
[2026-08-07T16:55:05.994250+00:00] CONTINUOUS_OODA_WORKER_START
[2026-08-07T16:55:27.909113+00:00] TRELLO_STATUS_UPDATED 6a71242c76ca67e9e4de6505 Wire Zapier webhook into zapier_automation.py
[2026-08-07T16:55:27.909981+00:00] CONTINUOUS_OODA_WORKER_COMPLETE
[2026-08-07T16:55:31.168759+00:00] CONTINUOUS_OODA_WORKER_START
[2026-08-07T16:55:52.468232+00:00] TRELLO_STATUS_UPDATED 6a737f7e79118dbc2544542a 📡 Add Cosmos Library update watcher without cloning Squidstation vault
[2026-08-07T16:55:52.469499+00:00] CONTINUOUS_OODA_WORKER_COMPLETE
[2026-08-07T16:55:55.727148+00:00] CONTINUOUS_OODA_WORKER_START
[2026-08-07T16:56:17.837044+00:00] TRELLO_STATUS_UPDATED 6a71b462b21cd08f9f3f6eb9 Master OODA Execution Tasklist — P0-P3
[2026-08-07T16:56:17.837912+00:00] CONTINUOUS_OODA_WORKER_COMPLETE
[2026-08-07T16:56:21.120015+00:00] CONTINUOUS_OODA_WORKER_START
[2026-08-07T16:56:42.310481+00:00] TRELLO_STATUS_UPDATED 6a758914570bb5e64769122a 📨 [INBOX] STATUS UPDATE DASHBOARD 8080 FIXED PLUGIN AUDIT PENDING AND DISCORD TOKEN BLOCKER 20260806T024500Z sirgreen.msg
[2026-08-07T16:56:42.311374+00:00] CONTINUOUS_OODA_WORKER_COMPLETE
[2026-08-07T16:56:45.581408+00:00] CONTINUOUS_OODA_WORKER_START
[2026-08-07T16:57:07.784876+00:00] TRELLO_STATUS_UPDATED 6a758916afae5cf53ccccf33 📨 [INBOX] miss gordon docker blockers sirgreen 20260806
[2026-08-07T16:57:07.786240+00:00] CONTINUOUS_OODA_WORKER_COMPLETE
[2026-08-07T16:57:11.114589+00:00] CONTINUOUS_OODA_WORKER_START
[2026-08-07T16:57:33.297483+00:00] TRELLO_STATUS_UPDATED 6a7589189ca085ca8dce78a8 📨 [INBOX] trello api 401 invalid key blocker sirazure 20260806
[2026-08-07T16:57:33.298826+00:00] CONTINUOUS_OODA_WORKER_COMPLETE
[2026-08-07T16:57:36.554700+00:00] CONTINUOUS_OODA_WORKER_START
[2026-08-07T16:57:57.818133+00:00] TRELLO_STATUS_UPDATED 6a758919687b61bbb3db9255 📨 [INBOX] trello api 401 invalid key blocker sirgreen 20260806
[2026-08-07T16:57:57.819070+00:00] CONTINUOUS_OODA_WORKER_COMPLETE
[2026-08-07T16:58:01.166788+00:00] CONTINUOUS_OODA_WORKER_START
[2026-08-07T16:58:22.578760+00:00] TRELLO_STATUS_UPDATED 6a75891fe2e1acad47a8101d 📨 [INBOX] sirgreen docker deep dive urgent sirgreen 20260806
[2026-08-07T16:58:22.580105+00:00] CONTINUOUS_OODA_WORKER_COMPLETE
[2026-08-07T16:58:25.898540+00:00] CONTINUOUS_OODA_WORKER_START
[2026-08-07T16:58:29.626646+00:00] TRELLO_STATUS_UPDATED 6a70c2e7c2bff8d0aac51714 Square Developer account setup walkthrough
[2026-08-07T16:58:29.627920+00:00] CONTINUOUS_OODA_WORKER_COMPLETE
[2026-08-07T16:58:32.977324+00:00] CONTINUOUS_OODA_WORKER_START
[2026-08-07T16:58:54.097137+00:00] TRELLO_STATUS_UPDATED 6a7589217259b91d11ae66f1 📨 [INBOX] sirazure re docker urgent findings sirazure 20260806
[2026-08-07T16:58:54.098110+00:00] CONTINUOUS_OODA_WORKER_COMPLETE
[2026-08-07T16:58:57.431071+00:00] CONTINUOUS_OODA_WORKER_START
[2026-08-07T16:59:19.249071+00:00] TRELLO_STATUS_UPDATED 6a713b0f7fec1de4568f6906 DEPLOY.md created
[2026-08-07T16:59:19.250279+00:00] CONTINUOUS_OODA_WORKER_COMPLETE
[2026-08-07T16:59:22.597453+00:00] CONTINUOUS_OODA_WORKER_START
[2026-08-07T16:59:45.032229+00:00] TRELLO_STATUS_UPDATED 6a73e04f545d92a2f50c5f3f 🔁 [P2] Self-healing automation daemon
[2026-08-07T16:59:45.033228+00:00] CONTINUOUS_OODA_WORKER_COMPLETE
[2026-08-07T16:59:48.307504+00:00] CONTINUOUS_OODA_WORKER_START
[2026-08-07T17:00:11.331618+00:00] TRELLO_STATUS_UPDATED 6a742142c4eea9f50d2c583b [P2] DEPLOYMENT_RUNBOOK.md
[2026-08-07T17:00:11.332718+00:00] CONTINUOUS_OODA_WORKER_COMPLETE
[2026-08-07T17:00:14.618592+00:00] CONTINUOUS_OODA_WORKER_START
[2026-08-07T17:00:38.388639+00:00] TRELLO_STATUS_UPDATED 6a737f7c8714ca5b28fb892e 🧭 Wire Miss Pink persona attributes into vault docs/automation
[2026-08-07T17:00:38.389840+00:00] CONTINUOUS_OODA_WORKER_COMPLETE
[2026-08-07T17:00:41.683931+00:00] CONTINUOUS_OODA_WORKER_START
[2026-08-07T17:01:07.209199+00:00] TRELLO_STATUS_UPDATED 6a70fd5df386c9b9c9509813 Research free automation tools (Zapier/Make/n8n)
[2026-08-07T17:01:07.210699+00:00] CONTINUOUS_OODA_WORKER_COMPLETE
[2026-08-07T17:01:10.549535+00:00] CONTINUOUS_OODA_WORKER_START
[2026-08-07T17:01:13.725425+00:00] TRELLO_STATUS_UPDATED 6a717fb9e7f9706afc72de74 torus-inventory deployment blocked
[2026-08-07T17:01:13.726436+00:00] CONTINUOUS_OODA_WORKER_COMPLETE
[2026-08-07T17:01:17.018128+00:00] CONTINUOUS_OODA_WORKER_START
[2026-08-07T17:01:40.830230+00:00] TRELLO_STATUS_UPDATED 6a715c01e0c5b1f394020f9a Choose payment processor alternative
[2026-08-07T17:01:40.831272+00:00] CONTINUOUS_OODA_WORKER_COMPLETE
[2026-08-07T17:01:44.159269+00:00] CONTINUOUS_OODA_WORKER_START
[2026-08-07T17:02:08.797536+00:00] TRELLO_STATUS_UPDATED 6a70da7ce5231e90cb0dd18e Trello Sync Automation
[2026-08-07T17:02:08.798947+00:00] CONTINUOUS_OODA_WORKER_COMPLETE
[2026-08-07T17:02:12.148603+00:00] CONTINUOUS_OODA_WORKER_START
[2026-08-07T17:02:36.136250+00:00] TRELLO_STATUS_UPDATED 6a714260e16bb14c1e238e8e Updated daily_ops_automation.py
[2026-08-07T17:02:36.137318+00:00] CONTINUOUS_OODA_WORKER_COMPLETE
[2026-08-07T17:02:39.375220+00:00] CONTINUOUS_OODA_WORKER_START
[2026-08-07T17:03:02.595021+00:00] TRELLO_STATUS_UPDATED 6a7185ee9623f3429b2bbbae SIR_GREEN_DEPLOYMENT_PROMPT created
[2026-08-07T17:03:02.596112+00:00] CONTINUOUS_OODA_WORKER_COMPLETE
[2026-08-07T17:03:06.013013+00:00] CONTINUOUS_OODA_WORKER_START
[2026-08-07T17:03:28.167341+00:00] TRELLO_STATUS_UPDATED 6a7124371696c8171433b8fe Bug hunt weekly_review_automation.py
[2026-08-07T17:03:28.168410+00:00] CONTINUOUS_OODA_WORKER_COMPLETE
[2026-08-07T17:03:31.475870+00:00] CONTINUOUS_OODA_WORKER_START
[2026-08-07T17:03:54.713023+00:00] TRELLO_STATUS_UPDATED 6a712438ca3780f35985256d Update 00_Vault_Home.md with build status
[2026-08-07T17:03:54.713990+00:00] CONTINUOUS_OODA_WORKER_COMPLETE
[2026-08-07T17:03:57.975185+00:00] CONTINUOUS_OODA_WORKER_START
[2026-08-07T17:04:21.211975+00:00] TRELLO_STATUS_UPDATED 6a7157f290ff88a1b31ae1c8 US Bank account automation — CSV → Wave → categorization
[2026-08-07T17:04:21.213026+00:00] CONTINUOUS_OODA_WORKER_COMPLETE
[2026-08-07T17:04:24.485399+00:00] CONTINUOUS_OODA_WORKER_START
[2026-08-07T17:04:28.510695+00:00] TRELLO_STATUS_UPDATED 6a7499631c1a36043e1059e2 [P1] Sir Green: add /api/security-docs route to dashboard_server.py
[2026-08-07T17:04:28.511741+00:00] CONTINUOUS_OODA_WORKER_COMPLETE
[2026-08-07T17:04:31.806681+00:00] CONTINUOUS_OODA_WORKER_START
[2026-08-07T17:04:35.605179+00:00] TRELLO_STATUS_UPDATED 6a738887a9af207d20987848 🔑 Set up PINKCADY GitHub auth for toruscoffeecompany repos
[2026-08-07T17:04:35.606034+00:00] CONTINUOUS_OODA_WORKER_COMPLETE
[2026-08-07T17:04:38.887651+00:00] CONTINUOUS_OODA_WORKER_START
[2026-08-07T17:04:42.636172+00:00] TRELLO_STATUS_UPDATED 6a712fab76212a7d0361f7cb Set revenue milestone: first dollar from any stream
[2026-08-07T17:04:42.637078+00:00] CONTINUOUS_OODA_WORKER_COMPLETE
[2026-08-07T17:04:45.913754+00:00] CONTINUOUS_OODA_WORKER_START
[2026-08-07T17:04:50.372363+00:00] TRELLO_STATUS_UPDATED 6a712fac7a8a9649b153e078 Set revenue milestone: first paid tool upgrade
[2026-08-07T17:04:50.373372+00:00] CONTINUOUS_OODA_WORKER_COMPLETE
[2026-08-07T17:04:53.665421+00:00] CONTINUOUS_OODA_WORKER_START
[2026-08-07T17:04:57.701670+00:00] TRELLO_STATUS_UPDATED 6a73c1df44ddb17b0142b8c9 🐳 Sir Azure: ComfyUI/Redis/MinIO/Postgres/Nginx on SQUIDSTATION
[2026-08-07T17:04:57.702719+00:00] CONTINUOUS_OODA_WORKER_COMPLETE
[2026-08-07T17:05:01.156606+00:00] CONTINUOUS_OODA_WORKER_START
[2026-08-07T17:05:05.528799+00:00] TRELLO_STATUS_UPDATED 6a752e3da134f0acb0d5e8d8 Miss Pink: build hive-mind mesh automation bridge for SQUIDSTATION/PINKCADY/STEALTHATTACK
[2026-08-07T17:05:05.529891+00:00] CONTINUOUS_OODA_WORKER_COMPLETE
[2026-08-07T17:05:08.852177+00:00] CONTINUOUS_OODA_WORKER_START
[2026-08-07T17:05:13.394536+00:00] TRELLO_STATUS_UPDATED 6a752e3eff4d9d4cca8945a1 Fleet: deploy fleet_comms_watcher on SQUIDSTATION/PINKCADY/STEALTHATTACK
[2026-08-07T17:05:13.395629+00:00] CONTINUOUS_OODA_WORKER_COMPLETE
[2026-08-07T17:05:16.693365+00:00] CONTINUOUS_OODA_WORKER_START
[2026-08-07T17:05:20.906572+00:00] TRELLO_STATUS_UPDATED 6a712bc79bc50687e977187a Deploy website to free hosting
[2026-08-07T17:05:20.907847+00:00] CONTINUOUS_OODA_WORKER_COMPLETE
[2026-08-07T17:05:24.194214+00:00] CONTINUOUS_OODA_WORKER_START
[2026-08-07T17:05:45.845864+00:00] TRELLO_STATUS_UPDATED 6a715c0370ee36715d579861 Full automation audit complete
[2026-08-07T17:05:45.846735+00:00] CONTINUOUS_OODA_WORKER_COMPLETE
[2026-08-07T17:05:49.084370+00:00] CONTINUOUS_OODA_WORKER_START
[2026-08-07T17:06:10.737054+00:00] TRELLO_STATUS_UPDATED 6a71242b3f23db4fb69d6f7c Wire Buffer API into buffer_automation.py
[2026-08-07T17:06:10.738119+00:00] CONTINUOUS_OODA_WORKER_COMPLETE
[2026-08-07T17:06:14.007821+00:00] CONTINUOUS_OODA_WORKER_START
[2026-08-07T17:06:14.965239+00:00] TRELLO_ERROR: 404 Client Error: Not Found for url: https://api.trello.com/1/cards/6a737f7e79118dbc2544542a?key=TRELLO_KEY_REMOVED_SEE_CREDENTIAL_FILE&token=TRELLO_TOKEN_REMOVED_SEE_CREDENTIAL_FILE&idList=6a74cbd3aa052ed2b30c5644
[2026-08-07T17:06:16.735975+00:00] GITHUB_STATUS_UPDATED #22 🔐 Security hardening: DARPA-level hive mind mesh
[2026-08-07T17:06:16.736485+00:00] CONTINUOUS_OODA_WORKER_COMPLETE
[2026-08-07T17:06:19.989670+00:00] CONTINUOUS_OODA_WORKER_START
[2026-08-07T17:06:21.045445+00:00] TRELLO_ERROR: 404 Client Error: Not Found for url: https://api.trello.com/1/cards/6a737f7e79118dbc2544542a?key=TRELLO_KEY_REMOVED_SEE_CREDENTIAL_FILE&token=TRELLO_TOKEN_REMOVED_SEE_CREDENTIAL_FILE&idList=6a74cbd3aa052ed2b30c5644
[2026-08-07T17:06:22.673117+00:00] GITHUB_STATUS_UPDATED #14 Discord bot token wiring into crew_map.json/vault config
[2026-08-07T17:06:22.673589+00:00] CONTINUOUS_OODA_WORKER_COMPLETE
[2026-08-07T17:06:25.953250+00:00] CONTINUOUS_OODA_WORKER_START
[2026-08-07T17:06:27.100717+00:00] TRELLO_ERROR: 404 Client Error: Not Found for url: https://api.trello.com/1/cards/6a737f7e79118dbc2544542a?key=TRELLO_KEY_REMOVED_SEE_CREDENTIAL_FILE&token=TRELLO_TOKEN_REMOVED_SEE_CREDENTIAL_FILE&idList=6a74cbd3aa052ed2b30c5644
[2026-08-07T17:06:28.680464+00:00] GITHUB_STATUS_UPDATED #20 🤖 Sir Azure: Discord bot + Trello watcher automation
[2026-08-07T17:06:28.680915+00:00] CONTINUOUS_OODA_WORKER_COMPLETE
[2026-08-07T17:06:31.933817+00:00] CONTINUOUS_OODA_WORKER_START
[2026-08-07T17:06:33.629379+00:00] TRELLO_ERROR: 404 Client Error: Not Found for url: https://api.trello.com/1/cards/6a737f7e79118dbc2544542a?key=TRELLO_KEY_REMOVED_SEE_CREDENTIAL_FILE&token=TRELLO_TOKEN_REMOVED_SEE_CREDENTIAL_FILE&idList=6a74cbd3aa052ed2b30c5644
[2026-08-07T17:06:35.805911+00:00] GITHUB_STATUS_UPDATED #19 🚨 VOID Pirate Trading Co GitHub access BLOCKED (403)
[2026-08-07T17:06:35.806370+00:00] CONTINUOUS_OODA_WORKER_COMPLETE
[2026-08-07T17:06:39.113428+00:00] CONTINUOUS_OODA_WORKER_START
[2026-08-07T17:06:40.223877+00:00] TRELLO_ERROR: 404 Client Error: Not Found for url: https://api.trello.com/1/cards/6a737f7e79118dbc2544542a?key=TRELLO_KEY_REMOVED_SEE_CREDENTIAL_FILE&token=TRELLO_TOKEN_REMOVED_SEE_CREDENTIAL_FILE&idList=6a74cbd3aa052ed2b30c5644
[2026-08-07T17:06:42.930908+00:00] GITHUB_STATUS_UPDATED #22 🔐 Security hardening: DARPA-level hive mind mesh
[2026-08-07T17:06:42.931354+00:00] CONTINUOUS_OODA_WORKER_COMPLETE
[2026-08-07T17:06:45.740783+00:00] CONTINUOUS_OODA_WORKER_START
[2026-08-07T17:06:46.166332+00:00] CONTINUOUS_OODA_WORKER_START
[2026-08-07T17:06:46.778806+00:00] TRELLO_ERROR: 404 Client Error: Not Found for url: https://api.trello.com/1/cards/6a737f7e79118dbc2544542a?key=TRELLO_KEY_REMOVED_SEE_CREDENTIAL_FILE&token=TRELLO_TOKEN_REMOVED_SEE_CREDENTIAL_FILE&idList=6a74cbd3aa052ed2b30c5644
[2026-08-07T17:06:47.685987+00:00] TRELLO_ERROR: 404 Client Error: Not Found for url: https://api.trello.com/1/cards/6a737f7e79118dbc2544542a?key=TRELLO_KEY_REMOVED_SEE_CREDENTIAL_FILE&token=TRELLO_TOKEN_REMOVED_SEE_CREDENTIAL_FILE&idList=6a74cbd3aa052ed2b30c5644
[2026-08-07T17:06:48.457274+00:00] GITHUB_STATUS_UPDATED #14 Discord bot token wiring into crew_map.json/vault config
[2026-08-07T17:06:48.457725+00:00] CONTINUOUS_OODA_WORKER_COMPLETE
[2026-08-07T17:06:49.452576+00:00] GITHUB_STATUS_UPDATED #14 Discord bot token wiring into crew_map.json/vault config
[2026-08-07T17:06:49.453030+00:00] CONTINUOUS_OODA_WORKER_COMPLETE
[2026-08-07T17:06:52.696162+00:00] CONTINUOUS_OODA_WORKER_START
[2026-08-07T17:06:53.824157+00:00] TRELLO_ERROR: 404 Client Error: Not Found for url: https://api.trello.com/1/cards/6a737f7e79118dbc2544542a?key=TRELLO_KEY_REMOVED_SEE_CREDENTIAL_FILE&token=TRELLO_TOKEN_REMOVED_SEE_CREDENTIAL_FILE&idList=6a74cbd3aa052ed2b30c5644
[2026-08-07T17:06:55.787783+00:00] GITHUB_STATUS_UPDATED #20 🤖 Sir Azure: Discord bot + Trello watcher automation
[2026-08-07T17:06:55.788314+00:00] CONTINUOUS_OODA_WORKER_COMPLETE
[2026-08-07T17:06:59.030153+00:00] CONTINUOUS_OODA_WORKER_START
[2026-08-07T17:07:00.767891+00:00] TRELLO_ERROR: 404 Client Error: Not Found for url: https://api.trello.com/1/cards/6a737f7e79118dbc2544542a?key=TRELLO_KEY_REMOVED_SEE_CREDENTIAL_FILE&token=TRELLO_TOKEN_REMOVED_SEE_CREDENTIAL_FILE&idList=6a74cbd3aa052ed2b30c5644
[2026-08-07T17:07:02.469593+00:00] GITHUB_STATUS_UPDATED #19 🚨 VOID Pirate Trading Co GitHub access BLOCKED (403)
[2026-08-07T17:07:02.470584+00:00] CONTINUOUS_OODA_WORKER_COMPLETE
[2026-08-07T17:07:05.934196+00:00] CONTINUOUS_OODA_WORKER_START
[2026-08-07T17:07:06.994533+00:00] TRELLO_ERROR: 404 Client Error: Not Found for url: https://api.trello.com/1/cards/6a737f7e79118dbc2544542a?key=TRELLO_KEY_REMOVED_SEE_CREDENTIAL_FILE&token=TRELLO_TOKEN_REMOVED_SEE_CREDENTIAL_FILE&idList=6a74cbd3aa052ed2b30c5644
[2026-08-07T17:07:08.868289+00:00] GITHUB_STATUS_UPDATED #22 🔐 Security hardening: DARPA-level hive mind mesh
[2026-08-07T17:07:08.869029+00:00] CONTINUOUS_OODA_WORKER_COMPLETE
[2026-08-07T17:07:12.242432+00:00] CONTINUOUS_OODA_WORKER_START
[2026-08-07T17:07:13.321931+00:00] TRELLO_ERROR: 404 Client Error: Not Found for url: https://api.trello.com/1/cards/6a737f7e79118dbc2544542a?key=TRELLO_KEY_REMOVED_SEE_CREDENTIAL_FILE&token=TRELLO_TOKEN_REMOVED_SEE_CREDENTIAL_FILE&idList=6a74cbd3aa052ed2b30c5644
[2026-08-07T17:07:15.002327+00:00] GITHUB_STATUS_UPDATED #14 Discord bot token wiring into crew_map.json/vault config
[2026-08-07T17:07:15.002861+00:00] CONTINUOUS_OODA_WORKER_COMPLETE
[2026-08-07T17:07:18.265194+00:00] CONTINUOUS_OODA_WORKER_START
[2026-08-07T17:07:19.194967+00:00] TRELLO_ERROR: 404 Client Error: Not Found for url: https://api.trello.com/1/cards/6a737f7e79118dbc2544542a?key=TRELLO_KEY_REMOVED_SEE_CREDENTIAL_FILE&token=TRELLO_TOKEN_REMOVED_SEE_CREDENTIAL_FILE&idList=6a74cbd3aa052ed2b30c5644
[2026-08-07T17:07:21.063345+00:00] GITHUB_STATUS_UPDATED #20 🤖 Sir Azure: Discord bot + Trello watcher automation
[2026-08-07T17:07:21.063980+00:00] CONTINUOUS_OODA_WORKER_COMPLETE
[2026-08-07T17:07:24.305399+00:00] CONTINUOUS_OODA_WORKER_START
[2026-08-07T17:07:25.603070+00:00] TRELLO_ERROR: 404 Client Error: Not Found for url: https://api.trello.com/1/cards/6a737f7e79118dbc2544542a?key=TRELLO_KEY_REMOVED_SEE_CREDENTIAL_FILE&token=TRELLO_TOKEN_REMOVED_SEE_CREDENTIAL_FILE&idList=6a74cbd3aa052ed2b30c5644
[2026-08-07T17:07:27.374313+00:00] GITHUB_STATUS_UPDATED #19 🚨 VOID Pirate Trading Co GitHub access BLOCKED (403)
[2026-08-07T17:07:27.374789+00:00] CONTINUOUS_OODA_WORKER_COMPLETE
[2026-08-07T17:07:30.697594+00:00] CONTINUOUS_OODA_WORKER_START
[2026-08-07T17:07:31.865050+00:00] TRELLO_ERROR: 404 Client Error: Not Found for url: https://api.trello.com/1/cards/6a737f7e79118dbc2544542a?key=TRELLO_KEY_REMOVED_SEE_CREDENTIAL_FILE&token=TRELLO_TOKEN_REMOVED_SEE_CREDENTIAL_FILE&idList=6a74cbd3aa052ed2b30c5644
[2026-08-07T17:07:33.619203+00:00] GITHUB_STATUS_UPDATED #22 🔐 Security hardening: DARPA-level hive mind mesh
[2026-08-07T17:07:33.619719+00:00] CONTINUOUS_OODA_WORKER_COMPLETE
[2026-08-07T17:07:36.910088+00:00] CONTINUOUS_OODA_WORKER_START
[2026-08-07T17:07:37.812186+00:00] TRELLO_ERROR: 404 Client Error: Not Found for url: https://api.trello.com/1/cards/6a737f7e79118dbc2544542a?key=TRELLO_KEY_REMOVED_SEE_CREDENTIAL_FILE&token=TRELLO_TOKEN_REMOVED_SEE_CREDENTIAL_FILE&idList=6a74cbd3aa052ed2b30c5644
[2026-08-07T17:07:39.581676+00:00] GITHUB_STATUS_UPDATED #14 Discord bot token wiring into crew_map.json/vault config
[2026-08-07T17:07:39.582232+00:00] CONTINUOUS_OODA_WORKER_COMPLETE
[2026-08-07T17:07:42.832729+00:00] CONTINUOUS_OODA_WORKER_START
[2026-08-07T17:07:44.038974+00:00] TRELLO_ERROR: 404 Client Error: Not Found for url: https://api.trello.com/1/cards/6a737f7e79118dbc2544542a?key=TRELLO_KEY_REMOVED_SEE_CREDENTIAL_FILE&token=TRELLO_TOKEN_REMOVED_SEE_CREDENTIAL_FILE&idList=6a74cbd3aa052ed2b30c5644
[2026-08-07T17:07:45.759903+00:00] GITHUB_STATUS_UPDATED #20 🤖 Sir Azure: Discord bot + Trello watcher automation
[2026-08-07T17:07:45.760388+00:00] CONTINUOUS_OODA_WORKER_COMPLETE
[2026-08-07T17:07:48.994063+00:00] CONTINUOUS_OODA_WORKER_START
[2026-08-07T17:07:49.881992+00:00] TRELLO_ERROR: 404 Client Error: Not Found for url: https://api.trello.com/1/cards/6a737f7e79118dbc2544542a?key=TRELLO_KEY_REMOVED_SEE_CREDENTIAL_FILE&token=TRELLO_TOKEN_REMOVED_SEE_CREDENTIAL_FILE&idList=6a74cbd3aa052ed2b30c5644
[2026-08-07T17:07:51.692437+00:00] GITHUB_STATUS_UPDATED #19 🚨 VOID Pirate Trading Co GitHub access BLOCKED (403)
[2026-08-07T17:07:51.693120+00:00] CONTINUOUS_OODA_WORKER_COMPLETE
[2026-08-07T17:07:54.971846+00:00] CONTINUOUS_OODA_WORKER_START
[2026-08-07T17:07:56.250664+00:00] TRELLO_ERROR: 404 Client Error: Not Found for url: https://api.trello.com/1/cards/6a737f7e79118dbc2544542a?key=TRELLO_KEY_REMOVED_SEE_CREDENTIAL_FILE&token=TRELLO_TOKEN_REMOVED_SEE_CREDENTIAL_FILE&idList=6a74cbd3aa052ed2b30c5644
[2026-08-07T17:07:58.756870+00:00] GITHUB_STATUS_UPDATED #22 🔐 Security hardening: DARPA-level hive mind mesh
[2026-08-07T17:07:58.757296+00:00] CONTINUOUS_OODA_WORKER_COMPLETE
[2026-08-07T17:08:02.144308+00:00] CONTINUOUS_OODA_WORKER_START
[2026-08-07T17:08:04.012936+00:00] TRELLO_ERROR: 404 Client Error: Not Found for url: https://api.trello.com/1/cards/6a737f7e79118dbc2544542a?key=TRELLO_KEY_REMOVED_SEE_CREDENTIAL_FILE&token=TRELLO_TOKEN_REMOVED_SEE_CREDENTIAL_FILE&idList=6a74cbd3aa052ed2b30c5644
[2026-08-07T17:08:06.068435+00:00] GITHUB_STATUS_UPDATED #14 Discord bot token wiring into crew_map.json/vault config
[2026-08-07T17:08:06.068969+00:00] CONTINUOUS_OODA_WORKER_COMPLETE
[2026-08-07T17:08:09.376420+00:00] CONTINUOUS_OODA_WORKER_START
[2026-08-07T17:08:10.278551+00:00] TRELLO_ERROR: 404 Client Error: Not Found for url: https://api.trello.com/1/cards/6a737f7e79118dbc2544542a?key=TRELLO_KEY_REMOVED_SEE_CREDENTIAL_FILE&token=TRELLO_TOKEN_REMOVED_SEE_CREDENTIAL_FILE&idList=6a74cbd3aa052ed2b30c5644
[2026-08-07T17:08:12.312645+00:00] GITHUB_STATUS_UPDATED #20 🤖 Sir Azure: Discord bot + Trello watcher automation
[2026-08-07T17:08:12.313329+00:00] CONTINUOUS_OODA_WORKER_COMPLETE
[2026-08-07T17:08:15.611903+00:00] CONTINUOUS_OODA_WORKER_START
[2026-08-07T17:08:17.214614+00:00] TRELLO_ERROR: 404 Client Error: Not Found for url: https://api.trello.com/1/cards/6a737f7e79118dbc2544542a?key=TRELLO_KEY_REMOVED_SEE_CREDENTIAL_FILE&token=TRELLO_TOKEN_REMOVED_SEE_CREDENTIAL_FILE&idList=6a74cbd3aa052ed2b30c5644
[2026-08-07T17:08:19.197359+00:00] GITHUB_STATUS_UPDATED #19 🚨 VOID Pirate Trading Co GitHub access BLOCKED (403)
[2026-08-07T17:08:19.197854+00:00] CONTINUOUS_OODA_WORKER_COMPLETE
[2026-08-07T17:08:22.463351+00:00] CONTINUOUS_OODA_WORKER_START
[2026-08-07T17:08:23.581630+00:00] TRELLO_ERROR: 404 Client Error: Not Found for url: https://api.trello.com/1/cards/6a737f7e79118dbc2544542a?key=TRELLO_KEY_REMOVED_SEE_CREDENTIAL_FILE&token=TRELLO_TOKEN_REMOVED_SEE_CREDENTIAL_FILE&idList=6a74cbd3aa052ed2b30c5644
[2026-08-07T17:08:25.284915+00:00] GITHUB_STATUS_UPDATED #22 🔐 Security hardening: DARPA-level hive mind mesh
[2026-08-07T17:08:25.285385+00:00] CONTINUOUS_OODA_WORKER_COMPLETE
[2026-08-07T17:08:28.556095+00:00] CONTINUOUS_OODA_WORKER_START
[2026-08-07T17:08:29.967189+00:00] TRELLO_ERROR: 404 Client Error: Not Found for url: https://api.trello.com/1/cards/6a737f7e79118dbc2544542a?key=TRELLO_KEY_REMOVED_SEE_CREDENTIAL_FILE&token=TRELLO_TOKEN_REMOVED_SEE_CREDENTIAL_FILE&idList=6a74cbd3aa052ed2b30c5644
[2026-08-07T17:08:31.955540+00:00] GITHUB_STATUS_UPDATED #14 Discord bot token wiring into crew_map.json/vault config
[2026-08-07T17:08:31.956196+00:00] CONTINUOUS_OODA_WORKER_COMPLETE
[2026-08-07T17:08:35.261960+00:00] CONTINUOUS_OODA_WORKER_START
[2026-08-07T17:08:36.243595+00:00] TRELLO_ERROR: 404 Client Error: Not Found for url: https://api.trello.com/1/cards/6a737f7e79118dbc2544542a?key=TRELLO_KEY_REMOVED_SEE_CREDENTIAL_FILE&token=TRELLO_TOKEN_REMOVED_SEE_CREDENTIAL_FILE&idList=6a74cbd3aa052ed2b30c5644
[2026-08-07T17:08:38.145462+00:00] GITHUB_STATUS_UPDATED #20 🤖 Sir Azure: Discord bot + Trello watcher automation
[2026-08-07T17:08:38.145949+00:00] CONTINUOUS_OODA_WORKER_COMPLETE
[2026-08-07T17:08:41.411076+00:00] CONTINUOUS_OODA_WORKER_START
[2026-08-07T17:08:42.437443+00:00] TRELLO_ERROR: 404 Client Error: Not Found for url: https://api.trello.com/1/cards/6a737f7e79118dbc2544542a?key=TRELLO_KEY_REMOVED_SEE_CREDENTIAL_FILE&token=TRELLO_TOKEN_REMOVED_SEE_CREDENTIAL_FILE&idList=6a74cbd3aa052ed2b30c5644
[2026-08-07T17:08:44.397973+00:00] GITHUB_STATUS_UPDATED #19 🚨 VOID Pirate Trading Co GitHub access BLOCKED (403)
[2026-08-07T17:08:44.398423+00:00] CONTINUOUS_OODA_WORKER_COMPLETE
[2026-08-07T17:08:47.678498+00:00] CONTINUOUS_OODA_WORKER_START
[2026-08-07T17:08:48.838641+00:00] TRELLO_ERROR: 404 Client Error: Not Found for url: https://api.trello.com/1/cards/6a737f7e79118dbc2544542a?key=TRELLO_KEY_REMOVED_SEE_CREDENTIAL_FILE&token=TRELLO_TOKEN_REMOVED_SEE_CREDENTIAL_FILE&idList=6a74cbd3aa052ed2b30c5644
[2026-08-07T17:08:50.502751+00:00] GITHUB_STATUS_UPDATED #22 🔐 Security hardening: DARPA-level hive mind mesh
[2026-08-07T17:08:50.503226+00:00] CONTINUOUS_OODA_WORKER_COMPLETE
[2026-08-07T17:08:53.812098+00:00] CONTINUOUS_OODA_WORKER_START
[2026-08-07T17:08:54.818497+00:00] TRELLO_ERROR: 404 Client Error: Not Found for url: https://api.trello.com/1/cards/6a737f7e79118dbc2544542a?key=TRELLO_KEY_REMOVED_SEE_CREDENTIAL_FILE&token=TRELLO_TOKEN_REMOVED_SEE_CREDENTIAL_FILE&idList=6a74cbd3aa052ed2b30c5644
[2026-08-07T17:08:56.451113+00:00] GITHUB_STATUS_UPDATED #14 Discord bot token wiring into crew_map.json/vault config
[2026-08-07T17:08:56.452053+00:00] CONTINUOUS_OODA_WORKER_COMPLETE
[2026-08-07T17:08:59.720520+00:00] CONTINUOUS_OODA_WORKER_START
[2026-08-07T17:09:00.728117+00:00] TRELLO_ERROR: 404 Client Error: Not Found for url: https://api.trello.com/1/cards/6a737f7e79118dbc2544542a?key=TRELLO_KEY_REMOVED_SEE_CREDENTIAL_FILE&token=TRELLO_TOKEN_REMOVED_SEE_CREDENTIAL_FILE&idList=6a74cbd3aa052ed2b30c5644
[2026-08-07T17:09:02.712477+00:00] GITHUB_STATUS_UPDATED #20 🤖 Sir Azure: Discord bot + Trello watcher automation
[2026-08-07T17:09:02.723610+00:00] CONTINUOUS_OODA_WORKER_COMPLETE
[2026-08-07T17:09:06.240521+00:00] CONTINUOUS_OODA_WORKER_START
[2026-08-07T17:09:09.759249+00:00] TRELLO_ERROR: 404 Client Error: Not Found for url: https://api.trello.com/1/cards/6a737f7e79118dbc2544542a?key=TRELLO_KEY_REMOVED_SEE_CREDENTIAL_FILE&token=TRELLO_TOKEN_REMOVED_SEE_CREDENTIAL_FILE&idList=6a74cbd3aa052ed2b30c5644
[2026-08-07T17:09:11.772262+00:00] GITHUB_STATUS_UPDATED #19 🚨 VOID Pirate Trading Co GitHub access BLOCKED (403)
[2026-08-07T17:09:11.772855+00:00] CONTINUOUS_OODA_WORKER_COMPLETE
[2026-08-07T17:09:15.087735+00:00] CONTINUOUS_OODA_WORKER_START
[2026-08-07T17:09:16.058499+00:00] TRELLO_ERROR: 404 Client Error: Not Found for url: https://api.trello.com/1/cards/6a737f7e79118dbc2544542a?key=TRELLO_KEY_REMOVED_SEE_CREDENTIAL_FILE&token=TRELLO_TOKEN_REMOVED_SEE_CREDENTIAL_FILE&idList=6a74cbd3aa052ed2b30c5644
[2026-08-07T17:09:17.941892+00:00] GITHUB_STATUS_UPDATED #22 🔐 Security hardening: DARPA-level hive mind mesh
[2026-08-07T17:09:17.942358+00:00] CONTINUOUS_OODA_WORKER_COMPLETE
[2026-08-07T17:09:21.219137+00:00] CONTINUOUS_OODA_WORKER_START
[2026-08-07T17:09:22.214925+00:00] TRELLO_ERROR: 404 Client Error: Not Found for url: https://api.trello.com/1/cards/6a737f7e79118dbc2544542a?key=TRELLO_KEY_REMOVED_SEE_CREDENTIAL_FILE&token=TRELLO_TOKEN_REMOVED_SEE_CREDENTIAL_FILE&idList=6a74cbd3aa052ed2b30c5644
[2026-08-07T17:09:23.913187+00:00] GITHUB_STATUS_UPDATED #14 Discord bot token wiring into crew_map.json/vault config
[2026-08-07T17:09:23.913834+00:00] CONTINUOUS_OODA_WORKER_COMPLETE
[2026-08-07T17:09:27.193802+00:00] CONTINUOUS_OODA_WORKER_START
[2026-08-07T17:09:28.279050+00:00] TRELLO_ERROR: 404 Client Error: Not Found for url: https://api.trello.com/1/cards/6a737f7e79118dbc2544542a?key=TRELLO_KEY_REMOVED_SEE_CREDENTIAL_FILE&token=TRELLO_TOKEN_REMOVED_SEE_CREDENTIAL_FILE&idList=6a74cbd3aa052ed2b30c5644
[2026-08-07T17:09:30.676721+00:00] GITHUB_STATUS_UPDATED #20 🤖 Sir Azure: Discord bot + Trello watcher automation
[2026-08-07T17:09:30.677207+00:00] CONTINUOUS_OODA_WORKER_COMPLETE
[2026-08-07T17:09:33.973888+00:00] CONTINUOUS_OODA_WORKER_START
[2026-08-07T17:09:34.978822+00:00] TRELLO_ERROR: 404 Client Error: Not Found for url: https://api.trello.com/1/cards/6a737f7e79118dbc2544542a?key=TRELLO_KEY_REMOVED_SEE_CREDENTIAL_FILE&token=TRELLO_TOKEN_REMOVED_SEE_CREDENTIAL_FILE&idList=6a74cbd3aa052ed2b30c5644
[2026-08-07T17:09:37.043116+00:00] GITHUB_STATUS_UPDATED #19 🚨 VOID Pirate Trading Co GitHub access BLOCKED (403)
[2026-08-07T17:09:37.043590+00:00] CONTINUOUS_OODA_WORKER_COMPLETE
[2026-08-07T17:09:40.338878+00:00] CONTINUOUS_OODA_WORKER_START
[2026-08-07T17:09:41.410513+00:00] TRELLO_ERROR: 404 Client Error: Not Found for url: https://api.trello.com/1/cards/6a737f7e79118dbc2544542a?key=TRELLO_KEY_REMOVED_SEE_CREDENTIAL_FILE&token=TRELLO_TOKEN_REMOVED_SEE_CREDENTIAL_FILE&idList=6a74cbd3aa052ed2b30c5644
[2026-08-07T17:09:43.464455+00:00] GITHUB_STATUS_UPDATED #22 🔐 Security hardening: DARPA-level hive mind mesh
[2026-08-07T17:09:43.464966+00:00] CONTINUOUS_OODA_WORKER_COMPLETE
[2026-08-07T17:09:46.723355+00:00] CONTINUOUS_OODA_WORKER_START
[2026-08-07T17:09:47.682870+00:00] TRELLO_ERROR: 404 Client Error: Not Found for url: https://api.trello.com/1/cards/6a737f7e79118dbc2544542a?key=TRELLO_KEY_REMOVED_SEE_CREDENTIAL_FILE&token=TRELLO_TOKEN_REMOVED_SEE_CREDENTIAL_FILE&idList=6a74cbd3aa052ed2b30c5644
[2026-08-07T17:09:49.688297+00:00] GITHUB_STATUS_UPDATED #14 Discord bot token wiring into crew_map.json/vault config
[2026-08-07T17:09:49.688820+00:00] CONTINUOUS_OODA_WORKER_COMPLETE
[2026-08-07T17:09:53.007283+00:00] CONTINUOUS_OODA_WORKER_START
[2026-08-07T17:09:53.978720+00:00] TRELLO_ERROR: 404 Client Error: Not Found for url: https://api.trello.com/1/cards/6a737f7e79118dbc2544542a?key=TRELLO_KEY_REMOVED_SEE_CREDENTIAL_FILE&token=TRELLO_TOKEN_REMOVED_SEE_CREDENTIAL_FILE&idList=6a74cbd3aa052ed2b30c5644
[2026-08-07T17:09:56.177613+00:00] GITHUB_STATUS_UPDATED #20 🤖 Sir Azure: Discord bot + Trello watcher automation
[2026-08-07T17:09:56.178059+00:00] CONTINUOUS_OODA_WORKER_COMPLETE
[2026-08-07T17:09:59.459274+00:00] CONTINUOUS_OODA_WORKER_START
[2026-08-07T17:10:00.555948+00:00] TRELLO_ERROR: 404 Client Error: Not Found for url: https://api.trello.com/1/cards/6a737f7e79118dbc2544542a?key=TRELLO_KEY_REMOVED_SEE_CREDENTIAL_FILE&token=TRELLO_TOKEN_REMOVED_SEE_CREDENTIAL_FILE&idList=6a74cbd3aa052ed2b30c5644
[2026-08-07T17:10:02.822936+00:00] GITHUB_STATUS_UPDATED #19 🚨 VOID Pirate Trading Co GitHub access BLOCKED (403)
[2026-08-07T17:10:02.823428+00:00] CONTINUOUS_OODA_WORKER_COMPLETE
[2026-08-07T17:10:06.225482+00:00] CONTINUOUS_OODA_WORKER_START
[2026-08-07T17:10:07.387709+00:00] TRELLO_ERROR: 404 Client Error: Not Found for url: https://api.trello.com/1/cards/6a737f7e79118dbc2544542a?key=TRELLO_KEY_REMOVED_SEE_CREDENTIAL_FILE&token=TRELLO_TOKEN_REMOVED_SEE_CREDENTIAL_FILE&idList=6a74cbd3aa052ed2b30c5644
[2026-08-07T17:10:09.553853+00:00] GITHUB_STATUS_UPDATED #22 🔐 Security hardening: DARPA-level hive mind mesh
[2026-08-07T17:10:09.554332+00:00] CONTINUOUS_OODA_WORKER_COMPLETE
[2026-08-07T17:10:12.865748+00:00] CONTINUOUS_OODA_WORKER_START
[2026-08-07T17:10:14.433667+00:00] TRELLO_ERROR: 404 Client Error: Not Found for url: https://api.trello.com/1/cards/6a737f7e79118dbc2544542a?key=TRELLO_KEY_REMOVED_SEE_CREDENTIAL_FILE&token=TRELLO_TOKEN_REMOVED_SEE_CREDENTIAL_FILE&idList=6a74cbd3aa052ed2b30c5644
[2026-08-07T17:10:16.364410+00:00] GITHUB_STATUS_UPDATED #14 Discord bot token wiring into crew_map.json/vault config
[2026-08-07T17:10:16.364888+00:00] CONTINUOUS_OODA_WORKER_COMPLETE
[2026-08-07T17:10:19.742319+00:00] CONTINUOUS_OODA_WORKER_START
[2026-08-07T17:10:20.699865+00:00] TRELLO_ERROR: 404 Client Error: Not Found for url: https://api.trello.com/1/cards/6a737f7e79118dbc2544542a?key=TRELLO_KEY_REMOVED_SEE_CREDENTIAL_FILE&token=TRELLO_TOKEN_REMOVED_SEE_CREDENTIAL_FILE&idList=6a74cbd3aa052ed2b30c5644
[2026-08-07T17:10:22.488816+00:00] GITHUB_STATUS_UPDATED #20 🤖 Sir Azure: Discord bot + Trello watcher automation
[2026-08-07T17:10:22.489319+00:00] CONTINUOUS_OODA_WORKER_COMPLETE
[2026-08-07T17:10:25.749127+00:00] CONTINUOUS_OODA_WORKER_START
[2026-08-07T17:10:26.675854+00:00] TRELLO_ERROR: 404 Client Error: Not Found for url: https://api.trello.com/1/cards/6a737f7e79118dbc2544542a?key=TRELLO_KEY_REMOVED_SEE_CREDENTIAL_FILE&token=TRELLO_TOKEN_REMOVED_SEE_CREDENTIAL_FILE&idList=6a74cbd3aa052ed2b30c5644
[2026-08-07T17:10:28.777874+00:00] GITHUB_STATUS_UPDATED #19 🚨 VOID Pirate Trading Co GitHub access BLOCKED (403)
[2026-08-07T17:10:28.778492+00:00] CONTINUOUS_OODA_WORKER_COMPLETE
[2026-08-07T17:10:32.049264+00:00] CONTINUOUS_OODA_WORKER_START
[2026-08-07T17:10:32.996546+00:00] TRELLO_ERROR: 404 Client Error: Not Found for url: https://api.trello.com/1/cards/6a737f7e79118dbc2544542a?key=TRELLO_KEY_REMOVED_SEE_CREDENTIAL_FILE&token=TRELLO_TOKEN_REMOVED_SEE_CREDENTIAL_FILE&idList=6a74cbd3aa052ed2b30c5644
[2026-08-07T17:10:34.910676+00:00] GITHUB_STATUS_UPDATED #22 🔐 Security hardening: DARPA-level hive mind mesh
[2026-08-07T17:10:34.911403+00:00] CONTINUOUS_OODA_WORKER_COMPLETE
[2026-08-07T17:10:38.168852+00:00] CONTINUOUS_OODA_WORKER_START
[2026-08-07T17:10:39.331789+00:00] TRELLO_ERROR: 404 Client Error: Not Found for url: https://api.trello.com/1/cards/6a737f7e79118dbc2544542a?key=TRELLO_KEY_REMOVED_SEE_CREDENTIAL_FILE&token=TRELLO_TOKEN_REMOVED_SEE_CREDENTIAL_FILE&idList=6a74cbd3aa052ed2b30c5644
[2026-08-07T17:10:41.629233+00:00] GITHUB_STATUS_UPDATED #14 Discord bot token wiring into crew_map.json/vault config
[2026-08-07T17:10:41.629763+00:00] CONTINUOUS_OODA_WORKER_COMPLETE
[2026-08-07T17:10:44.903518+00:00] CONTINUOUS_OODA_WORKER_START
[2026-08-07T17:10:45.880112+00:00] TRELLO_ERROR: 404 Client Error: Not Found for url: https://api.trello.com/1/cards/6a737f7e79118dbc2544542a?key=TRELLO_KEY_REMOVED_SEE_CREDENTIAL_FILE&token=TRELLO_TOKEN_REMOVED_SEE_CREDENTIAL_FILE&idList=6a74cbd3aa052ed2b30c5644
[2026-08-07T17:10:47.593001+00:00] GITHUB_STATUS_UPDATED #20 🤖 Sir Azure: Discord bot + Trello watcher automation
[2026-08-07T17:10:47.593535+00:00] CONTINUOUS_OODA_WORKER_COMPLETE
[2026-08-07T17:10:50.867563+00:00] CONTINUOUS_OODA_WORKER_START
[2026-08-07T17:10:52.029590+00:00] TRELLO_ERROR: 404 Client Error: Not Found for url: https://api.trello.com/1/cards/6a737f7e79118dbc2544542a?key=TRELLO_KEY_REMOVED_SEE_CREDENTIAL_FILE&token=TRELLO_TOKEN_REMOVED_SEE_CREDENTIAL_FILE&idList=6a74cbd3aa052ed2b30c5644
[2026-08-07T17:10:54.115230+00:00] GITHUB_STATUS_UPDATED #19 🚨 VOID Pirate Trading Co GitHub access BLOCKED (403)
[2026-08-07T17:10:54.115669+00:00] CONTINUOUS_OODA_WORKER_COMPLETE
[2026-08-07T17:10:57.356728+00:00] CONTINUOUS_OODA_WORKER_START
[2026-08-07T17:10:58.378531+00:00] TRELLO_ERROR: 404 Client Error: Not Found for url: https://api.trello.com/1/cards/6a737f7e79118dbc2544542a?key=TRELLO_KEY_REMOVED_SEE_CREDENTIAL_FILE&token=TRELLO_TOKEN_REMOVED_SEE_CREDENTIAL_FILE&idList=6a74cbd3aa052ed2b30c5644
[2026-08-07T17:11:00.484863+00:00] GITHUB_STATUS_UPDATED #22 🔐 Security hardening: DARPA-level hive mind mesh
[2026-08-07T17:11:00.485376+00:00] CONTINUOUS_OODA_WORKER_COMPLETE
[2026-08-07T17:11:03.817543+00:00] CONTINUOUS_OODA_WORKER_START
[2026-08-07T17:11:04.805106+00:00] TRELLO_ERROR: 404 Client Error: Not Found for url: https://api.trello.com/1/cards/6a737f7e79118dbc2544542a?key=TRELLO_KEY_REMOVED_SEE_CREDENTIAL_FILE&token=TRELLO_TOKEN_REMOVED_SEE_CREDENTIAL_FILE&idList=6a74cbd3aa052ed2b30c5644
[2026-08-07T17:11:06.677840+00:00] GITHUB_STATUS_UPDATED #14 Discord bot token wiring into crew_map.json/vault config
[2026-08-07T17:11:06.678543+00:00] CONTINUOUS_OODA_WORKER_COMPLETE
[2026-08-07T17:11:10.001518+00:00] CONTINUOUS_OODA_WORKER_START
[2026-08-07T17:11:10.967603+00:00] TRELLO_ERROR: 404 Client Error: Not Found for url: https://api.trello.com/1/cards/6a737f7e79118dbc2544542a?key=TRELLO_KEY_REMOVED_SEE_CREDENTIAL_FILE&token=TRELLO_TOKEN_REMOVED_SEE_CREDENTIAL_FILE&idList=6a74cbd3aa052ed2b30c5644
[2026-08-07T17:11:12.639513+00:00] GITHUB_STATUS_UPDATED #20 🤖 Sir Azure: Discord bot + Trello watcher automation
[2026-08-07T17:11:12.640126+00:00] CONTINUOUS_OODA_WORKER_COMPLETE
[2026-08-07T17:11:15.918713+00:00] CONTINUOUS_OODA_WORKER_START
[2026-08-07T17:11:16.889352+00:00] TRELLO_ERROR: 404 Client Error: Not Found for url: https://api.trello.com/1/cards/6a737f7e79118dbc2544542a?key=TRELLO_KEY_REMOVED_SEE_CREDENTIAL_FILE&token=TRELLO_TOKEN_REMOVED_SEE_CREDENTIAL_FILE&idList=6a74cbd3aa052ed2b30c5644
[2026-08-07T17:11:18.718930+00:00] GITHUB_STATUS_UPDATED #19 🚨 VOID Pirate Trading Co GitHub access BLOCKED (403)
[2026-08-07T17:11:18.719400+00:00] CONTINUOUS_OODA_WORKER_COMPLETE
[2026-08-07T17:11:22.003584+00:00] CONTINUOUS_OODA_WORKER_START
[2026-08-07T17:11:23.007550+00:00] TRELLO_ERROR: 404 Client Error: Not Found for url: https://api.trello.com/1/cards/6a737f7e79118dbc2544542a?key=TRELLO_KEY_REMOVED_SEE_CREDENTIAL_FILE&token=TRELLO_TOKEN_REMOVED_SEE_CREDENTIAL_FILE&idList=6a74cbd3aa052ed2b30c5644
[2026-08-07T17:11:24.813816+00:00] GITHUB_STATUS_UPDATED #22 🔐 Security hardening: DARPA-level hive mind mesh
[2026-08-07T17:11:24.814337+00:00] CONTINUOUS_OODA_WORKER_COMPLETE
[2026-08-07T17:11:28.107996+00:00] CONTINUOUS_OODA_WORKER_START
[2026-08-07T17:11:29.099029+00:00] TRELLO_ERROR: 404 Client Error: Not Found for url: https://api.trello.com/1/cards/6a737f7e79118dbc2544542a?key=TRELLO_KEY_REMOVED_SEE_CREDENTIAL_FILE&token=TRELLO_TOKEN_REMOVED_SEE_CREDENTIAL_FILE&idList=6a74cbd3aa052ed2b30c5644
[2026-08-07T17:11:30.804832+00:00] GITHUB_STATUS_UPDATED #14 Discord bot token wiring into crew_map.json/vault config
[2026-08-07T17:11:30.805268+00:00] CONTINUOUS_OODA_WORKER_COMPLETE
[2026-08-07T17:11:34.072044+00:00] CONTINUOUS_OODA_WORKER_START
[2026-08-07T17:11:35.015395+00:00] TRELLO_ERROR: 404 Client Error: Not Found for url: https://api.trello.com/1/cards/6a737f7e79118dbc2544542a?key=TRELLO_KEY_REMOVED_SEE_CREDENTIAL_FILE&token=TRELLO_TOKEN_REMOVED_SEE_CREDENTIAL_FILE&idList=6a74cbd3aa052ed2b30c5644
[2026-08-07T17:11:37.016079+00:00] GITHUB_STATUS_UPDATED #20 🤖 Sir Azure: Discord bot + Trello watcher automation
[2026-08-07T17:11:37.016590+00:00] CONTINUOUS_OODA_WORKER_COMPLETE
[2026-08-07T17:11:40.254838+00:00] CONTINUOUS_OODA_WORKER_START
[2026-08-07T17:11:41.876030+00:00] TRELLO_ERROR: 404 Client Error: Not Found for url: https://api.trello.com/1/cards/6a737f7e79118dbc2544542a?key=TRELLO_KEY_REMOVED_SEE_CREDENTIAL_FILE&token=TRELLO_TOKEN_REMOVED_SEE_CREDENTIAL_FILE&idList=6a74cbd3aa052ed2b30c5644
[2026-08-07T17:11:43.963296+00:00] GITHUB_STATUS_UPDATED #19 🚨 VOID Pirate Trading Co GitHub access BLOCKED (403)
[2026-08-07T17:11:43.963842+00:00] CONTINUOUS_OODA_WORKER_COMPLETE
[2026-08-07T17:11:47.204146+00:00] CONTINUOUS_OODA_WORKER_START
[2026-08-07T17:11:48.313657+00:00] TRELLO_ERROR: 404 Client Error: Not Found for url: https://api.trello.com/1/cards/6a737f7e79118dbc2544542a?key=TRELLO_KEY_REMOVED_SEE_CREDENTIAL_FILE&token=TRELLO_TOKEN_REMOVED_SEE_CREDENTIAL_FILE&idList=6a74cbd3aa052ed2b30c5644
[2026-08-07T17:11:50.444556+00:00] GITHUB_STATUS_UPDATED #22 🔐 Security hardening: DARPA-level hive mind mesh
[2026-08-07T17:11:50.445183+00:00] CONTINUOUS_OODA_WORKER_COMPLETE
[2026-08-07T17:11:53.716703+00:00] CONTINUOUS_OODA_WORKER_START
[2026-08-07T17:11:54.801567+00:00] TRELLO_ERROR: 404 Client Error: Not Found for url: https://api.trello.com/1/cards/6a737f7e79118dbc2544542a?key=TRELLO_KEY_REMOVED_SEE_CREDENTIAL_FILE&token=TRELLO_TOKEN_REMOVED_SEE_CREDENTIAL_FILE&idList=6a74cbd3aa052ed2b30c5644
[2026-08-07T17:11:57.080948+00:00] GITHUB_STATUS_UPDATED #14 Discord bot token wiring into crew_map.json/vault config
[2026-08-07T17:11:57.081388+00:00] CONTINUOUS_OODA_WORKER_COMPLETE
[2026-08-07T17:12:00.355170+00:00] CONTINUOUS_OODA_WORKER_START
[2026-08-07T17:12:01.274387+00:00] TRELLO_ERROR: 404 Client Error: Not Found for url: https://api.trello.com/1/cards/6a737f7e79118dbc2544542a?key=TRELLO_KEY_REMOVED_SEE_CREDENTIAL_FILE&token=TRELLO_TOKEN_REMOVED_SEE_CREDENTIAL_FILE&idList=6a74cbd3aa052ed2b30c5644
[2026-08-07T17:12:03.210627+00:00] GITHUB_STATUS_UPDATED #20 🤖 Sir Azure: Discord bot + Trello watcher automation
[2026-08-07T17:12:03.211788+00:00] CONTINUOUS_OODA_WORKER_COMPLETE
[2026-08-07T17:12:06.607280+00:00] CONTINUOUS_OODA_WORKER_START
[2026-08-07T17:12:07.727880+00:00] TRELLO_ERROR: 404 Client Error: Not Found for url: https://api.trello.com/1/cards/6a737f7e79118dbc2544542a?key=TRELLO_KEY_REMOVED_SEE_CREDENTIAL_FILE&token=TRELLO_TOKEN_REMOVED_SEE_CREDENTIAL_FILE&idList=6a74cbd3aa052ed2b30c5644
[2026-08-07T17:12:10.109612+00:00] GITHUB_STATUS_UPDATED #19 🚨 VOID Pirate Trading Co GitHub access BLOCKED (403)
[2026-08-07T17:12:10.110119+00:00] CONTINUOUS_OODA_WORKER_COMPLETE
[2026-08-07T17:12:13.412664+00:00] CONTINUOUS_OODA_WORKER_START
[2026-08-07T17:12:14.398285+00:00] TRELLO_ERROR: 404 Client Error: Not Found for url: https://api.trello.com/1/cards/6a737f7e79118dbc2544542a?key=TRELLO_KEY_REMOVED_SEE_CREDENTIAL_FILE&token=TRELLO_TOKEN_REMOVED_SEE_CREDENTIAL_FILE&idList=6a74cbd3aa052ed2b30c5644
[2026-08-07T17:12:16.344429+00:00] GITHUB_STATUS_UPDATED #22 🔐 Security hardening: DARPA-level hive mind mesh
[2026-08-07T17:12:16.345135+00:00] CONTINUOUS_OODA_WORKER_COMPLETE
[2026-08-07T17:12:19.614141+00:00] CONTINUOUS_OODA_WORKER_START
[2026-08-07T17:12:21.081458+00:00] TRELLO_ERROR: 404 Client Error: Not Found for url: https://api.trello.com/1/cards/6a737f7e79118dbc2544542a?key=TRELLO_KEY_REMOVED_SEE_CREDENTIAL_FILE&token=TRELLO_TOKEN_REMOVED_SEE_CREDENTIAL_FILE&idList=6a74cbd3aa052ed2b30c5644
[2026-08-07T17:12:23.007859+00:00] GITHUB_STATUS_UPDATED #14 Discord bot token wiring into crew_map.json/vault config
[2026-08-07T17:12:23.008295+00:00] CONTINUOUS_OODA_WORKER_COMPLETE
[2026-08-07T17:12:26.250361+00:00] CONTINUOUS_OODA_WORKER_START
[2026-08-07T17:12:27.756857+00:00] TRELLO_ERROR: 404 Client Error: Not Found for url: https://api.trello.com/1/cards/6a737f7e79118dbc2544542a?key=TRELLO_KEY_REMOVED_SEE_CREDENTIAL_FILE&token=TRELLO_TOKEN_REMOVED_SEE_CREDENTIAL_FILE&idList=6a74cbd3aa052ed2b30c5644
[2026-08-07T17:12:30.035451+00:00] GITHUB_STATUS_UPDATED #20 🤖 Sir Azure: Discord bot + Trello watcher automation
[2026-08-07T17:12:30.035879+00:00] CONTINUOUS_OODA_WORKER_COMPLETE
[2026-08-07T17:12:33.276225+00:00] CONTINUOUS_OODA_WORKER_START
[2026-08-07T17:12:34.349570+00:00] TRELLO_ERROR: 404 Client Error: Not Found for url: https://api.trello.com/1/cards/6a737f7e79118dbc2544542a?key=TRELLO_KEY_REMOVED_SEE_CREDENTIAL_FILE&token=TRELLO_TOKEN_REMOVED_SEE_CREDENTIAL_FILE&idList=6a74cbd3aa052ed2b30c5644
[2026-08-07T17:12:36.364741+00:00] GITHUB_STATUS_UPDATED #19 🚨 VOID Pirate Trading Co GitHub access BLOCKED (403)
[2026-08-07T17:12:36.365297+00:00] CONTINUOUS_OODA_WORKER_COMPLETE
[2026-08-07T17:12:39.631948+00:00] CONTINUOUS_OODA_WORKER_START
[2026-08-07T17:12:40.838077+00:00] TRELLO_ERROR: 404 Client Error: Not Found for url: https://api.trello.com/1/cards/6a737f7e79118dbc2544542a?key=TRELLO_KEY_REMOVED_SEE_CREDENTIAL_FILE&token=TRELLO_TOKEN_REMOVED_SEE_CREDENTIAL_FILE&idList=6a74cbd3aa052ed2b30c5644
[2026-08-07T17:12:42.612968+00:00] GITHUB_STATUS_UPDATED #22 🔐 Security hardening: DARPA-level hive mind mesh
[2026-08-07T17:12:42.613615+00:00] CONTINUOUS_OODA_WORKER_COMPLETE
[2026-08-07T17:12:45.868619+00:00] CONTINUOUS_OODA_WORKER_START
[2026-08-07T17:12:48.559863+00:00] TRELLO_ERROR: 404 Client Error: Not Found for url: https://api.trello.com/1/cards/6a737f7e79118dbc2544542a?key=TRELLO_KEY_REMOVED_SEE_CREDENTIAL_FILE&token=TRELLO_TOKEN_REMOVED_SEE_CREDENTIAL_FILE&idList=6a74cbd3aa052ed2b30c5644
[2026-08-07T17:12:50.610907+00:00] GITHUB_STATUS_UPDATED #14 Discord bot token wiring into crew_map.json/vault config
[2026-08-07T17:12:50.611750+00:00] CONTINUOUS_OODA_WORKER_COMPLETE
[2026-08-07T17:12:53.919464+00:00] CONTINUOUS_OODA_WORKER_START
[2026-08-07T17:12:55.024454+00:00] TRELLO_ERROR: 404 Client Error: Not Found for url: https://api.trello.com/1/cards/6a737f7e79118dbc2544542a?key=TRELLO_KEY_REMOVED_SEE_CREDENTIAL_FILE&token=TRELLO_TOKEN_REMOVED_SEE_CREDENTIAL_FILE&idList=6a74cbd3aa052ed2b30c5644
[2026-08-07T17:12:57.091851+00:00] GITHUB_STATUS_UPDATED #20 🤖 Sir Azure: Discord bot + Trello watcher automation
[2026-08-07T17:12:57.092283+00:00] CONTINUOUS_OODA_WORKER_COMPLETE
[2026-08-07T17:13:00.338187+00:00] CONTINUOUS_OODA_WORKER_START
[2026-08-07T17:13:01.332461+00:00] TRELLO_ERROR: 404 Client Error: Not Found for url: https://api.trello.com/1/cards/6a737f7e79118dbc2544542a?key=TRELLO_KEY_REMOVED_SEE_CREDENTIAL_FILE&token=TRELLO_TOKEN_REMOVED_SEE_CREDENTIAL_FILE&idList=6a74cbd3aa052ed2b30c5644
[2026-08-07T17:13:03.480553+00:00] GITHUB_STATUS_UPDATED #19 🚨 VOID Pirate Trading Co GitHub access BLOCKED (403)
[2026-08-07T17:13:03.481357+00:00] CONTINUOUS_OODA_WORKER_COMPLETE
[2026-08-07T17:13:06.875766+00:00] CONTINUOUS_OODA_WORKER_START
[2026-08-07T17:13:08.197317+00:00] TRELLO_ERROR: 404 Client Error: Not Found for url: https://api.trello.com/1/cards/6a737f7e79118dbc2544542a?key=TRELLO_KEY_REMOVED_SEE_CREDENTIAL_FILE&token=TRELLO_TOKEN_REMOVED_SEE_CREDENTIAL_FILE&idList=6a74cbd3aa052ed2b30c5644
[2026-08-07T17:13:10.217272+00:00] GITHUB_STATUS_UPDATED #22 🔐 Security hardening: DARPA-level hive mind mesh
[2026-08-07T17:13:10.217814+00:00] CONTINUOUS_OODA_WORKER_COMPLETE
[2026-08-07T17:13:13.499728+00:00] CONTINUOUS_OODA_WORKER_START
[2026-08-07T17:13:14.501550+00:00] TRELLO_ERROR: 404 Client Error: Not Found for url: https://api.trello.com/1/cards/6a737f7e79118dbc2544542a?key=TRELLO_KEY_REMOVED_SEE_CREDENTIAL_FILE&token=TRELLO_TOKEN_REMOVED_SEE_CREDENTIAL_FILE&idList=6a74cbd3aa052ed2b30c5644
[2026-08-07T17:13:16.860144+00:00] GITHUB_STATUS_UPDATED #14 Discord bot token wiring into crew_map.json/vault config
[2026-08-07T17:13:16.860592+00:00] CONTINUOUS_OODA_WORKER_COMPLETE
[2026-08-07T17:13:20.125359+00:00] CONTINUOUS_OODA_WORKER_START
[2026-08-07T17:13:21.625848+00:00] TRELLO_ERROR: 404 Client Error: Not Found for url: https://api.trello.com/1/cards/6a737f7e79118dbc2544542a?key=TRELLO_KEY_REMOVED_SEE_CREDENTIAL_FILE&token=TRELLO_TOKEN_REMOVED_SEE_CREDENTIAL_FILE&idList=6a74cbd3aa052ed2b30c5644
[2026-08-07T17:13:23.492426+00:00] GITHUB_STATUS_UPDATED #20 🤖 Sir Azure: Discord bot + Trello watcher automation
[2026-08-07T17:13:23.492903+00:00] CONTINUOUS_OODA_WORKER_COMPLETE
[2026-08-07T17:13:26.760360+00:00] CONTINUOUS_OODA_WORKER_START
[2026-08-07T17:13:27.870212+00:00] TRELLO_ERROR: 404 Client Error: Not Found for url: https://api.trello.com/1/cards/6a737f7e79118dbc2544542a?key=TRELLO_KEY_REMOVED_SEE_CREDENTIAL_FILE&token=TRELLO_TOKEN_REMOVED_SEE_CREDENTIAL_FILE&idList=6a74cbd3aa052ed2b30c5644
[2026-08-07T17:13:29.934201+00:00] GITHUB_STATUS_UPDATED #19 🚨 VOID Pirate Trading Co GitHub access BLOCKED (403)
[2026-08-07T17:13:29.934698+00:00] CONTINUOUS_OODA_WORKER_COMPLETE
[2026-08-07T17:13:33.180679+00:00] CONTINUOUS_OODA_WORKER_START
[2026-08-07T17:13:35.651078+00:00] TRELLO_ERROR: 404 Client Error: Not Found for url: https://api.trello.com/1/cards/6a737f7e79118dbc2544542a?key=TRELLO_KEY_REMOVED_SEE_CREDENTIAL_FILE&token=TRELLO_TOKEN_REMOVED_SEE_CREDENTIAL_FILE&idList=6a74cbd3aa052ed2b30c5644
[2026-08-07T17:13:37.570076+00:00] GITHUB_STATUS_UPDATED #22 🔐 Security hardening: DARPA-level hive mind mesh
[2026-08-07T17:13:37.570595+00:00] CONTINUOUS_OODA_WORKER_COMPLETE
[2026-08-07T17:13:40.850233+00:00] CONTINUOUS_OODA_WORKER_START
[2026-08-07T17:13:41.832947+00:00] TRELLO_ERROR: 404 Client Error: Not Found for url: https://api.trello.com/1/cards/6a737f7e79118dbc2544542a?key=TRELLO_KEY_REMOVED_SEE_CREDENTIAL_FILE&token=TRELLO_TOKEN_REMOVED_SEE_CREDENTIAL_FILE&idList=6a74cbd3aa052ed2b30c5644
[2026-08-07T17:13:43.717980+00:00] GITHUB_STATUS_UPDATED #14 Discord bot token wiring into crew_map.json/vault config
[2026-08-07T17:13:43.718456+00:00] CONTINUOUS_OODA_WORKER_COMPLETE
[2026-08-07T17:13:46.987039+00:00] CONTINUOUS_OODA_WORKER_START
[2026-08-07T17:13:48.097951+00:00] TRELLO_ERROR: 404 Client Error: Not Found for url: https://api.trello.com/1/cards/6a737f7e79118dbc2544542a?key=TRELLO_KEY_REMOVED_SEE_CREDENTIAL_FILE&token=TRELLO_TOKEN_REMOVED_SEE_CREDENTIAL_FILE&idList=6a74cbd3aa052ed2b30c5644
[2026-08-07T17:13:50.056814+00:00] GITHUB_STATUS_UPDATED #20 🤖 Sir Azure: Discord bot + Trello watcher automation
[2026-08-07T17:13:50.057472+00:00] CONTINUOUS_OODA_WORKER_COMPLETE
[2026-08-07T17:13:53.321244+00:00] CONTINUOUS_OODA_WORKER_START
[2026-08-07T17:13:54.231757+00:00] TRELLO_ERROR: 404 Client Error: Not Found for url: https://api.trello.com/1/cards/6a737f7e79118dbc2544542a?key=TRELLO_KEY_REMOVED_SEE_CREDENTIAL_FILE&token=TRELLO_TOKEN_REMOVED_SEE_CREDENTIAL_FILE&idList=6a74cbd3aa052ed2b30c5644
[2026-08-07T17:13:56.077296+00:00] GITHUB_STATUS_UPDATED #19 🚨 VOID Pirate Trading Co GitHub access BLOCKED (403)
[2026-08-07T17:13:56.077945+00:00] CONTINUOUS_OODA_WORKER_COMPLETE
[2026-08-07T17:13:59.344353+00:00] CONTINUOUS_OODA_WORKER_START
[2026-08-07T17:14:00.345751+00:00] TRELLO_ERROR: 404 Client Error: Not Found for url: https://api.trello.com/1/cards/6a737f7e79118dbc2544542a?key=TRELLO_KEY_REMOVED_SEE_CREDENTIAL_FILE&token=TRELLO_TOKEN_REMOVED_SEE_CREDENTIAL_FILE&idList=6a74cbd3aa052ed2b30c5644
[2026-08-07T17:14:02.171082+00:00] GITHUB_STATUS_UPDATED #22 🔐 Security hardening: DARPA-level hive mind mesh
[2026-08-07T17:14:02.171581+00:00] CONTINUOUS_OODA_WORKER_COMPLETE
[2026-08-07T17:14:05.485914+00:00] CONTINUOUS_OODA_WORKER_START
[2026-08-07T17:14:06.844674+00:00] TRELLO_ERROR: 404 Client Error: Not Found for url: https://api.trello.com/1/cards/6a737f7e79118dbc2544542a?key=TRELLO_KEY_REMOVED_SEE_CREDENTIAL_FILE&token=TRELLO_TOKEN_REMOVED_SEE_CREDENTIAL_FILE&idList=6a74cbd3aa052ed2b30c5644
[2026-08-07T17:14:08.628779+00:00] GITHUB_STATUS_UPDATED #14 Discord bot token wiring into crew_map.json/vault config
[2026-08-07T17:14:08.629393+00:00] CONTINUOUS_OODA_WORKER_COMPLETE
[2026-08-07T17:14:11.975756+00:00] CONTINUOUS_OODA_WORKER_START
[2026-08-07T17:14:13.091949+00:00] TRELLO_ERROR: 404 Client Error: Not Found for url: https://api.trello.com/1/cards/6a737f7e79118dbc2544542a?key=TRELLO_KEY_REMOVED_SEE_CREDENTIAL_FILE&token=TRELLO_TOKEN_REMOVED_SEE_CREDENTIAL_FILE&idList=6a74cbd3aa052ed2b30c5644
[2026-08-07T17:14:14.900452+00:00] GITHUB_STATUS_UPDATED #20 🤖 Sir Azure: Discord bot + Trello watcher automation
[2026-08-07T17:14:14.900911+00:00] CONTINUOUS_OODA_WORKER_COMPLETE
[2026-08-07T17:14:18.184124+00:00] CONTINUOUS_OODA_WORKER_START
[2026-08-07T17:14:19.291914+00:00] TRELLO_ERROR: 404 Client Error: Not Found for url: https://api.trello.com/1/cards/6a737f7e79118dbc2544542a?key=TRELLO_KEY_REMOVED_SEE_CREDENTIAL_FILE&token=TRELLO_TOKEN_REMOVED_SEE_CREDENTIAL_FILE&idList=6a74cbd3aa052ed2b30c5644
[2026-08-07T17:14:21.366530+00:00] GITHUB_STATUS_UPDATED #19 🚨 VOID Pirate Trading Co GitHub access BLOCKED (403)
[2026-08-07T17:14:21.367955+00:00] CONTINUOUS_OODA_WORKER_COMPLETE
[2026-08-07T17:14:24.740733+00:00] CONTINUOUS_OODA_WORKER_START
[2026-08-07T17:14:25.768062+00:00] TRELLO_ERROR: 404 Client Error: Not Found for url: https://api.trello.com/1/cards/6a737f7e79118dbc2544542a?key=TRELLO_KEY_REMOVED_SEE_CREDENTIAL_FILE&token=TRELLO_TOKEN_REMOVED_SEE_CREDENTIAL_FILE&idList=6a74cbd3aa052ed2b30c5644
[2026-08-07T17:14:27.576425+00:00] GITHUB_STATUS_UPDATED #22 🔐 Security hardening: DARPA-level hive mind mesh
[2026-08-07T17:14:27.576946+00:00] CONTINUOUS_OODA_WORKER_COMPLETE
[2026-08-07T17:14:30.919563+00:00] CONTINUOUS_OODA_WORKER_START
[2026-08-07T17:14:31.920206+00:00] TRELLO_ERROR: 404 Client Error: Not Found for url: https://api.trello.com/1/cards/6a737f7e79118dbc2544542a?key=TRELLO_KEY_REMOVED_SEE_CREDENTIAL_FILE&token=TRELLO_TOKEN_REMOVED_SEE_CREDENTIAL_FILE&idList=6a74cbd3aa052ed2b30c5644
[2026-08-07T17:14:33.732247+00:00] GITHUB_STATUS_UPDATED #14 Discord bot token wiring into crew_map.json/vault config
[2026-08-07T17:14:33.732744+00:00] CONTINUOUS_OODA_WORKER_COMPLETE
[2026-08-07T17:14:36.987583+00:00] CONTINUOUS_OODA_WORKER_START
[2026-08-07T17:14:37.980187+00:00] TRELLO_ERROR: 404 Client Error: Not Found for url: https://api.trello.com/1/cards/6a737f7e79118dbc2544542a?key=TRELLO_KEY_REMOVED_SEE_CREDENTIAL_FILE&token=TRELLO_TOKEN_REMOVED_SEE_CREDENTIAL_FILE&idList=6a74cbd3aa052ed2b30c5644
[2026-08-07T17:14:39.735405+00:00] GITHUB_STATUS_UPDATED #20 🤖 Sir Azure: Discord bot + Trello watcher automation
[2026-08-07T17:14:39.735884+00:00] CONTINUOUS_OODA_WORKER_COMPLETE
[2026-08-07T17:14:43.048414+00:00] CONTINUOUS_OODA_WORKER_START
[2026-08-07T17:14:44.051769+00:00] TRELLO_ERROR: 404 Client Error: Not Found for url: https://api.trello.com/1/cards/6a737f7e79118dbc2544542a?key=TRELLO_KEY_REMOVED_SEE_CREDENTIAL_FILE&token=TRELLO_TOKEN_REMOVED_SEE_CREDENTIAL_FILE&idList=6a74cbd3aa052ed2b30c5644
[2026-08-07T17:14:45.911670+00:00] GITHUB_STATUS_UPDATED #19 🚨 VOID Pirate Trading Co GitHub access BLOCKED (403)
[2026-08-07T17:14:45.912200+00:00] CONTINUOUS_OODA_WORKER_COMPLETE
[2026-08-07T17:14:49.177748+00:00] CONTINUOUS_OODA_WORKER_START
[2026-08-07T17:14:50.275322+00:00] TRELLO_ERROR: 404 Client Error: Not Found for url: https://api.trello.com/1/cards/6a737f7e79118dbc2544542a?key=TRELLO_KEY_REMOVED_SEE_CREDENTIAL_FILE&token=TRELLO_TOKEN_REMOVED_SEE_CREDENTIAL_FILE&idList=6a74cbd3aa052ed2b30c5644
[2026-08-07T17:14:51.983929+00:00] GITHUB_STATUS_UPDATED #22 🔐 Security hardening: DARPA-level hive mind mesh
[2026-08-07T17:14:51.985965+00:00] CONTINUOUS_OODA_WORKER_COMPLETE
[2026-08-07T17:14:55.272663+00:00] CONTINUOUS_OODA_WORKER_START
[2026-08-07T17:14:56.323164+00:00] TRELLO_ERROR: 404 Client Error: Not Found for url: https://api.trello.com/1/cards/6a737f7e79118dbc2544542a?key=TRELLO_KEY_REMOVED_SEE_CREDENTIAL_FILE&token=TRELLO_TOKEN_REMOVED_SEE_CREDENTIAL_FILE&idList=6a74cbd3aa052ed2b30c5644
[2026-08-07T17:14:58.145438+00:00] GITHUB_STATUS_UPDATED #14 Discord bot token wiring into crew_map.json/vault config
[2026-08-07T17:14:58.146067+00:00] CONTINUOUS_OODA_WORKER_COMPLETE
[2026-08-07T17:15:01.425854+00:00] CONTINUOUS_OODA_WORKER_START
[2026-08-07T17:15:02.522614+00:00] TRELLO_ERROR: 404 Client Error: Not Found for url: https://api.trello.com/1/cards/6a737f7e79118dbc2544542a?key=TRELLO_KEY_REMOVED_SEE_CREDENTIAL_FILE&token=TRELLO_TOKEN_REMOVED_SEE_CREDENTIAL_FILE&idList=6a74cbd3aa052ed2b30c5644
[2026-08-07T17:15:04.741691+00:00] GITHUB_STATUS_UPDATED #20 🤖 Sir Azure: Discord bot + Trello watcher automation
[2026-08-07T17:15:04.742160+00:00] CONTINUOUS_OODA_WORKER_COMPLETE
[2026-08-07T17:15:08.078513+00:00] CONTINUOUS_OODA_WORKER_START
[2026-08-07T17:15:09.202315+00:00] TRELLO_ERROR: 404 Client Error: Not Found for url: https://api.trello.com/1/cards/6a737f7e79118dbc2544542a?key=TRELLO_KEY_REMOVED_SEE_CREDENTIAL_FILE&token=TRELLO_TOKEN_REMOVED_SEE_CREDENTIAL_FILE&idList=6a74cbd3aa052ed2b30c5644
[2026-08-07T17:15:11.015113+00:00] GITHUB_STATUS_UPDATED #19 🚨 VOID Pirate Trading Co GitHub access BLOCKED (403)
[2026-08-07T17:15:11.015608+00:00] CONTINUOUS_OODA_WORKER_COMPLETE
[2026-08-07T17:15:14.316947+00:00] CONTINUOUS_OODA_WORKER_START
[2026-08-07T17:15:15.675631+00:00] TRELLO_ERROR: 404 Client Error: Not Found for url: https://api.trello.com/1/cards/6a737f7e79118dbc2544542a?key=TRELLO_KEY_REMOVED_SEE_CREDENTIAL_FILE&token=TRELLO_TOKEN_REMOVED_SEE_CREDENTIAL_FILE&idList=6a74cbd3aa052ed2b30c5644
[2026-08-07T17:15:17.359312+00:00] GITHUB_STATUS_UPDATED #22 🔐 Security hardening: DARPA-level hive mind mesh
[2026-08-07T17:15:17.359934+00:00] CONTINUOUS_OODA_WORKER_COMPLETE
[2026-08-07T17:15:20.647857+00:00] CONTINUOUS_OODA_WORKER_START
[2026-08-07T17:15:22.856592+00:00] TRELLO_ERROR: 404 Client Error: Not Found for url: https://api.trello.com/1/cards/6a737f7e79118dbc2544542a?key=TRELLO_KEY_REMOVED_SEE_CREDENTIAL_FILE&token=TRELLO_TOKEN_REMOVED_SEE_CREDENTIAL_FILE&idList=6a74cbd3aa052ed2b30c5644
[2026-08-07T17:15:24.688792+00:00] GITHUB_STATUS_UPDATED #14 Discord bot token wiring into crew_map.json/vault config
[2026-08-07T17:15:24.689247+00:00] CONTINUOUS_OODA_WORKER_COMPLETE
[2026-08-07T17:15:27.956120+00:00] CONTINUOUS_OODA_WORKER_START
[2026-08-07T17:15:31.121778+00:00] TRELLO_ERROR: 404 Client Error: Not Found for url: https://api.trello.com/1/cards/6a737f7e79118dbc2544542a?key=TRELLO_KEY_REMOVED_SEE_CREDENTIAL_FILE&token=TRELLO_TOKEN_REMOVED_SEE_CREDENTIAL_FILE&idList=6a74cbd3aa052ed2b30c5644
[2026-08-07T17:15:32.990093+00:00] GITHUB_STATUS_UPDATED #20 🤖 Sir Azure: Discord bot + Trello watcher automation
[2026-08-07T17:15:32.990646+00:00] CONTINUOUS_OODA_WORKER_COMPLETE
[2026-08-07T17:15:36.282799+00:00] CONTINUOUS_OODA_WORKER_START
[2026-08-07T17:15:37.319291+00:00] TRELLO_ERROR: 404 Client Error: Not Found for url: https://api.trello.com/1/cards/6a737f7e79118dbc2544542a?key=TRELLO_KEY_REMOVED_SEE_CREDENTIAL_FILE&token=TRELLO_TOKEN_REMOVED_SEE_CREDENTIAL_FILE&idList=6a74cbd3aa052ed2b30c5644
[2026-08-07T17:15:39.171943+00:00] GITHUB_STATUS_UPDATED #19 🚨 VOID Pirate Trading Co GitHub access BLOCKED (403)
[2026-08-07T17:15:39.172447+00:00] CONTINUOUS_OODA_WORKER_COMPLETE
[2026-08-07T17:15:42.437465+00:00] CONTINUOUS_OODA_WORKER_START
[2026-08-07T17:15:43.464159+00:00] TRELLO_ERROR: 404 Client Error: Not Found for url: https://api.trello.com/1/cards/6a737f7e79118dbc2544542a?key=TRELLO_KEY_REMOVED_SEE_CREDENTIAL_FILE&token=TRELLO_TOKEN_REMOVED_SEE_CREDENTIAL_FILE&idList=6a74cbd3aa052ed2b30c5644
[2026-08-07T17:15:45.156182+00:00] GITHUB_STATUS_UPDATED #22 🔐 Security hardening: DARPA-level hive mind mesh
[2026-08-07T17:15:45.156757+00:00] CONTINUOUS_OODA_WORKER_COMPLETE
[2026-08-07T17:15:48.474126+00:00] CONTINUOUS_OODA_WORKER_START
[2026-08-07T17:15:49.834120+00:00] TRELLO_ERROR: 404 Client Error: Not Found for url: https://api.trello.com/1/cards/6a737f7e79118dbc2544542a?key=TRELLO_KEY_REMOVED_SEE_CREDENTIAL_FILE&token=TRELLO_TOKEN_REMOVED_SEE_CREDENTIAL_FILE&idList=6a74cbd3aa052ed2b30c5644
[2026-08-07T17:15:51.824181+00:00] GITHUB_STATUS_UPDATED #14 Discord bot token wiring into crew_map.json/vault config
[2026-08-07T17:15:51.824925+00:00] CONTINUOUS_OODA_WORKER_COMPLETE
[2026-08-07T17:15:55.118448+00:00] CONTINUOUS_OODA_WORKER_START
[2026-08-07T17:15:56.266936+00:00] TRELLO_ERROR: 404 Client Error: Not Found for url: https://api.trello.com/1/cards/6a737f7e79118dbc2544542a?key=TRELLO_KEY_REMOVED_SEE_CREDENTIAL_FILE&token=TRELLO_TOKEN_REMOVED_SEE_CREDENTIAL_FILE&idList=6a74cbd3aa052ed2b30c5644
[2026-08-07T17:15:58.010156+00:00] GITHUB_STATUS_UPDATED #20 🤖 Sir Azure: Discord bot + Trello watcher automation
[2026-08-07T17:15:58.010603+00:00] CONTINUOUS_OODA_WORKER_COMPLETE
[2026-08-07T17:16:01.274539+00:00] CONTINUOUS_OODA_WORKER_START
[2026-08-07T17:16:02.501393+00:00] TRELLO_ERROR: 404 Client Error: Not Found for url: https://api.trello.com/1/cards/6a737f7e79118dbc2544542a?key=TRELLO_KEY_REMOVED_SEE_CREDENTIAL_FILE&token=TRELLO_TOKEN_REMOVED_SEE_CREDENTIAL_FILE&idList=6a74cbd3aa052ed2b30c5644
[2026-08-07T17:16:04.382680+00:00] GITHUB_STATUS_UPDATED #19 🚨 VOID Pirate Trading Co GitHub access BLOCKED (403)
[2026-08-07T17:16:04.383714+00:00] CONTINUOUS_OODA_WORKER_COMPLETE
[2026-08-07T17:16:07.717103+00:00] CONTINUOUS_OODA_WORKER_START
[2026-08-07T17:16:08.763490+00:00] TRELLO_ERROR: 404 Client Error: Not Found for url: https://api.trello.com/1/cards/6a737f7e79118dbc2544542a?key=TRELLO_KEY_REMOVED_SEE_CREDENTIAL_FILE&token=TRELLO_TOKEN_REMOVED_SEE_CREDENTIAL_FILE&idList=6a74cbd3aa052ed2b30c5644
[2026-08-07T17:16:10.560054+00:00] GITHUB_STATUS_UPDATED #22 🔐 Security hardening: DARPA-level hive mind mesh
[2026-08-07T17:16:10.561073+00:00] CONTINUOUS_OODA_WORKER_COMPLETE
[2026-08-07T17:16:13.898983+00:00] CONTINUOUS_OODA_WORKER_START
[2026-08-07T17:16:15.026642+00:00] TRELLO_ERROR: 404 Client Error: Not Found for url: https://api.trello.com/1/cards/6a737f7e79118dbc2544542a?key=TRELLO_KEY_REMOVED_SEE_CREDENTIAL_FILE&token=TRELLO_TOKEN_REMOVED_SEE_CREDENTIAL_FILE&idList=6a74cbd3aa052ed2b30c5644
[2026-08-07T17:16:17.024547+00:00] GITHUB_STATUS_UPDATED #14 Discord bot token wiring into crew_map.json/vault config
[2026-08-07T17:16:17.025056+00:00] CONTINUOUS_OODA_WORKER_COMPLETE
[2026-08-07T17:16:20.278237+00:00] CONTINUOUS_OODA_WORKER_START
[2026-08-07T17:16:21.321216+00:00] TRELLO_ERROR: 404 Client Error: Not Found for url: https://api.trello.com/1/cards/6a737f7e79118dbc2544542a?key=TRELLO_KEY_REMOVED_SEE_CREDENTIAL_FILE&token=TRELLO_TOKEN_REMOVED_SEE_CREDENTIAL_FILE&idList=6a74cbd3aa052ed2b30c5644
[2026-08-07T17:16:23.067193+00:00] GITHUB_STATUS_UPDATED #20 🤖 Sir Azure: Discord bot + Trello watcher automation
[2026-08-07T17:16:23.067828+00:00] CONTINUOUS_OODA_WORKER_COMPLETE
[2026-08-07T17:16:26.353166+00:00] CONTINUOUS_OODA_WORKER_START
[2026-08-07T17:16:27.844923+00:00] TRELLO_ERROR: 404 Client Error: Not Found for url: https://api.trello.com/1/cards/6a737f7e79118dbc2544542a?key=TRELLO_KEY_REMOVED_SEE_CREDENTIAL_FILE&token=TRELLO_TOKEN_REMOVED_SEE_CREDENTIAL_FILE&idList=6a74cbd3aa052ed2b30c5644
[2026-08-07T17:16:29.623529+00:00] GITHUB_STATUS_UPDATED #19 🚨 VOID Pirate Trading Co GitHub access BLOCKED (403)
[2026-08-07T17:16:29.623993+00:00] CONTINUOUS_OODA_WORKER_COMPLETE
[2026-08-07T17:16:32.904402+00:00] CONTINUOUS_OODA_WORKER_START
[2026-08-07T17:16:33.941778+00:00] TRELLO_ERROR: 404 Client Error: Not Found for url: https://api.trello.com/1/cards/6a737f7e79118dbc2544542a?key=TRELLO_KEY_REMOVED_SEE_CREDENTIAL_FILE&token=TRELLO_TOKEN_REMOVED_SEE_CREDENTIAL_FILE&idList=6a74cbd3aa052ed2b30c5644
[2026-08-07T17:16:35.882776+00:00] GITHUB_STATUS_UPDATED #22 🔐 Security hardening: DARPA-level hive mind mesh
[2026-08-07T17:16:35.883273+00:00] CONTINUOUS_OODA_WORKER_COMPLETE
[2026-08-07T17:16:39.159800+00:00] CONTINUOUS_OODA_WORKER_START
[2026-08-07T17:16:40.201353+00:00] TRELLO_ERROR: 404 Client Error: Not Found for url: https://api.trello.com/1/cards/6a737f7e79118dbc2544542a?key=TRELLO_KEY_REMOVED_SEE_CREDENTIAL_FILE&token=TRELLO_TOKEN_REMOVED_SEE_CREDENTIAL_FILE&idList=6a74cbd3aa052ed2b30c5644
[2026-08-07T17:16:41.943901+00:00] GITHUB_STATUS_UPDATED #14 Discord bot token wiring into crew_map.json/vault config
[2026-08-07T17:16:41.944394+00:00] CONTINUOUS_OODA_WORKER_COMPLETE
[2026-08-07T17:16:45.255871+00:00] CONTINUOUS_OODA_WORKER_START
[2026-08-07T17:16:46.344592+00:00] TRELLO_ERROR: 404 Client Error: Not Found for url: https://api.trello.com/1/cards/6a737f7e79118dbc2544542a?key=TRELLO_KEY_REMOVED_SEE_CREDENTIAL_FILE&token=TRELLO_TOKEN_REMOVED_SEE_CREDENTIAL_FILE&idList=6a74cbd3aa052ed2b30c5644
[2026-08-07T17:16:48.011352+00:00] GITHUB_STATUS_UPDATED #20 🤖 Sir Azure: Discord bot + Trello watcher automation
[2026-08-07T17:16:48.011807+00:00] CONTINUOUS_OODA_WORKER_COMPLETE
[2026-08-07T17:16:51.280923+00:00] CONTINUOUS_OODA_WORKER_START
[2026-08-07T17:16:52.510819+00:00] TRELLO_ERROR: 404 Client Error: Not Found for url: https://api.trello.com/1/cards/6a737f7e79118dbc2544542a?key=TRELLO_KEY_REMOVED_SEE_CREDENTIAL_FILE&token=TRELLO_TOKEN_REMOVED_SEE_CREDENTIAL_FILE&idList=6a74cbd3aa052ed2b30c5644
[2026-08-07T17:16:54.174066+00:00] GITHUB_STATUS_UPDATED #19 🚨 VOID Pirate Trading Co GitHub access BLOCKED (403)
[2026-08-07T17:16:54.174594+00:00] CONTINUOUS_OODA_WORKER_COMPLETE
[2026-08-07T17:16:57.437445+00:00] CONTINUOUS_OODA_WORKER_START
[2026-08-07T17:16:58.448111+00:00] TRELLO_ERROR: 404 Client Error: Not Found for url: https://api.trello.com/1/cards/6a737f7e79118dbc2544542a?key=TRELLO_KEY_REMOVED_SEE_CREDENTIAL_FILE&token=TRELLO_TOKEN_REMOVED_SEE_CREDENTIAL_FILE&idList=6a74cbd3aa052ed2b30c5644
[2026-08-07T17:17:00.249495+00:00] GITHUB_STATUS_UPDATED #22 🔐 Security hardening: DARPA-level hive mind mesh
[2026-08-07T17:17:00.249978+00:00] CONTINUOUS_OODA_WORKER_COMPLETE
[2026-08-07T17:17:03.547859+00:00] CONTINUOUS_OODA_WORKER_START
[2026-08-07T17:17:05.358400+00:00] TRELLO_ERROR: 404 Client Error: Not Found for url: https://api.trello.com/1/cards/6a737f7e79118dbc2544542a?key=TRELLO_KEY_REMOVED_SEE_CREDENTIAL_FILE&token=TRELLO_TOKEN_REMOVED_SEE_CREDENTIAL_FILE&idList=6a74cbd3aa052ed2b30c5644
[2026-08-07T17:17:07.523089+00:00] GITHUB_STATUS_UPDATED #14 Discord bot token wiring into crew_map.json/vault config
[2026-08-07T17:17:07.523568+00:00] CONTINUOUS_OODA_WORKER_COMPLETE
[2026-08-07T17:17:10.830087+00:00] CONTINUOUS_OODA_WORKER_START
[2026-08-07T17:17:11.852522+00:00] TRELLO_ERROR: 404 Client Error: Not Found for url: https://api.trello.com/1/cards/6a737f7e79118dbc2544542a?key=TRELLO_KEY_REMOVED_SEE_CREDENTIAL_FILE&token=TRELLO_TOKEN_REMOVED_SEE_CREDENTIAL_FILE&idList=6a74cbd3aa052ed2b30c5644
[2026-08-07T17:17:13.671187+00:00] GITHUB_STATUS_UPDATED #20 🤖 Sir Azure: Discord bot + Trello watcher automation
[2026-08-07T17:17:13.671695+00:00] CONTINUOUS_OODA_WORKER_COMPLETE
[2026-08-07T17:17:16.937337+00:00] CONTINUOUS_OODA_WORKER_START
[2026-08-07T17:17:18.065894+00:00] TRELLO_ERROR: 404 Client Error: Not Found for url: https://api.trello.com/1/cards/6a737f7e79118dbc2544542a?key=TRELLO_KEY_REMOVED_SEE_CREDENTIAL_FILE&token=TRELLO_TOKEN_REMOVED_SEE_CREDENTIAL_FILE&idList=6a74cbd3aa052ed2b30c5644
[2026-08-07T17:17:19.758666+00:00] GITHUB_STATUS_UPDATED #19 🚨 VOID Pirate Trading Co GitHub access BLOCKED (403)
[2026-08-07T17:17:19.759165+00:00] CONTINUOUS_OODA_WORKER_COMPLETE
[2026-08-07T17:17:23.048219+00:00] CONTINUOUS_OODA_WORKER_START
[2026-08-07T17:17:24.107406+00:00] TRELLO_ERROR: 404 Client Error: Not Found for url: https://api.trello.com/1/cards/6a737f7e79118dbc2544542a?key=TRELLO_KEY_REMOVED_SEE_CREDENTIAL_FILE&token=TRELLO_TOKEN_REMOVED_SEE_CREDENTIAL_FILE&idList=6a74cbd3aa052ed2b30c5644
[2026-08-07T17:17:26.567661+00:00] GITHUB_STATUS_UPDATED #22 🔐 Security hardening: DARPA-level hive mind mesh
[2026-08-07T17:17:26.568185+00:00] CONTINUOUS_OODA_WORKER_COMPLETE
[2026-08-07T17:17:29.835890+00:00] CONTINUOUS_OODA_WORKER_START
[2026-08-07T17:17:30.844074+00:00] TRELLO_ERROR: 404 Client Error: Not Found for url: https://api.trello.com/1/cards/6a737f7e79118dbc2544542a?key=TRELLO_KEY_REMOVED_SEE_CREDENTIAL_FILE&token=TRELLO_TOKEN_REMOVED_SEE_CREDENTIAL_FILE&idList=6a74cbd3aa052ed2b30c5644
[2026-08-07T17:17:32.578261+00:00] GITHUB_STATUS_UPDATED #14 Discord bot token wiring into crew_map.json/vault config
[2026-08-07T17:17:32.578795+00:00] CONTINUOUS_OODA_WORKER_COMPLETE
[2026-08-07T17:17:35.815907+00:00] CONTINUOUS_OODA_WORKER_START
[2026-08-07T17:17:36.794222+00:00] TRELLO_ERROR: 404 Client Error: Not Found for url: https://api.trello.com/1/cards/6a737f7e79118dbc2544542a?key=TRELLO_KEY_REMOVED_SEE_CREDENTIAL_FILE&token=TRELLO_TOKEN_REMOVED_SEE_CREDENTIAL_FILE&idList=6a74cbd3aa052ed2b30c5644
[2026-08-07T17:17:38.652187+00:00] GITHUB_STATUS_UPDATED #20 🤖 Sir Azure: Discord bot + Trello watcher automation
[2026-08-07T17:17:38.652812+00:00] CONTINUOUS_OODA_WORKER_COMPLETE
[2026-08-07T17:17:41.929514+00:00] CONTINUOUS_OODA_WORKER_START
[2026-08-07T17:17:43.037018+00:00] TRELLO_ERROR: 404 Client Error: Not Found for url: https://api.trello.com/1/cards/6a737f7e79118dbc2544542a?key=TRELLO_KEY_REMOVED_SEE_CREDENTIAL_FILE&token=TRELLO_TOKEN_REMOVED_SEE_CREDENTIAL_FILE&idList=6a74cbd3aa052ed2b30c5644
[2026-08-07T17:17:45.076693+00:00] GITHUB_STATUS_UPDATED #19 🚨 VOID Pirate Trading Co GitHub access BLOCKED (403)
[2026-08-07T17:17:45.077389+00:00] CONTINUOUS_OODA_WORKER_COMPLETE
[2026-08-07T17:17:48.396003+00:00] CONTINUOUS_OODA_WORKER_START
[2026-08-07T17:17:49.452790+00:00] TRELLO_ERROR: 404 Client Error: Not Found for url: https://api.trello.com/1/cards/6a737f7e79118dbc2544542a?key=TRELLO_KEY_REMOVED_SEE_CREDENTIAL_FILE&token=TRELLO_TOKEN_REMOVED_SEE_CREDENTIAL_FILE&idList=6a74cbd3aa052ed2b30c5644
[2026-08-07T17:17:51.196352+00:00] GITHUB_STATUS_UPDATED #22 🔐 Security hardening: DARPA-level hive mind mesh
[2026-08-07T17:17:51.196841+00:00] CONTINUOUS_OODA_WORKER_COMPLETE
[2026-08-07T17:17:54.445114+00:00] CONTINUOUS_OODA_WORKER_START
[2026-08-07T17:17:55.808654+00:00] TRELLO_ERROR: 404 Client Error: Not Found for url: https://api.trello.com/1/cards/6a737f7e79118dbc2544542a?key=TRELLO_KEY_REMOVED_SEE_CREDENTIAL_FILE&token=TRELLO_TOKEN_REMOVED_SEE_CREDENTIAL_FILE&idList=6a74cbd3aa052ed2b30c5644
[2026-08-07T17:17:57.534776+00:00] GITHUB_STATUS_UPDATED #14 Discord bot token wiring into crew_map.json/vault config
[2026-08-07T17:17:57.535247+00:00] CONTINUOUS_OODA_WORKER_COMPLETE
[2026-08-07T17:18:00.800550+00:00] CONTINUOUS_OODA_WORKER_START
[2026-08-07T17:18:01.995216+00:00] TRELLO_ERROR: 404 Client Error: Not Found for url: https://api.trello.com/1/cards/6a737f7e79118dbc2544542a?key=TRELLO_KEY_REMOVED_SEE_CREDENTIAL_FILE&token=TRELLO_TOKEN_REMOVED_SEE_CREDENTIAL_FILE&idList=6a74cbd3aa052ed2b30c5644
[2026-08-07T17:18:03.730456+00:00] GITHUB_STATUS_UPDATED #20 🤖 Sir Azure: Discord bot + Trello watcher automation
[2026-08-07T17:18:03.731099+00:00] CONTINUOUS_OODA_WORKER_COMPLETE
[2026-08-07T17:18:07.017163+00:00] CONTINUOUS_OODA_WORKER_START
[2026-08-07T17:18:08.068637+00:00] TRELLO_ERROR: 404 Client Error: Not Found for url: https://api.trello.com/1/cards/6a737f7e79118dbc2544542a?key=TRELLO_KEY_REMOVED_SEE_CREDENTIAL_FILE&token=TRELLO_TOKEN_REMOVED_SEE_CREDENTIAL_FILE&idList=6a74cbd3aa052ed2b30c5644
[2026-08-07T17:18:09.818074+00:00] GITHUB_STATUS_UPDATED #19 🚨 VOID Pirate Trading Co GitHub access BLOCKED (403)
[2026-08-07T17:18:09.818694+00:00] CONTINUOUS_OODA_WORKER_COMPLETE
[2026-08-07T17:18:13.184845+00:00] CONTINUOUS_OODA_WORKER_START
[2026-08-07T17:18:15.885297+00:00] TRELLO_ERROR: 404 Client Error: Not Found for url: https://api.trello.com/1/cards/6a737f7e79118dbc2544542a?key=TRELLO_KEY_REMOVED_SEE_CREDENTIAL_FILE&token=TRELLO_TOKEN_REMOVED_SEE_CREDENTIAL_FILE&idList=6a74cbd3aa052ed2b30c5644
[2026-08-07T17:18:17.536201+00:00] GITHUB_STATUS_UPDATED #22 🔐 Security hardening: DARPA-level hive mind mesh
[2026-08-07T17:18:17.536667+00:00] CONTINUOUS_OODA_WORKER_COMPLETE
[2026-08-07T17:18:20.772338+00:00] CONTINUOUS_OODA_WORKER_START
[2026-08-07T17:18:22.008046+00:00] TRELLO_ERROR: 404 Client Error: Not Found for url: https://api.trello.com/1/cards/6a737f7e79118dbc2544542a?key=TRELLO_KEY_REMOVED_SEE_CREDENTIAL_FILE&token=TRELLO_TOKEN_REMOVED_SEE_CREDENTIAL_FILE&idList=6a74cbd3aa052ed2b30c5644
[2026-08-07T17:18:23.930755+00:00] GITHUB_STATUS_UPDATED #14 Discord bot token wiring into crew_map.json/vault config
[2026-08-07T17:18:23.931265+00:00] CONTINUOUS_OODA_WORKER_COMPLETE
[2026-08-07T17:18:27.167942+00:00] CONTINUOUS_OODA_WORKER_START
[2026-08-07T17:18:28.082077+00:00] TRELLO_ERROR: 404 Client Error: Not Found for url: https://api.trello.com/1/cards/6a737f7e79118dbc2544542a?key=TRELLO_KEY_REMOVED_SEE_CREDENTIAL_FILE&token=TRELLO_TOKEN_REMOVED_SEE_CREDENTIAL_FILE&idList=6a74cbd3aa052ed2b30c5644
[2026-08-07T17:18:29.541444+00:00] GITHUB_STATUS_UPDATED #20 🤖 Sir Azure: Discord bot + Trello watcher automation
[2026-08-07T17:18:29.541978+00:00] CONTINUOUS_OODA_WORKER_COMPLETE
[2026-08-07T17:18:32.781975+00:00] CONTINUOUS_OODA_WORKER_START
[2026-08-07T17:18:33.922336+00:00] TRELLO_ERROR: 404 Client Error: Not Found for url: https://api.trello.com/1/cards/6a737f7e79118dbc2544542a?key=TRELLO_KEY_REMOVED_SEE_CREDENTIAL_FILE&token=TRELLO_TOKEN_REMOVED_SEE_CREDENTIAL_FILE&idList=6a74cbd3aa052ed2b30c5644
[2026-08-07T17:18:35.539397+00:00] GITHUB_STATUS_UPDATED #19 🚨 VOID Pirate Trading Co GitHub access BLOCKED (403)
[2026-08-07T17:18:35.539885+00:00] CONTINUOUS_OODA_WORKER_COMPLETE
[2026-08-07T17:18:38.781688+00:00] CONTINUOUS_OODA_WORKER_START
[2026-08-07T17:18:39.873283+00:00] TRELLO_ERROR: 404 Client Error: Not Found for url: https://api.trello.com/1/cards/6a737f7e79118dbc2544542a?key=TRELLO_KEY_REMOVED_SEE_CREDENTIAL_FILE&token=TRELLO_TOKEN_REMOVED_SEE_CREDENTIAL_FILE&idList=6a74cbd3aa052ed2b30c5644
[2026-08-07T17:18:41.488660+00:00] GITHUB_STATUS_UPDATED #22 🔐 Security hardening: DARPA-level hive mind mesh
[2026-08-07T17:18:41.489161+00:00] CONTINUOUS_OODA_WORKER_COMPLETE
[2026-08-07T17:18:44.756452+00:00] CONTINUOUS_OODA_WORKER_START
[2026-08-07T17:18:45.791211+00:00] TRELLO_ERROR: 404 Client Error: Not Found for url: https://api.trello.com/1/cards/6a737f7e79118dbc2544542a?key=TRELLO_KEY_REMOVED_SEE_CREDENTIAL_FILE&token=TRELLO_TOKEN_REMOVED_SEE_CREDENTIAL_FILE&idList=6a74cbd3aa052ed2b30c5644
[2026-08-07T17:18:47.605098+00:00] GITHUB_STATUS_UPDATED #14 Discord bot token wiring into crew_map.json/vault config
[2026-08-07T17:18:47.605611+00:00] CONTINUOUS_OODA_WORKER_COMPLETE
[2026-08-07T17:18:50.859117+00:00] CONTINUOUS_OODA_WORKER_START
[2026-08-07T17:18:51.889528+00:00] TRELLO_ERROR: 404 Client Error: Not Found for url: https://api.trello.com/1/cards/6a737f7e79118dbc2544542a?key=TRELLO_KEY_REMOVED_SEE_CREDENTIAL_FILE&token=TRELLO_TOKEN_REMOVED_SEE_CREDENTIAL_FILE&idList=6a74cbd3aa052ed2b30c5644
[2026-08-07T17:18:53.741359+00:00] GITHUB_STATUS_UPDATED #20 🤖 Sir Azure: Discord bot + Trello watcher automation
[2026-08-07T17:18:53.741819+00:00] CONTINUOUS_OODA_WORKER_COMPLETE
[2026-08-07T17:18:57.032405+00:00] CONTINUOUS_OODA_WORKER_START
[2026-08-07T17:18:58.200637+00:00] TRELLO_ERROR: 404 Client Error: Not Found for url: https://api.trello.com/1/cards/6a737f7e79118dbc2544542a?key=TRELLO_KEY_REMOVED_SEE_CREDENTIAL_FILE&token=TRELLO_TOKEN_REMOVED_SEE_CREDENTIAL_FILE&idList=6a74cbd3aa052ed2b30c5644
[2026-08-07T17:19:00.045423+00:00] GITHUB_STATUS_UPDATED #19 🚨 VOID Pirate Trading Co GitHub access BLOCKED (403)
[2026-08-07T17:19:00.045867+00:00] CONTINUOUS_OODA_WORKER_COMPLETE
[2026-08-07T17:19:03.424904+00:00] CONTINUOUS_OODA_WORKER_START
[2026-08-07T17:19:04.418999+00:00] TRELLO_ERROR: 404 Client Error: Not Found for url: https://api.trello.com/1/cards/6a737f7e79118dbc2544542a?key=TRELLO_KEY_REMOVED_SEE_CREDENTIAL_FILE&token=TRELLO_TOKEN_REMOVED_SEE_CREDENTIAL_FILE&idList=6a74cbd3aa052ed2b30c5644
[2026-08-07T17:19:06.405301+00:00] GITHUB_STATUS_UPDATED #22 🔐 Security hardening: DARPA-level hive mind mesh
[2026-08-07T17:19:06.408905+00:00] CONTINUOUS_OODA_WORKER_COMPLETE
[2026-08-07T17:19:09.736642+00:00] CONTINUOUS_OODA_WORKER_START
[2026-08-07T17:19:10.777515+00:00] TRELLO_ERROR: 404 Client Error: Not Found for url: https://api.trello.com/1/cards/6a737f7e79118dbc2544542a?key=TRELLO_KEY_REMOVED_SEE_CREDENTIAL_FILE&token=TRELLO_TOKEN_REMOVED_SEE_CREDENTIAL_FILE&idList=6a74cbd3aa052ed2b30c5644
[2026-08-07T17:19:12.557438+00:00] GITHUB_STATUS_UPDATED #14 Discord bot token wiring into crew_map.json/vault config
[2026-08-07T17:19:12.557981+00:00] CONTINUOUS_OODA_WORKER_COMPLETE
[2026-08-07T17:19:15.943197+00:00] CONTINUOUS_OODA_WORKER_START
[2026-08-07T17:19:17.048977+00:00] TRELLO_ERROR: 404 Client Error: Not Found for url: https://api.trello.com/1/cards/6a737f7e79118dbc2544542a?key=TRELLO_KEY_REMOVED_SEE_CREDENTIAL_FILE&token=TRELLO_TOKEN_REMOVED_SEE_CREDENTIAL_FILE&idList=6a74cbd3aa052ed2b30c5644
[2026-08-07T17:19:18.954483+00:00] GITHUB_STATUS_UPDATED #20 🤖 Sir Azure: Discord bot + Trello watcher automation
[2026-08-07T17:19:18.954997+00:00] CONTINUOUS_OODA_WORKER_COMPLETE
[2026-08-07T17:19:22.191933+00:00] CONTINUOUS_OODA_WORKER_START
[2026-08-07T17:19:23.159230+00:00] TRELLO_ERROR: 404 Client Error: Not Found for url: https://api.trello.com/1/cards/6a737f7e79118dbc2544542a?key=TRELLO_KEY_REMOVED_SEE_CREDENTIAL_FILE&token=TRELLO_TOKEN_REMOVED_SEE_CREDENTIAL_FILE&idList=6a74cbd3aa052ed2b30c5644
[2026-08-07T17:19:24.875717+00:00] GITHUB_STATUS_UPDATED #19 🚨 VOID Pirate Trading Co GitHub access BLOCKED (403)
[2026-08-07T17:19:24.876224+00:00] CONTINUOUS_OODA_WORKER_COMPLETE
[2026-08-07T17:19:28.153539+00:00] CONTINUOUS_OODA_WORKER_START
[2026-08-07T17:19:29.201701+00:00] TRELLO_ERROR: 404 Client Error: Not Found for url: https://api.trello.com/1/cards/6a737f7e79118dbc2544542a?key=TRELLO_KEY_REMOVED_SEE_CREDENTIAL_FILE&token=TRELLO_TOKEN_REMOVED_SEE_CREDENTIAL_FILE&idList=6a74cbd3aa052ed2b30c5644
[2026-08-07T17:19:31.119500+00:00] GITHUB_STATUS_UPDATED #22 🔐 Security hardening: DARPA-level hive mind mesh
[2026-08-07T17:19:31.120004+00:00] CONTINUOUS_OODA_WORKER_COMPLETE
[2026-08-07T17:19:34.413167+00:00] CONTINUOUS_OODA_WORKER_START
[2026-08-07T17:19:35.490117+00:00] TRELLO_ERROR: 404 Client Error: Not Found for url: https://api.trello.com/1/cards/6a737f7e79118dbc2544542a?key=TRELLO_KEY_REMOVED_SEE_CREDENTIAL_FILE&token=TRELLO_TOKEN_REMOVED_SEE_CREDENTIAL_FILE&idList=6a74cbd3aa052ed2b30c5644
[2026-08-07T17:19:37.333788+00:00] GITHUB_STATUS_UPDATED #14 Discord bot token wiring into crew_map.json/vault config
[2026-08-07T17:19:37.334671+00:00] CONTINUOUS_OODA_WORKER_COMPLETE
[2026-08-07T17:19:40.644207+00:00] CONTINUOUS_OODA_WORKER_START
[2026-08-07T17:19:42.033923+00:00] TRELLO_ERROR: 404 Client Error: Not Found for url: https://api.trello.com/1/cards/6a737f7e79118dbc2544542a?key=TRELLO_KEY_REMOVED_SEE_CREDENTIAL_FILE&token=TRELLO_TOKEN_REMOVED_SEE_CREDENTIAL_FILE&idList=6a74cbd3aa052ed2b30c5644
[2026-08-07T17:19:44.077540+00:00] GITHUB_STATUS_UPDATED #20 🤖 Sir Azure: Discord bot + Trello watcher automation
[2026-08-07T17:19:44.078028+00:00] CONTINUOUS_OODA_WORKER_COMPLETE
[2026-08-07T17:26:41.396984+00:00] CONTINUOUS_OODA_WORKER_START
[2026-08-07T17:26:42.386060+00:00] TRELLO_ERROR: 404 Client Error: Not Found for url: https://api.trello.com/1/cards/6a758914570bb5e64769122a?key=TRELLO_KEY_REMOVED_SEE_CREDENTIAL_FILE&token=TRELLO_TOKEN_REMOVED_SEE_CREDENTIAL_FILE&idList=6a74cbd3aa052ed2b30c5644
[2026-08-07T17:26:44.234320+00:00] GITHUB_STATUS_UPDATED #19 🚨 VOID Pirate Trading Co GitHub access BLOCKED (403)
[2026-08-07T17:26:44.234828+00:00] CONTINUOUS_OODA_WORKER_COMPLETE
[2026-08-07T17:26:44.490991+00:00] CONTINUOUS_OODA_WORKER_START
[2026-08-07T17:26:45.495575+00:00] TRELLO_ERROR: 404 Client Error: Not Found for url: https://api.trello.com/1/cards/6a758914570bb5e64769122a?key=TRELLO_KEY_REMOVED_SEE_CREDENTIAL_FILE&token=TRELLO_TOKEN_REMOVED_SEE_CREDENTIAL_FILE&idList=6a74cbd3aa052ed2b30c5644
[2026-08-07T17:26:47.188951+00:00] GITHUB_STATUS_UPDATED #22 🔐 Security hardening: DARPA-level hive mind mesh
[2026-08-07T17:26:47.189395+00:00] CONTINUOUS_OODA_WORKER_COMPLETE
[2026-08-07T17:26:47.388588+00:00] CONTINUOUS_OODA_WORKER_START
[2026-08-07T17:26:48.475881+00:00] TRELLO_ERROR: 404 Client Error: Not Found for url: https://api.trello.com/1/cards/6a758914570bb5e64769122a?key=TRELLO_KEY_REMOVED_SEE_CREDENTIAL_FILE&token=TRELLO_TOKEN_REMOVED_SEE_CREDENTIAL_FILE&idList=6a74cbd3aa052ed2b30c5644
[2026-08-07T17:26:50.256452+00:00] GITHUB_STATUS_UPDATED #14 Discord bot token wiring into crew_map.json/vault config
[2026-08-07T17:26:50.256981+00:00] CONTINUOUS_OODA_WORKER_COMPLETE
[2026-08-07T17:26:50.448337+00:00] CONTINUOUS_OODA_WORKER_START
[2026-08-07T17:26:51.651121+00:00] TRELLO_ERROR: 404 Client Error: Not Found for url: https://api.trello.com/1/cards/6a758914570bb5e64769122a?key=TRELLO_KEY_REMOVED_SEE_CREDENTIAL_FILE&token=TRELLO_TOKEN_REMOVED_SEE_CREDENTIAL_FILE&idList=6a74cbd3aa052ed2b30c5644
[2026-08-07T17:26:53.611534+00:00] GITHUB_STATUS_UPDATED #20 🤖 Sir Azure: Discord bot + Trello watcher automation
[2026-08-07T17:26:53.611966+00:00] CONTINUOUS_OODA_WORKER_COMPLETE
[2026-08-07T17:26:53.805560+00:00] CONTINUOUS_OODA_WORKER_START
[2026-08-07T17:26:54.897782+00:00] TRELLO_ERROR: 404 Client Error: Not Found for url: https://api.trello.com/1/cards/6a758914570bb5e64769122a?key=TRELLO_KEY_REMOVED_SEE_CREDENTIAL_FILE&token=TRELLO_TOKEN_REMOVED_SEE_CREDENTIAL_FILE&idList=6a74cbd3aa052ed2b30c5644
[2026-08-07T17:26:56.554448+00:00] GITHUB_STATUS_UPDATED #19 🚨 VOID Pirate Trading Co GitHub access BLOCKED (403)
[2026-08-07T17:26:56.554881+00:00] CONTINUOUS_OODA_WORKER_COMPLETE
[2026-08-07T17:26:56.811747+00:00] CONTINUOUS_OODA_WORKER_START
[2026-08-07T17:26:58.444160+00:00] TRELLO_ERROR: 404 Client Error: Not Found for url: https://api.trello.com/1/cards/6a758914570bb5e64769122a?key=TRELLO_KEY_REMOVED_SEE_CREDENTIAL_FILE&token=TRELLO_TOKEN_REMOVED_SEE_CREDENTIAL_FILE&idList=6a74cbd3aa052ed2b30c5644
[2026-08-07T17:27:00.116778+00:00] GITHUB_STATUS_UPDATED #22 🔐 Security hardening: DARPA-level hive mind mesh
[2026-08-07T17:27:00.117243+00:00] CONTINUOUS_OODA_WORKER_COMPLETE
[2026-08-07T17:27:00.321635+00:00] CONTINUOUS_OODA_WORKER_START
[2026-08-07T17:27:01.517687+00:00] TRELLO_ERROR: 404 Client Error: Not Found for url: https://api.trello.com/1/cards/6a758914570bb5e64769122a?key=TRELLO_KEY_REMOVED_SEE_CREDENTIAL_FILE&token=TRELLO_TOKEN_REMOVED_SEE_CREDENTIAL_FILE&idList=6a74cbd3aa052ed2b30c5644
[2026-08-07T17:27:03.172542+00:00] GITHUB_STATUS_UPDATED #14 Discord bot token wiring into crew_map.json/vault config
[2026-08-07T17:27:03.173012+00:00] CONTINUOUS_OODA_WORKER_COMPLETE
[2026-08-07T17:27:03.367849+00:00] CONTINUOUS_OODA_WORKER_START
[2026-08-07T17:27:04.487482+00:00] TRELLO_ERROR: 404 Client Error: Not Found for url: https://api.trello.com/1/cards/6a758914570bb5e64769122a?key=TRELLO_KEY_REMOVED_SEE_CREDENTIAL_FILE&token=TRELLO_TOKEN_REMOVED_SEE_CREDENTIAL_FILE&idList=6a74cbd3aa052ed2b30c5644
[2026-08-07T17:27:06.464906+00:00] GITHUB_STATUS_UPDATED #20 🤖 Sir Azure: Discord bot + Trello watcher automation
[2026-08-07T17:27:06.465370+00:00] CONTINUOUS_OODA_WORKER_COMPLETE
[2026-08-07T17:27:06.697194+00:00] CONTINUOUS_OODA_WORKER_START
[2026-08-07T17:27:08.052779+00:00] TRELLO_ERROR: 404 Client Error: Not Found for url: https://api.trello.com/1/cards/6a758914570bb5e64769122a?key=TRELLO_KEY_REMOVED_SEE_CREDENTIAL_FILE&token=TRELLO_TOKEN_REMOVED_SEE_CREDENTIAL_FILE&idList=6a74cbd3aa052ed2b30c5644
[2026-08-07T17:27:09.719947+00:00] GITHUB_STATUS_UPDATED #19 🚨 VOID Pirate Trading Co GitHub access BLOCKED (403)
[2026-08-07T17:27:09.720398+00:00] CONTINUOUS_OODA_WORKER_COMPLETE
[2026-08-07T17:27:09.930043+00:00] CONTINUOUS_OODA_WORKER_START
[2026-08-07T17:27:10.863116+00:00] TRELLO_ERROR: 404 Client Error: Not Found for url: https://api.trello.com/1/cards/6a758914570bb5e64769122a?key=TRELLO_KEY_REMOVED_SEE_CREDENTIAL_FILE&token=TRELLO_TOKEN_REMOVED_SEE_CREDENTIAL_FILE&idList=6a74cbd3aa052ed2b30c5644
[2026-08-07T17:27:12.546316+00:00] GITHUB_STATUS_UPDATED #22 🔐 Security hardening: DARPA-level hive mind mesh
[2026-08-07T17:27:12.546825+00:00] CONTINUOUS_OODA_WORKER_COMPLETE
[2026-08-07T17:30:57.895171+00:00] CONTINUOUS_OODA_WORKER_START
[2026-08-07T17:30:57.903352+00:00] TRELLO_ERROR: name 'api_get' is not defined
[2026-08-07T17:30:59.539847+00:00] GITHUB_STATUS_UPDATED #14 Discord bot token wiring into crew_map.json/vault config
[2026-08-07T17:30:59.540305+00:00] CONTINUOUS_OODA_WORKER_COMPLETE
[2026-08-07T17:30:59.748525+00:00] CONTINUOUS_OODA_WORKER_START
[2026-08-07T17:30:59.756054+00:00] TRELLO_ERROR: name 'api_get' is not defined
[2026-08-07T17:31:01.465002+00:00] GITHUB_STATUS_UPDATED #20 🤖 Sir Azure: Discord bot + Trello watcher automation
[2026-08-07T17:31:01.465645+00:00] CONTINUOUS_OODA_WORKER_COMPLETE
[2026-08-07T17:31:01.676857+00:00] CONTINUOUS_OODA_WORKER_START
[2026-08-07T17:31:01.685537+00:00] TRELLO_ERROR: name 'api_get' is not defined
[2026-08-07T17:31:03.198181+00:00] GITHUB_STATUS_UPDATED #19 🚨 VOID Pirate Trading Co GitHub access BLOCKED (403)
[2026-08-07T17:31:03.198660+00:00] CONTINUOUS_OODA_WORKER_COMPLETE
[2026-08-07T17:31:03.426174+00:00] CONTINUOUS_OODA_WORKER_START
[2026-08-07T17:31:03.433890+00:00] TRELLO_ERROR: name 'api_get' is not defined
[2026-08-07T17:31:05.285323+00:00] GITHUB_STATUS_UPDATED #22 🔐 Security hardening: DARPA-level hive mind mesh
[2026-08-07T17:31:05.285768+00:00] CONTINUOUS_OODA_WORKER_COMPLETE
[2026-08-07T17:31:05.478313+00:00] CONTINUOUS_OODA_WORKER_START
[2026-08-07T17:31:05.486004+00:00] TRELLO_ERROR: name 'api_get' is not defined
[2026-08-07T17:31:07.025523+00:00] GITHUB_STATUS_UPDATED #14 Discord bot token wiring into crew_map.json/vault config
[2026-08-07T17:31:07.025985+00:00] CONTINUOUS_OODA_WORKER_COMPLETE
[2026-08-07T17:33:17.434062+00:00] CONTINUOUS_OODA_WORKER_START
[2026-08-07T17:33:21.696742+00:00] TRELLO_STATUS_UPDATED 6a712fac7a8a9649b153e078 Set revenue milestone: first paid tool upgrade
[2026-08-07T17:33:21.697607+00:00] CONTINUOUS_OODA_WORKER_COMPLETE
[2026-08-07T17:38:20.697512+00:00] CONTINUOUS_OODA_WORKER_START
[2026-08-07T17:38:26.333520+00:00] TRELLO_STATUS_UPDATED 6a73c1df44ddb17b0142b8c9 🐳 Sir Azure: ComfyUI/Redis/MinIO/Postgres/Nginx on SQUIDSTATION
[2026-08-07T17:38:26.334418+00:00] CONTINUOUS_OODA_WORKER_COMPLETE
[2026-08-07T17:38:36.297139+00:00] CONTINUOUS_OODA_WORKER_START
[2026-08-07T17:38:44.068867+00:00] TRELLO_STATUS_UPDATED 6a71b462b21cd08f9f3f6eb9 Master OODA Execution Tasklist — P0-P3
[2026-08-07T17:38:44.069699+00:00] CONTINUOUS_OODA_WORKER_COMPLETE
[2026-08-07T17:38:44.278753+00:00] CONTINUOUS_OODA_WORKER_START
[2026-08-07T17:38:48.488591+00:00] TRELLO_STATUS_UPDATED 6a752e3da134f0acb0d5e8d8 Miss Pink: build hive-mind mesh automation bridge for SQUIDSTATION/PINKCADY/STEALTHATTACK
[2026-08-07T17:38:48.489481+00:00] CONTINUOUS_OODA_WORKER_COMPLETE
[2026-08-07T17:38:48.702129+00:00] CONTINUOUS_OODA_WORKER_START
[2026-08-07T17:38:53.012264+00:00] TRELLO_STATUS_UPDATED 6a752e3eff4d9d4cca8945a1 Fleet: deploy fleet_comms_watcher on SQUIDSTATION/PINKCADY/STEALTHATTACK
[2026-08-07T17:38:53.013067+00:00] CONTINUOUS_OODA_WORKER_COMPLETE
[2026-08-07T17:38:53.220806+00:00] CONTINUOUS_OODA_WORKER_START
[2026-08-07T17:38:57.494294+00:00] TRELLO_STATUS_UPDATED 6a758914570bb5e64769122a 📨 [INBOX] STATUS UPDATE DASHBOARD 8080 FIXED PLUGIN AUDIT PENDING AND DISCORD TOKEN BLOCKER 20260806T024500Z sirgreen.msg
[2026-08-07T17:38:57.495440+00:00] CONTINUOUS_OODA_WORKER_COMPLETE
[2026-08-07T17:38:57.716557+00:00] CONTINUOUS_OODA_WORKER_START
[2026-08-07T17:39:02.825682+00:00] TRELLO_STATUS_UPDATED 6a712bc79bc50687e977187a Deploy website to free hosting
[2026-08-07T17:39:02.826585+00:00] CONTINUOUS_OODA_WORKER_COMPLETE
[2026-08-07T17:39:03.041587+00:00] CONTINUOUS_OODA_WORKER_START
[2026-08-07T17:39:25.510946+00:00] TRELLO_STATUS_UPDATED 6a758919687b61bbb3db9255 📨 [INBOX] trello api 401 invalid key blocker sirgreen 20260806
[2026-08-07T17:39:25.511964+00:00] CONTINUOUS_OODA_WORKER_COMPLETE
[2026-08-07T17:39:25.711547+00:00] CONTINUOUS_OODA_WORKER_START
[2026-08-07T17:39:47.460369+00:00] TRELLO_STATUS_UPDATED 6a75891fe2e1acad47a8101d 📨 [INBOX] sirgreen docker deep dive urgent sirgreen 20260806
[2026-08-07T17:39:47.461230+00:00] CONTINUOUS_OODA_WORKER_COMPLETE
[2026-08-07T17:39:47.668044+00:00] CONTINUOUS_OODA_WORKER_START
[2026-08-07T17:40:11.563304+00:00] TRELLO_STATUS_UPDATED 6a7589189ca085ca8dce78a8 📨 [INBOX] trello api 401 invalid key blocker sirazure 20260806
[2026-08-07T17:40:11.564419+00:00] CONTINUOUS_OODA_WORKER_COMPLETE
[2026-08-07T17:40:11.796593+00:00] CONTINUOUS_OODA_WORKER_START
[2026-08-07T17:40:34.309194+00:00] TRELLO_STATUS_UPDATED 6a7589217259b91d11ae66f1 📨 [INBOX] sirazure re docker urgent findings sirazure 20260806
[2026-08-07T17:40:34.310336+00:00] CONTINUOUS_OODA_WORKER_COMPLETE
[2026-08-07T17:40:34.525487+00:00] CONTINUOUS_OODA_WORKER_START
[2026-08-07T17:40:56.624892+00:00] TRELLO_STATUS_UPDATED 6a713b0f7fec1de4568f6906 DEPLOY.md created
[2026-08-07T17:40:56.626014+00:00] CONTINUOUS_OODA_WORKER_COMPLETE
[2026-08-07T17:52:17.954927+00:00] CONTINUOUS_OODA_WORKER_START
[2026-08-07T17:52:19.396877+00:00] TRELLO_STATUS_UPDATED 6a7499631c1a36043e1059e2 [P1] Sir Green: add /api/security-docs route to dashboard_server.py
[2026-08-07T17:52:19.397998+00:00] CONTINUOUS_OODA_WORKER_COMPLETE
[2026-08-07T17:52:19.602809+00:00] CONTINUOUS_OODA_WORKER_START
[2026-08-07T17:52:23.588673+00:00] TRELLO_STATUS_UPDATED 6a712fac7a8a9649b153e078 Set revenue milestone: first paid tool upgrade
[2026-08-07T17:52:23.589507+00:00] CONTINUOUS_OODA_WORKER_COMPLETE
[2026-08-07T17:52:23.789193+00:00] CONTINUOUS_OODA_WORKER_START
[2026-08-07T17:52:27.706390+00:00] TRELLO_STATUS_UPDATED 6a737f7e79118dbc2544542a 📡 Add Cosmos Library update watcher without cloning Squidstation vault
[2026-08-07T17:52:27.707509+00:00] CONTINUOUS_OODA_WORKER_COMPLETE
[2026-08-07T17:52:27.982546+00:00] CONTINUOUS_OODA_WORKER_START
[2026-08-07T17:52:32.699500+00:00] TRELLO_STATUS_UPDATED 6a73c1df44ddb17b0142b8c9 🐳 Sir Azure: ComfyUI/Redis/MinIO/Postgres/Nginx on SQUIDSTATION
[2026-08-07T17:52:32.700412+00:00] CONTINUOUS_OODA_WORKER_COMPLETE
[2026-08-07T17:52:32.900907+00:00] CONTINUOUS_OODA_WORKER_START
[2026-08-07T17:52:36.759164+00:00] TRELLO_STATUS_UPDATED 6a71b462b21cd08f9f3f6eb9 Master OODA Execution Tasklist — P0-P3
[2026-08-07T17:52:36.760052+00:00] CONTINUOUS_OODA_WORKER_COMPLETE
[2026-08-07T17:53:41.617018+00:00] TEST_AUTO_SORT_START
[2026-08-07T17:53:42.345601+00:00] INBOX_SCAN cards=4
[2026-08-07T17:54:13.630076+00:00] TEST_AUTO_SORT_START
[2026-08-07T17:54:14.289433+00:00] INBOX_SCAN cards=4
[2026-08-07T17:56:39.339107+00:00] CONTINUOUS_OODA_WORKER_START
[2026-08-07T17:56:43.788075+00:00] TRELLO_STATUS_UPDATED 6a752e3da134f0acb0d5e8d8 Miss Pink: build hive-mind mesh automation bridge for SQUIDSTATION/PINKCADY/STEALTHATTACK
[2026-08-07T17:56:43.788938+00:00] CONTINUOUS_OODA_WORKER_COMPLETE
[2026-08-07T17:56:43.984178+00:00] CONTINUOUS_OODA_WORKER_START
[2026-08-07T17:56:48.118120+00:00] TRELLO_STATUS_UPDATED 6a752e3eff4d9d4cca8945a1 Fleet: deploy fleet_comms_watcher on SQUIDSTATION/PINKCADY/STEALTHATTACK
[2026-08-07T17:56:48.119399+00:00] CONTINUOUS_OODA_WORKER_COMPLETE
[2026-08-07T17:56:48.409044+00:00] CONTINUOUS_OODA_WORKER_START
[2026-08-07T17:56:52.881940+00:00] TRELLO_STATUS_UPDATED 6a758916afae5cf53ccccf33 📨 [INBOX] miss gordon docker blockers sirgreen 20260806
[2026-08-07T17:56:52.882839+00:00] CONTINUOUS_OODA_WORKER_COMPLETE
[2026-08-07T17:56:53.090798+00:00] CONTINUOUS_OODA_WORKER_START
[2026-08-07T17:56:57.165645+00:00] TRELLO_STATUS_UPDATED 6a758914570bb5e64769122a 📨 [INBOX] STATUS UPDATE DASHBOARD 8080 FIXED PLUGIN AUDIT PENDING AND DISCORD TOKEN BLOCKER 20260806T024500Z sirgreen.msg
[2026-08-07T17:56:57.166473+00:00] CONTINUOUS_OODA_WORKER_COMPLETE
[2026-08-07T17:56:57.364335+00:00] CONTINUOUS_OODA_WORKER_START
[2026-08-07T17:57:02.261932+00:00] TRELLO_STATUS_UPDATED 6a712bc79bc50687e977187a Deploy website to free hosting
[2026-08-07T17:57:02.262835+00:00] CONTINUOUS_OODA_WORKER_COMPLETE
[2026-08-07T17:57:58.426723+00:00] CONTINUOUS_OODA_WORKER_START
[2026-08-07T17:58:19.182350+00:00] TRELLO_STATUS_UPDATED 6a758919687b61bbb3db9255 📨 [INBOX] trello api 401 invalid key blocker sirgreen 20260806
[2026-08-07T17:58:19.183250+00:00] CONTINUOUS_OODA_WORKER_COMPLETE
[2026-08-07T17:58:19.383361+00:00] CONTINUOUS_OODA_WORKER_START
[2026-08-07T17:58:40.311184+00:00] TRELLO_STATUS_UPDATED 6a75891fe2e1acad47a8101d 📨 [INBOX] sirgreen docker deep dive urgent sirgreen 20260806
[2026-08-07T17:58:40.312254+00:00] CONTINUOUS_OODA_WORKER_COMPLETE
[2026-08-07T17:58:40.524059+00:00] CONTINUOUS_OODA_WORKER_START
[2026-08-07T17:59:01.102286+00:00] TRELLO_STATUS_UPDATED 6a7589189ca085ca8dce78a8 📨 [INBOX] trello api 401 invalid key blocker sirazure 20260806
[2026-08-07T17:59:01.103216+00:00] CONTINUOUS_OODA_WORKER_COMPLETE
[2026-08-07T17:59:01.303215+00:00] CONTINUOUS_OODA_WORKER_START
[2026-08-07T17:59:22.007305+00:00] TRELLO_STATUS_UPDATED 6a7589217259b91d11ae66f1 📨 [INBOX] sirazure re docker urgent findings sirazure 20260806
[2026-08-07T17:59:22.008184+00:00] CONTINUOUS_OODA_WORKER_COMPLETE
[2026-08-07T17:59:22.208691+00:00] CONTINUOUS_OODA_WORKER_START
[2026-08-07T17:59:42.532331+00:00] TRELLO_STATUS_UPDATED 6a713b0f7fec1de4568f6906 DEPLOY.md created
[2026-08-07T17:59:42.533284+00:00] CONTINUOUS_OODA_WORKER_COMPLETE
[2026-08-07T17:59:42.735992+00:00] CONTINUOUS_OODA_WORKER_START
[2026-08-07T18:00:04.313085+00:00] TRELLO_STATUS_UPDATED 6a73e04f545d92a2f50c5f3f 🔁 [P2] Self-healing automation daemon
[2026-08-07T18:00:04.313958+00:00] CONTINUOUS_OODA_WORKER_COMPLETE
[2026-08-07T18:00:04.557714+00:00] CONTINUOUS_OODA_WORKER_START
[2026-08-07T18:00:28.601037+00:00] TRELLO_STATUS_UPDATED 6a742142c4eea9f50d2c583b [P2] DEPLOYMENT_RUNBOOK.md
[2026-08-07T18:00:28.602278+00:00] CONTINUOUS_OODA_WORKER_COMPLETE
[2026-08-07T18:00:28.843944+00:00] CONTINUOUS_OODA_WORKER_START
[2026-08-07T18:00:53.283927+00:00] TRELLO_STATUS_UPDATED 6a737f7c8714ca5b28fb892e 🧭 Wire Miss Pink persona attributes into vault docs/automation
[2026-08-07T18:00:53.285065+00:00] CONTINUOUS_OODA_WORKER_COMPLETE
[2026-08-07T18:00:53.490358+00:00] CONTINUOUS_OODA_WORKER_START
[2026-08-07T18:01:17.760950+00:00] TRELLO_STATUS_UPDATED 6a70fd5df386c9b9c9509813 Research free automation tools (Zapier/Make/n8n)
[2026-08-07T18:01:17.762138+00:00] CONTINUOUS_OODA_WORKER_COMPLETE
[2026-08-07T18:01:17.973040+00:00] CONTINUOUS_OODA_WORKER_START
[2026-08-07T18:01:42.702030+00:00] TRELLO_STATUS_UPDATED 6a715c01e0c5b1f394020f9a Choose payment processor alternative
[2026-08-07T18:01:42.703085+00:00] CONTINUOUS_OODA_WORKER_COMPLETE
[2026-08-07T18:24:30.612353+00:00] CONTINUOUS_OODA_WORKER_START
[2026-08-07T18:24:31.984507+00:00] TRELLO_STATUS_UPDATED 6a7499631c1a36043e1059e2 [P1] Sir Green: add /api/security-docs route to dashboard_server.py
[2026-08-07T18:24:31.985786+00:00] CONTINUOUS_OODA_WORKER_COMPLETE
[2026-08-07T18:24:32.208882+00:00] CONTINUOUS_OODA_WORKER_START
[2026-08-07T18:24:35.976002+00:00] TRELLO_STATUS_UPDATED 6a712fac7a8a9649b153e078 Set revenue milestone: first paid tool upgrade
[2026-08-07T18:24:35.976860+00:00] CONTINUOUS_OODA_WORKER_COMPLETE
[2026-08-07T18:24:36.177879+00:00] CONTINUOUS_OODA_WORKER_START
[2026-08-07T18:24:39.883402+00:00] TRELLO_STATUS_UPDATED 6a737f7e79118dbc2544542a 📡 Add Cosmos Library update watcher without cloning Squidstation vault
[2026-08-07T18:24:39.884293+00:00] CONTINUOUS_OODA_WORKER_COMPLETE
[2026-08-07T18:24:40.082654+00:00] CONTINUOUS_OODA_WORKER_START
[2026-08-07T18:24:43.719484+00:00] TRELLO_STATUS_UPDATED 6a73c1df44ddb17b0142b8c9 🐳 Sir Azure: ComfyUI/Redis/MinIO/Postgres/Nginx on SQUIDSTATION
[2026-08-07T18:24:43.720410+00:00] CONTINUOUS_OODA_WORKER_COMPLETE
[2026-08-07T18:24:43.937184+00:00] CONTINUOUS_OODA_WORKER_START
[2026-08-07T18:24:47.642960+00:00] TRELLO_STATUS_UPDATED 6a71b462b21cd08f9f3f6eb9 Master OODA Execution Tasklist — P0-P3
[2026-08-07T18:24:47.643841+00:00] CONTINUOUS_OODA_WORKER_COMPLETE
[2026-08-07T18:24:47.843715+00:00] CONTINUOUS_OODA_WORKER_START
[2026-08-07T18:24:51.610908+00:00] TRELLO_STATUS_UPDATED 6a752e3da134f0acb0d5e8d8 Miss Pink: build hive-mind mesh automation bridge for SQUIDSTATION/PINKCADY/STEALTHATTACK
[2026-08-07T18:24:51.612174+00:00] CONTINUOUS_OODA_WORKER_COMPLETE
[2026-08-07T18:24:51.876618+00:00] CONTINUOUS_OODA_WORKER_START
[2026-08-07T18:24:55.657165+00:00] TRELLO_STATUS_UPDATED 6a752e3eff4d9d4cca8945a1 Fleet: deploy fleet_comms_watcher on SQUIDSTATION/PINKCADY/STEALTHATTACK
[2026-08-07T18:24:55.658192+00:00] CONTINUOUS_OODA_WORKER_COMPLETE
[2026-08-07T18:24:55.863420+00:00] CONTINUOUS_OODA_WORKER_START
[2026-08-07T18:24:59.442389+00:00] TRELLO_STATUS_UPDATED 6a758916afae5cf53ccccf33 📨 [INBOX] miss gordon docker blockers sirgreen 20260806
[2026-08-07T18:24:59.443250+00:00] CONTINUOUS_OODA_WORKER_COMPLETE
[2026-08-07T18:24:59.655421+00:00] CONTINUOUS_OODA_WORKER_START
[2026-08-07T18:25:03.535004+00:00] TRELLO_STATUS_UPDATED 6a758914570bb5e64769122a 📨 [INBOX] STATUS UPDATE DASHBOARD 8080 FIXED PLUGIN AUDIT PENDING AND DISCORD TOKEN BLOCKER 20260806T024500Z sirgreen.msg
[2026-08-07T18:25:03.536068+00:00] CONTINUOUS_OODA_WORKER_COMPLETE
[2026-08-07T18:25:03.759034+00:00] CONTINUOUS_OODA_WORKER_START
[2026-08-07T18:25:08.434972+00:00] TRELLO_STATUS_UPDATED 6a712bc79bc50687e977187a Deploy website to free hosting
[2026-08-07T18:25:08.436132+00:00] CONTINUOUS_OODA_WORKER_COMPLETE
[2026-08-07T18:25:08.654245+00:00] CONTINUOUS_OODA_WORKER_START
[2026-08-07T18:25:29.435600+00:00] TRELLO_STATUS_UPDATED 6a758919687b61bbb3db9255 📨 [INBOX] trello api 401 invalid key blocker sirgreen 20260806
[2026-08-07T18:25:29.436791+00:00] CONTINUOUS_OODA_WORKER_COMPLETE
[2026-08-07T18:25:29.638500+00:00] CONTINUOUS_OODA_WORKER_START
[2026-08-07T18:25:57.042503+00:00] TRELLO_STATUS_UPDATED 6a75891fe2e1acad47a8101d 📨 [INBOX] sirgreen docker deep dive urgent sirgreen 20260806
[2026-08-07T18:25:57.043394+00:00] CONTINUOUS_OODA_WORKER_COMPLETE
[2026-08-07T18:25:57.280323+00:00] CONTINUOUS_OODA_WORKER_START
[2026-08-07T18:26:23.903082+00:00] TRELLO_STATUS_UPDATED 6a7589189ca085ca8dce78a8 📨 [INBOX] trello api 401 invalid key blocker sirazure 20260806
[2026-08-07T18:26:23.904040+00:00] CONTINUOUS_OODA_WORKER_COMPLETE
[2026-08-07T18:26:24.113827+00:00] CONTINUOUS_OODA_WORKER_START
[2026-08-07T18:26:50.641783+00:00] TRELLO_STATUS_UPDATED 6a7589217259b91d11ae66f1 📨 [INBOX] sirazure re docker urgent findings sirazure 20260806
[2026-08-07T18:26:50.643000+00:00] CONTINUOUS_OODA_WORKER_COMPLETE
[2026-08-07T18:26:50.841523+00:00] CONTINUOUS_OODA_WORKER_START
[2026-08-07T18:27:17.176450+00:00] TRELLO_STATUS_UPDATED 6a713b0f7fec1de4568f6906 DEPLOY.md created
[2026-08-07T18:27:17.178111+00:00] CONTINUOUS_OODA_WORKER_COMPLETE
[2026-08-07T18:27:17.456998+00:00] CONTINUOUS_OODA_WORKER_START
[2026-08-07T18:27:44.498463+00:00] TRELLO_STATUS_UPDATED 6a73e04f545d92a2f50c5f3f 🔁 [P2] Self-healing automation daemon
[2026-08-07T18:27:44.500027+00:00] CONTINUOUS_OODA_WORKER_COMPLETE
[2026-08-07T18:27:44.720425+00:00] CONTINUOUS_OODA_WORKER_START
[2026-08-07T18:28:10.624313+00:00] TRELLO_STATUS_UPDATED 6a742142c4eea9f50d2c583b [P2] DEPLOYMENT_RUNBOOK.md
[2026-08-07T18:28:10.625235+00:00] CONTINUOUS_OODA_WORKER_COMPLETE
[2026-08-07T18:28:10.821201+00:00] CONTINUOUS_OODA_WORKER_START
[2026-08-07T18:28:39.033231+00:00] TRELLO_STATUS_UPDATED 6a737f7c8714ca5b28fb892e 🧭 Wire Miss Pink persona attributes into vault docs/automation
[2026-08-07T18:28:39.034663+00:00] CONTINUOUS_OODA_WORKER_COMPLETE
[2026-08-07T18:28:39.245857+00:00] CONTINUOUS_OODA_WORKER_START
[2026-08-07T18:29:07.093655+00:00] TRELLO_STATUS_UPDATED 6a70fd5df386c9b9c9509813 Research free automation tools (Zapier/Make/n8n)
[2026-08-07T18:29:07.094588+00:00] CONTINUOUS_OODA_WORKER_COMPLETE
[2026-08-07T18:29:07.308300+00:00] CONTINUOUS_OODA_WORKER_START
[2026-08-07T18:29:48.715557+00:00] CONTINUOUS_OODA_WORKER_START
[2026-08-07T18:30:15.584269+00:00] TRELLO_STATUS_UPDATED 6a715c01e0c5b1f394020f9a Choose payment processor alternative
[2026-08-07T18:30:15.585191+00:00] CONTINUOUS_OODA_WORKER_COMPLETE
[2026-08-07T18:30:15.799972+00:00] CONTINUOUS_OODA_WORKER_START
[2026-08-07T18:30:44.943572+00:00] TRELLO_STATUS_UPDATED 6a70da7ce5231e90cb0dd18e Trello Sync Automation
[2026-08-07T18:30:44.944424+00:00] CONTINUOUS_OODA_WORKER_COMPLETE
[2026-08-07T18:30:45.147190+00:00] CONTINUOUS_OODA_WORKER_START
[2026-08-07T18:31:13.143384+00:00] TRELLO_STATUS_UPDATED 6a714260e16bb14c1e238e8e Updated daily_ops_automation.py
[2026-08-07T18:31:13.144279+00:00] CONTINUOUS_OODA_WORKER_COMPLETE
[2026-08-07T18:31:13.339342+00:00] CONTINUOUS_OODA_WORKER_START
[2026-08-07T18:31:38.070299+00:00] TRELLO_STATUS_UPDATED 6a7185ee9623f3429b2bbbae SIR_GREEN_DEPLOYMENT_PROMPT created
[2026-08-07T18:31:38.071202+00:00] CONTINUOUS_OODA_WORKER_COMPLETE
[2026-08-07T18:31:38.335887+00:00] CONTINUOUS_OODA_WORKER_START
[2026-08-07T18:31:58.611996+00:00] TRELLO_STATUS_UPDATED 6a7124371696c8171433b8fe Bug hunt weekly_review_automation.py
[2026-08-07T18:31:58.613154+00:00] CONTINUOUS_OODA_WORKER_COMPLETE
[2026-08-07T18:32:34.664168+00:00] CONTINUOUS_OODA_WORKER_START
[2026-08-07T18:32:55.728703+00:00] TRELLO_STATUS_UPDATED 6a712438ca3780f35985256d Update 00_Vault_Home.md with build status
[2026-08-07T18:32:55.729639+00:00] CONTINUOUS_OODA_WORKER_COMPLETE
[2026-08-07T18:32:55.940099+00:00] CONTINUOUS_OODA_WORKER_START
[2026-08-07T18:33:17.364594+00:00] TRELLO_STATUS_UPDATED 6a7157f290ff88a1b31ae1c8 US Bank account automation — CSV → Wave → categorization
[2026-08-07T18:33:17.365488+00:00] CONTINUOUS_OODA_WORKER_COMPLETE
[2026-08-07T18:33:17.595065+00:00] CONTINUOUS_OODA_WORKER_START
[2026-08-07T18:33:38.058247+00:00] TRELLO_STATUS_UPDATED 6a715c0370ee36715d579861 Full automation audit complete
[2026-08-07T18:33:38.059261+00:00] CONTINUOUS_OODA_WORKER_COMPLETE
[2026-08-07T18:33:38.269871+00:00] CONTINUOUS_OODA_WORKER_START
[2026-08-07T18:33:58.258848+00:00] TRELLO_STATUS_UPDATED 6a71242b3f23db4fb69d6f7c Wire Buffer API into buffer_automation.py
[2026-08-07T18:33:58.259757+00:00] CONTINUOUS_OODA_WORKER_COMPLETE
[2026-08-07T18:33:58.467535+00:00] CONTINUOUS_OODA_WORKER_START
[2026-08-07T18:34:18.714267+00:00] TRELLO_STATUS_UPDATED 6a71242c76ca67e9e4de6505 Wire Zapier webhook into zapier_automation.py
[2026-08-07T18:34:18.715418+00:00] CONTINUOUS_OODA_WORKER_COMPLETE
[2026-08-07T18:34:18.942482+00:00] CONTINUOUS_OODA_WORKER_START
[2026-08-07T18:34:41.213129+00:00] TRELLO_STATUS_UPDATED 6a71242e3f23db4fb69d7c9b Wire HubSpot Service Key into CRM automation
[2026-08-07T18:34:41.214170+00:00] CONTINUOUS_OODA_WORKER_COMPLETE
[2026-08-07T18:34:41.408347+00:00] CONTINUOUS_OODA_WORKER_START
[2026-08-07T18:34:45.287128+00:00] TRELLO_STATUS_UPDATED 6a712fac7a8a9649b153e078 Set revenue milestone: first paid tool upgrade
[2026-08-07T18:34:45.288118+00:00] CONTINUOUS_OODA_WORKER_COMPLETE
[2026-08-07T18:34:45.483988+00:00] CONTINUOUS_OODA_WORKER_START
[2026-08-07T18:34:49.109221+00:00] TRELLO_STATUS_UPDATED 6a737f7e79118dbc2544542a 📡 Add Cosmos Library update watcher without cloning Squidstation vault
[2026-08-07T18:34:49.110182+00:00] CONTINUOUS_OODA_WORKER_COMPLETE
[2026-08-07T18:34:49.304905+00:00] CONTINUOUS_OODA_WORKER_START
[2026-08-07T18:34:53.644102+00:00] TRELLO_STATUS_UPDATED 6a73c1df44ddb17b0142b8c9 🐳 Sir Azure: ComfyUI/Redis/MinIO/Postgres/Nginx on SQUIDSTATION
[2026-08-07T18:34:53.645004+00:00] CONTINUOUS_OODA_WORKER_COMPLETE
[2026-08-07T18:34:53.837272+00:00] CONTINUOUS_OODA_WORKER_START
[2026-08-07T18:34:57.849199+00:00] TRELLO_STATUS_UPDATED 6a71b462b21cd08f9f3f6eb9 Master OODA Execution Tasklist — P0-P3
[2026-08-07T18:34:57.850116+00:00] CONTINUOUS_OODA_WORKER_COMPLETE
[2026-08-07T18:34:58.059488+00:00] CONTINUOUS_OODA_WORKER_START
[2026-08-07T18:35:02.220579+00:00] TRELLO_STATUS_UPDATED 6a752e3da134f0acb0d5e8d8 Miss Pink: build hive-mind mesh automation bridge for SQUIDSTATION/PINKCADY/STEALTHATTACK
[2026-08-07T18:35:02.221660+00:00] CONTINUOUS_OODA_WORKER_COMPLETE
[2026-08-07T18:35:02.462582+00:00] CONTINUOUS_OODA_WORKER_START
[2026-08-07T18:35:06.380302+00:00] TRELLO_STATUS_UPDATED 6a752e3eff4d9d4cca8945a1 Fleet: deploy fleet_comms_watcher on SQUIDSTATION/PINKCADY/STEALTHATTACK
[2026-08-07T18:35:06.381163+00:00] CONTINUOUS_OODA_WORKER_COMPLETE
[2026-08-07T18:35:06.582617+00:00] CONTINUOUS_OODA_WORKER_START
[2026-08-07T18:35:10.984615+00:00] TRELLO_STATUS_UPDATED 6a758916afae5cf53ccccf33 📨 [INBOX] miss gordon docker blockers sirgreen 20260806
[2026-08-07T18:35:10.985483+00:00] CONTINUOUS_OODA_WORKER_COMPLETE
[2026-08-07T18:35:11.179788+00:00] CONTINUOUS_OODA_WORKER_START
[2026-08-07T18:35:14.930177+00:00] TRELLO_STATUS_UPDATED 6a758914570bb5e64769122a 📨 [INBOX] STATUS UPDATE DASHBOARD 8080 FIXED PLUGIN AUDIT PENDING AND DISCORD TOKEN BLOCKER 20260806T024500Z sirgreen.msg
[2026-08-07T18:35:14.931061+00:00] CONTINUOUS_OODA_WORKER_COMPLETE
[2026-08-07T18:35:15.126233+00:00] CONTINUOUS_OODA_WORKER_START
[2026-08-07T18:35:19.149066+00:00] TRELLO_STATUS_UPDATED 6a712bc79bc50687e977187a Deploy website to free hosting
[2026-08-07T18:35:19.149924+00:00] CONTINUOUS_OODA_WORKER_COMPLETE
[2026-08-07T18:35:19.366639+00:00] CONTINUOUS_OODA_WORKER_START
[2026-08-07T18:35:39.839536+00:00] TRELLO_STATUS_UPDATED 6a712433d986e5476af125d7 Bug hunt social_media_automation.py
[2026-08-07T18:35:39.840725+00:00] CONTINUOUS_OODA_WORKER_COMPLETE
[2026-08-07T18:35:40.053177+00:00] CONTINUOUS_OODA_WORKER_START
[2026-08-07T18:36:00.343285+00:00] TRELLO_STATUS_UPDATED 6a758919687b61bbb3db9255 📨 [INBOX] trello api 401 invalid key blocker sirgreen 20260806
[2026-08-07T18:36:00.344208+00:00] CONTINUOUS_OODA_WORKER_COMPLETE
[2026-08-07T18:36:00.581564+00:00] CONTINUOUS_OODA_WORKER_START
[2026-08-07T18:36:21.044725+00:00] TRELLO_STATUS_UPDATED 6a75891fe2e1acad47a8101d 📨 [INBOX] sirgreen docker deep dive urgent sirgreen 20260806
[2026-08-07T18:36:21.045759+00:00] CONTINUOUS_OODA_WORKER_COMPLETE
[2026-08-07T18:36:21.284445+00:00] CONTINUOUS_OODA_WORKER_START
[2026-08-07T18:36:42.773986+00:00] TRELLO_STATUS_UPDATED 6a7124349aa52ada3776768e Bug hunt zapier_automation.py
[2026-08-07T18:36:42.774824+00:00] CONTINUOUS_OODA_WORKER_COMPLETE
[2026-08-07T18:36:42.970180+00:00] CONTINUOUS_OODA_WORKER_START
[2026-08-07T18:37:03.443856+00:00] TRELLO_STATUS_UPDATED 6a7589189ca085ca8dce78a8 📨 [INBOX] trello api 401 invalid key blocker sirazure 20260806
[2026-08-07T18:37:03.445082+00:00] CONTINUOUS_OODA_WORKER_COMPLETE
[2026-08-07T18:37:03.669521+00:00] CONTINUOUS_OODA_WORKER_START
[2026-08-07T18:37:25.183129+00:00] TRELLO_STATUS_UPDATED 6a7589217259b91d11ae66f1 📨 [INBOX] sirazure re docker urgent findings sirazure 20260806
[2026-08-07T18:37:25.184093+00:00] CONTINUOUS_OODA_WORKER_COMPLETE
[2026-08-07T18:37:25.389653+00:00] CONTINUOUS_OODA_WORKER_START
[2026-08-07T18:37:49.593422+00:00] TRELLO_STATUS_UPDATED 6a713b0f7fec1de4568f6906 DEPLOY.md created
[2026-08-07T18:37:49.594537+00:00] CONTINUOUS_OODA_WORKER_COMPLETE
[2026-08-07T18:37:49.799249+00:00] CONTINUOUS_OODA_WORKER_START
[2026-08-07T18:38:10.190852+00:00] TRELLO_STATUS_UPDATED 6a73e04f545d92a2f50c5f3f 🔁 [P2] Self-healing automation daemon
[2026-08-07T18:38:10.191771+00:00] CONTINUOUS_OODA_WORKER_COMPLETE
[2026-08-07T18:38:10.411802+00:00] CONTINUOUS_OODA_WORKER_START
[2026-08-07T18:38:31.575251+00:00] TRELLO_STATUS_UPDATED 6a742142c4eea9f50d2c583b [P2] DEPLOYMENT_RUNBOOK.md
[2026-08-07T18:38:31.576098+00:00] CONTINUOUS_OODA_WORKER_COMPLETE
[2026-08-07T18:38:31.770430+00:00] CONTINUOUS_OODA_WORKER_START
[2026-08-07T18:38:51.727698+00:00] TRELLO_STATUS_UPDATED 6a71243471edb3eff4f49bc3 Bug hunt buffer_automation.py
[2026-08-07T18:38:51.728652+00:00] CONTINUOUS_OODA_WORKER_COMPLETE
[2026-08-07T18:38:51.923586+00:00] CONTINUOUS_OODA_WORKER_START
[2026-08-07T18:39:12.276035+00:00] TRELLO_STATUS_UPDATED 6a737f7c8714ca5b28fb892e 🧭 Wire Miss Pink persona attributes into vault docs/automation
[2026-08-07T18:39:12.277358+00:00] CONTINUOUS_OODA_WORKER_COMPLETE
[2026-08-07T18:39:12.507902+00:00] CONTINUOUS_OODA_WORKER_START
[2026-08-07T18:39:32.838052+00:00] TRELLO_STATUS_UPDATED 6a70fd5df386c9b9c9509813 Research free automation tools (Zapier/Make/n8n)
[2026-08-07T18:39:32.838994+00:00] CONTINUOUS_OODA_WORKER_COMPLETE
[2026-08-07T18:39:33.042689+00:00] CONTINUOUS_OODA_WORKER_START
[2026-08-07T18:39:54.087559+00:00] TRELLO_STATUS_UPDATED 6a7124361db42f66b1aadd83 Bug hunt daily_ops_automation.py
[2026-08-07T18:39:54.088719+00:00] CONTINUOUS_OODA_WORKER_COMPLETE
[2026-08-07T18:39:54.302597+00:00] CONTINUOUS_OODA_WORKER_START
[2026-08-07T18:40:15.144355+00:00] TRELLO_STATUS_UPDATED 6a7124373711a67b1299cbcb Bug hunt monthly_review_automation.py
[2026-08-07T18:40:15.145246+00:00] CONTINUOUS_OODA_WORKER_COMPLETE
[2026-08-07T18:40:15.365411+00:00] CONTINUOUS_OODA_WORKER_START
[2026-08-07T18:40:36.599663+00:00] TRELLO_STATUS_UPDATED 6a715c01e0c5b1f394020f9a Choose payment processor alternative
[2026-08-07T18:40:36.600908+00:00] CONTINUOUS_OODA_WORKER_COMPLETE
[2026-08-07T18:40:36.807130+00:00] CONTINUOUS_OODA_WORKER_START
[2026-08-07T18:40:57.660359+00:00] TRELLO_STATUS_UPDATED 6a713b0fb03e554f1e2090e7 Connect real payment/shop
[2026-08-07T18:40:57.661264+00:00] CONTINUOUS_OODA_WORKER_COMPLETE
[2026-08-07T18:40:57.882177+00:00] CONTINUOUS_OODA_WORKER_START
[2026-08-07T18:41:18.628372+00:00] TRELLO_STATUS_UPDATED 6a70da7ce5231e90cb0dd18e Trello Sync Automation
[2026-08-07T18:41:18.629270+00:00] CONTINUOUS_OODA_WORKER_COMPLETE
[2026-08-07T18:41:18.825477+00:00] CONTINUOUS_OODA_WORKER_START
[2026-08-07T18:41:39.206576+00:00] TRELLO_STATUS_UPDATED 6a714260e16bb14c1e238e8e Updated daily_ops_automation.py
[2026-08-07T18:41:39.207457+00:00] CONTINUOUS_OODA_WORKER_COMPLETE
[2026-08-07T18:41:39.402012+00:00] CONTINUOUS_OODA_WORKER_START
[2026-08-07T18:41:59.699204+00:00] TRELLO_STATUS_UPDATED 6a7185ee9623f3429b2bbbae SIR_GREEN_DEPLOYMENT_PROMPT created
[2026-08-07T18:41:59.700416+00:00] CONTINUOUS_OODA_WORKER_COMPLETE
[2026-08-07T18:41:59.924937+00:00] CONTINUOUS_OODA_WORKER_START
[2026-08-07T18:42:19.846127+00:00] TRELLO_STATUS_UPDATED 6a7124371696c8171433b8fe Bug hunt weekly_review_automation.py
[2026-08-07T18:42:19.846975+00:00] CONTINUOUS_OODA_WORKER_COMPLETE
[2026-08-07T18:42:20.067733+00:00] CONTINUOUS_OODA_WORKER_START
[2026-08-07T18:42:40.267684+00:00] TRELLO_STATUS_UPDATED 6a714fbaac9805c2fba75613 Choose payment processor
[2026-08-07T18:42:40.269125+00:00] CONTINUOUS_OODA_WORKER_COMPLETE
[2026-08-07T18:42:40.484073+00:00] CONTINUOUS_OODA_WORKER_START
[2026-08-07T18:43:00.214574+00:00] TRELLO_STATUS_UPDATED 6a7499661942762c5b6e744d [P1] Miss Pink: commit orders.json and automation_status changes
[2026-08-07T18:43:00.215602+00:00] CONTINUOUS_OODA_WORKER_COMPLETE
[2026-08-07T18:43:00.442123+00:00] CONTINUOUS_OODA_WORKER_START
[2026-08-07T18:43:20.667598+00:00] TRELLO_STATUS_UPDATED 6a712438ca3780f35985256d Update 00_Vault_Home.md with build status
[2026-08-07T18:43:20.668854+00:00] CONTINUOUS_OODA_WORKER_COMPLETE
[2026-08-07T18:43:20.925208+00:00] CONTINUOUS_OODA_WORKER_START
[2026-08-07T18:43:22.797068+00:00] TRELLO_STATUS_UPDATED 6a7499631c1a36043e1059e2 [P1] Sir Green: add /api/security-docs route to dashboard_server.py
[2026-08-07T18:43:22.798024+00:00] CONTINUOUS_OODA_WORKER_COMPLETE
[2026-08-07T18:43:23.031271+00:00] CONTINUOUS_OODA_WORKER_START
[2026-08-07T18:43:42.901556+00:00] TRELLO_STATUS_UPDATED 6a7157f290ff88a1b31ae1c8 US Bank account automation — CSV → Wave → categorization
[2026-08-07T18:43:42.902400+00:00] CONTINUOUS_OODA_WORKER_COMPLETE
[2026-08-07T18:43:43.098911+00:00] CONTINUOUS_OODA_WORKER_START
[2026-08-07T18:44:03.634710+00:00] TRELLO_STATUS_UPDATED 6a715c0370ee36715d579861 Full automation audit complete
[2026-08-07T18:44:03.635560+00:00] CONTINUOUS_OODA_WORKER_COMPLETE
[2026-08-07T18:44:03.835961+00:00] CONTINUOUS_OODA_WORKER_START
[2026-08-07T18:44:25.023082+00:00] TRELLO_STATUS_UPDATED 6a71242b3f23db4fb69d6f7c Wire Buffer API into buffer_automation.py
[2026-08-07T18:44:25.024465+00:00] CONTINUOUS_OODA_WORKER_COMPLETE
[2026-08-07T18:44:25.378125+00:00] CONTINUOUS_OODA_WORKER_START
[2026-08-07T18:44:44.988724+00:00] TRELLO_STATUS_UPDATED 6a71242c76ca67e9e4de6505 Wire Zapier webhook into zapier_automation.py
[2026-08-07T18:44:44.989661+00:00] CONTINUOUS_OODA_WORKER_COMPLETE
[2026-08-07T18:44:45.206551+00:00] CONTINUOUS_OODA_WORKER_START
[2026-08-07T18:44:49.001942+00:00] TRELLO_STATUS_UPDATED 6a712fac7a8a9649b153e078 Set revenue milestone: first paid tool upgrade
[2026-08-07T18:44:49.002960+00:00] CONTINUOUS_OODA_WORKER_COMPLETE
[2026-08-07T18:44:49.204295+00:00] CONTINUOUS_OODA_WORKER_START
[2026-08-07T18:44:52.877927+00:00] TRELLO_STATUS_UPDATED 6a737f7e79118dbc2544542a 📡 Add Cosmos Library update watcher without cloning Squidstation vault
[2026-08-07T18:44:52.878746+00:00] CONTINUOUS_OODA_WORKER_COMPLETE
[2026-08-07T18:44:53.083247+00:00] CONTINUOUS_OODA_WORKER_START
[2026-08-07T18:44:56.884541+00:00] TRELLO_STATUS_UPDATED 6a73c1df44ddb17b0142b8c9 🐳 Sir Azure: ComfyUI/Redis/MinIO/Postgres/Nginx on SQUIDSTATION
[2026-08-07T18:44:56.885436+00:00] CONTINUOUS_OODA_WORKER_COMPLETE
[2026-08-07T18:44:57.123225+00:00] CONTINUOUS_OODA_WORKER_START
[2026-08-07T18:45:17.379384+00:00] TRELLO_STATUS_UPDATED 6a71242e3f23db4fb69d7c9b Wire HubSpot Service Key into CRM automation
[2026-08-07T18:45:17.380228+00:00] CONTINUOUS_OODA_WORKER_COMPLETE
[2026-08-07T18:45:17.592572+00:00] CONTINUOUS_OODA_WORKER_START
[2026-08-07T18:45:22.504376+00:00] TRELLO_STATUS_UPDATED 6a71b462b21cd08f9f3f6eb9 Master OODA Execution Tasklist — P0-P3
[2026-08-07T18:45:22.506078+00:00] CONTINUOUS_OODA_WORKER_COMPLETE
[2026-08-07T18:45:22.822326+00:00] CONTINUOUS_OODA_WORKER_START
[2026-08-07T18:45:27.155113+00:00] TRELLO_STATUS_UPDATED 6a752e3da134f0acb0d5e8d8 Miss Pink: build hive-mind mesh automation bridge for SQUIDSTATION/PINKCADY/STEALTHATTACK
[2026-08-07T18:45:27.156756+00:00] CONTINUOUS_OODA_WORKER_COMPLETE
[2026-08-07T18:45:27.533133+00:00] CONTINUOUS_OODA_WORKER_START
[2026-08-07T18:45:31.479563+00:00] TRELLO_STATUS_UPDATED 6a752e3eff4d9d4cca8945a1 Fleet: deploy fleet_comms_watcher on SQUIDSTATION/PINKCADY/STEALTHATTACK
[2026-08-07T18:45:31.480410+00:00] CONTINUOUS_OODA_WORKER_COMPLETE
[2026-08-07T18:45:31.713489+00:00] CONTINUOUS_OODA_WORKER_START
[2026-08-07T18:45:35.849639+00:00] TRELLO_STATUS_UPDATED 6a758916afae5cf53ccccf33 📨 [INBOX] miss gordon docker blockers sirgreen 20260806
[2026-08-07T18:45:35.850574+00:00] CONTINUOUS_OODA_WORKER_COMPLETE
[2026-08-07T18:45:36.064670+00:00] CONTINUOUS_OODA_WORKER_START
[2026-08-07T18:45:40.454261+00:00] TRELLO_STATUS_UPDATED 6a758914570bb5e64769122a 📨 [INBOX] STATUS UPDATE DASHBOARD 8080 FIXED PLUGIN AUDIT PENDING AND DISCORD TOKEN BLOCKER 20260806T024500Z sirgreen.msg
[2026-08-07T18:45:40.455200+00:00] CONTINUOUS_OODA_WORKER_COMPLETE
[2026-08-07T18:45:40.659400+00:00] CONTINUOUS_OODA_WORKER_START
[2026-08-07T18:45:44.636257+00:00] TRELLO_STATUS_UPDATED 6a712bc79bc50687e977187a Deploy website to free hosting
[2026-08-07T18:45:44.637194+00:00] CONTINUOUS_OODA_WORKER_COMPLETE
[2026-08-07T18:45:44.839636+00:00] CONTINUOUS_OODA_WORKER_START
[2026-08-07T18:46:04.968002+00:00] TRELLO_STATUS_UPDATED 6a712433d986e5476af125d7 Bug hunt social_media_automation.py
[2026-08-07T18:46:04.968889+00:00] CONTINUOUS_OODA_WORKER_COMPLETE
[2026-08-07T18:46:05.168953+00:00] CONTINUOUS_OODA_WORKER_START
[2026-08-07T18:46:25.620284+00:00] TRELLO_STATUS_UPDATED 6a758919687b61bbb3db9255 📨 [INBOX] trello api 401 invalid key blocker sirgreen 20260806
[2026-08-07T18:46:25.621915+00:00] CONTINUOUS_OODA_WORKER_COMPLETE
[2026-08-07T18:46:25.999714+00:00] CONTINUOUS_OODA_WORKER_START
[2026-08-07T18:46:46.158019+00:00] TRELLO_STATUS_UPDATED 6a75891fe2e1acad47a8101d 📨 [INBOX] sirgreen docker deep dive urgent sirgreen 20260806
[2026-08-07T18:46:46.159064+00:00] CONTINUOUS_OODA_WORKER_COMPLETE
[2026-08-07T18:46:46.389070+00:00] CONTINUOUS_OODA_WORKER_START
[2026-08-07T18:46:51.403541+00:00] TRELLO_STATUS_UPDATED 6a762810cf4143153a5250b7 📨 [INBOX] RE HARDWARE TAB AND ISSUE OWNERSHIP ACK 20260805T233800Z misspink.msg
[2026-08-07T18:46:51.404569+00:00] CONTINUOUS_OODA_WORKER_COMPLETE
[2026-08-07T18:46:51.629551+00:00] CONTINUOUS_OODA_WORKER_START
[2026-08-07T18:46:57.275634+00:00] TRELLO_STATUS_UPDATED 6a762811c5882873a4d3fab3 📨 [INBOX] RE DISCORD BOT GITHUB ACCESS AND WINDOWS UPDATE REMINDER 20260805T235900Z misspink.msg
[2026-08-07T18:46:57.276639+00:00] CONTINUOUS_OODA_WORKER_COMPLETE
[2026-08-07T18:46:57.489138+00:00] CONTINUOUS_OODA_WORKER_START
[2026-08-07T18:47:03.401092+00:00] TRELLO_STATUS_UPDATED 6a762813839d409994d663e5 torus-inventory deployment blocked
[2026-08-07T18:47:03.402156+00:00] CONTINUOUS_OODA_WORKER_COMPLETE
[2026-08-07T18:47:03.608868+00:00] CONTINUOUS_OODA_WORKER_START
[2026-08-07T18:47:09.395145+00:00] TRELLO_STATUS_UPDATED 6a76281735fbe026273b3460 📨 DOCKER HUB PUSH RESULTS 5 OF 6 IMAGES PUSHED ALERT ROUTER BLOCKED 20260806T042800Z sirgreen.msg
[2026-08-07T18:47:09.396025+00:00] CONTINUOUS_OODA_WORKER_COMPLETE
[2026-08-07T18:47:09.627049+00:00] CONTINUOUS_OODA_WORKER_START
[2026-08-07T18:47:15.483320+00:00] TRELLO_STATUS_UPDATED 6a762818d5da329fde279451 📨 DOCKER HUB PUSH STATUS SQUIDSTATION IMAGES PUSH BLOCKED BY AUTH 20260806T042700Z sirgreen.msg
[2026-08-07T18:47:15.484383+00:00] CONTINUOUS_OODA_WORKER_COMPLETE
[2026-08-07T18:47:15.715948+00:00] CONTINUOUS_OODA_WORKER_START
[2026-08-07T18:47:21.864834+00:00] TRELLO_STATUS_UPDATED 6a762819694f94ec8ae35ba5 📨 ALERT ROUTER REPO EXISTS BUT SQUIDSTATION LACKS WRITE PERMISSION 20260806T042900Z sirgreen.msg
[2026-08-07T18:47:21.866031+00:00] CONTINUOUS_OODA_WORKER_COMPLETE
[2026-08-07T18:47:22.092913+00:00] CONTINUOUS_OODA_WORKER_START
[2026-08-07T18:47:28.169173+00:00] TRELLO_STATUS_UPDATED 6a76281b6f4e3f7f50a9fbcf 📨 ONE ACTION GRANT WRITE ACCESS OR PROVIDE PAT FOR ALERT ROUTER 20260806T043000Z sirgreen.msg
[2026-08-07T18:47:28.170633+00:00] CONTINUOUS_OODA_WORKER_COMPLETE
[2026-08-07T18:47:28.637469+00:00] CONTINUOUS_OODA_WORKER_START
[2026-08-07T18:47:34.821903+00:00] TRELLO_STATUS_UPDATED 6a76281c1833984386f186a9 📨 CODING ORDER DOCKER HUB WRITE ACCESS FOR ALERT ROUTER 20260806T051400Z sirgreen.msg
[2026-08-07T18:47:34.823315+00:00] CONTINUOUS_OODA_WORKER_COMPLETE
[2026-08-07T18:47:35.059641+00:00] CONTINUOUS_OODA_WORKER_START
[2026-08-07T18:47:41.241359+00:00] TRELLO_STATUS_UPDATED 6a76281e35758521a2952345 🚨 [P1] Dashboard image blocked — need Docker Hub auth
[2026-08-07T18:47:41.242270+00:00] CONTINUOUS_OODA_WORKER_COMPLETE
[2026-08-07T18:47:41.460117+00:00] CONTINUOUS_OODA_WORKER_START
[2026-08-07T18:48:03.327092+00:00] TRELLO_STATUS_UPDATED 6a7589189ca085ca8dce78a8 📨 [INBOX] trello api 401 invalid key blocker sirazure 20260806
[2026-08-07T18:48:03.328321+00:00] CONTINUOUS_OODA_WORKER_COMPLETE
[2026-08-07T18:48:03.535639+00:00] CONTINUOUS_OODA_WORKER_START
[2026-08-07T18:48:25.595887+00:00] TRELLO_STATUS_UPDATED 6a7589217259b91d11ae66f1 📨 [INBOX] sirazure re docker urgent findings sirazure 20260806
[2026-08-07T18:48:25.597422+00:00] CONTINUOUS_OODA_WORKER_COMPLETE
[2026-08-07T18:48:25.874658+00:00] CONTINUOUS_OODA_WORKER_START
[2026-08-07T18:48:47.904024+00:00] TRELLO_STATUS_UPDATED 6a713b0f7fec1de4568f6906 DEPLOY.md created
[2026-08-07T18:48:47.904964+00:00] CONTINUOUS_OODA_WORKER_COMPLETE
[2026-08-07T18:48:48.131009+00:00] CONTINUOUS_OODA_WORKER_START
[2026-08-07T18:49:10.975328+00:00] TRELLO_STATUS_UPDATED 6a73e04f545d92a2f50c5f3f 🔁 [P2] Self-healing automation daemon
[2026-08-07T18:49:10.976364+00:00] CONTINUOUS_OODA_WORKER_COMPLETE
[2026-08-07T18:49:11.172966+00:00] CONTINUOUS_OODA_WORKER_START
[2026-08-07T18:49:16.916335+00:00] CONTINUOUS_OODA_WORKER_START
[2026-08-07T18:49:34.495795+00:00] TRELLO_STATUS_UPDATED 6a742142c4eea9f50d2c583b [P2] DEPLOYMENT_RUNBOOK.md
[2026-08-07T18:49:34.496752+00:00] CONTINUOUS_OODA_WORKER_COMPLETE
[2026-08-07T18:49:34.746232+00:00] CONTINUOUS_OODA_WORKER_START
[2026-08-07T18:49:40.076038+00:00] TRELLO_STATUS_UPDATED 6a737f7c8714ca5b28fb892e 🧭 Wire Miss Pink persona attributes into vault docs/automation
[2026-08-07T18:49:40.077056+00:00] CONTINUOUS_OODA_WORKER_COMPLETE
[2026-08-07T18:49:40.302472+00:00] CONTINUOUS_OODA_WORKER_START
[2026-08-07T18:49:58.121172+00:00] TRELLO_STATUS_UPDATED 6a70fd5df386c9b9c9509813 Research free automation tools (Zapier/Make/n8n)
[2026-08-07T18:49:58.122160+00:00] CONTINUOUS_OODA_WORKER_COMPLETE
[2026-08-07T18:49:58.395384+00:00] CONTINUOUS_OODA_WORKER_START
[2026-08-07T18:50:03.083252+00:00] TRELLO_STATUS_UPDATED 6a70fd5df386c9b9c9509813 Research free automation tools (Zapier/Make/n8n)
[2026-08-07T18:50:03.084470+00:00] CONTINUOUS_OODA_WORKER_COMPLETE
[2026-08-07T18:50:03.379771+00:00] CONTINUOUS_OODA_WORKER_START
[2026-08-07T18:50:22.484402+00:00] TRELLO_STATUS_UPDATED 6a7124349aa52ada3776768e Bug hunt zapier_automation.py
[2026-08-07T18:50:22.485326+00:00] CONTINUOUS_OODA_WORKER_COMPLETE
[2026-08-07T18:50:22.775541+00:00] CONTINUOUS_OODA_WORKER_START
[2026-08-07T18:50:27.919202+00:00] TRELLO_STATUS_UPDATED 6a7124349aa52ada3776768e Bug hunt zapier_automation.py
[2026-08-07T18:50:27.920318+00:00] CONTINUOUS_OODA_WORKER_COMPLETE
[2026-08-07T18:50:28.209712+00:00] CONTINUOUS_OODA_WORKER_START
[2026-08-07T18:50:46.633386+00:00] TRELLO_STATUS_UPDATED 6a71243471edb3eff4f49bc3 Bug hunt buffer_automation.py
[2026-08-07T18:50:46.634352+00:00] CONTINUOUS_OODA_WORKER_COMPLETE
[2026-08-07T18:50:46.844709+00:00] CONTINUOUS_OODA_WORKER_START
[2026-08-07T18:50:51.853839+00:00] TRELLO_STATUS_UPDATED 6a71243471edb3eff4f49bc3 Bug hunt buffer_automation.py
[2026-08-07T18:50:51.854977+00:00] CONTINUOUS_OODA_WORKER_COMPLETE
[2026-08-07T18:50:52.110395+00:00] CONTINUOUS_OODA_WORKER_START
[2026-08-07T18:51:10.091231+00:00] TRELLO_STATUS_UPDATED 6a715c01e0c5b1f394020f9a Choose payment processor alternative
[2026-08-07T18:51:10.092342+00:00] CONTINUOUS_OODA_WORKER_COMPLETE
[2026-08-07T18:51:10.312765+00:00] CONTINUOUS_OODA_WORKER_START
[2026-08-07T18:51:16.222897+00:00] TRELLO_STATUS_UPDATED 6a7124361db42f66b1aadd83 Bug hunt daily_ops_automation.py
[2026-08-07T18:51:16.223798+00:00] CONTINUOUS_OODA_WORKER_COMPLETE
[2026-08-07T18:51:16.472092+00:00] CONTINUOUS_OODA_WORKER_START
[2026-08-07T18:51:33.193628+00:00] TRELLO_STATUS_UPDATED 6a7124373711a67b1299cbcb Bug hunt monthly_review_automation.py
[2026-08-07T18:51:33.194728+00:00] CONTINUOUS_OODA_WORKER_COMPLETE
[2026-08-07T18:51:33.463005+00:00] CONTINUOUS_OODA_WORKER_START
[2026-08-07T18:51:39.810767+00:00] TRELLO_STATUS_UPDATED 6a7124373711a67b1299cbcb Bug hunt monthly_review_automation.py
[2026-08-07T18:51:39.811743+00:00] CONTINUOUS_OODA_WORKER_COMPLETE
[2026-08-07T18:51:40.015578+00:00] CONTINUOUS_OODA_WORKER_START
[2026-08-07T18:51:56.411845+00:00] TRELLO_STATUS_UPDATED 6a70da7ce5231e90cb0dd18e Trello Sync Automation
[2026-08-07T18:51:56.413070+00:00] CONTINUOUS_OODA_WORKER_COMPLETE
[2026-08-07T18:51:56.642341+00:00] CONTINUOUS_OODA_WORKER_START
[2026-08-07T18:52:05.272535+00:00] TRELLO_STATUS_UPDATED 6a70da7ce5231e90cb0dd18e Trello Sync Automation
[2026-08-07T18:52:05.273823+00:00] CONTINUOUS_OODA_WORKER_COMPLETE
[2026-08-07T18:52:05.548450+00:00] CONTINUOUS_OODA_WORKER_START
[2026-08-07T18:52:20.178734+00:00] TRELLO_STATUS_UPDATED 6a714260e16bb14c1e238e8e Updated daily_ops_automation.py
[2026-08-07T18:52:20.179668+00:00] CONTINUOUS_OODA_WORKER_COMPLETE
[2026-08-07T18:52:20.398786+00:00] CONTINUOUS_OODA_WORKER_START
[2026-08-07T18:52:28.581926+00:00] TRELLO_STATUS_UPDATED 6a714260e16bb14c1e238e8e Updated daily_ops_automation.py
[2026-08-07T18:52:28.582916+00:00] CONTINUOUS_OODA_WORKER_COMPLETE
[2026-08-07T18:52:28.832933+00:00] CONTINUOUS_OODA_WORKER_START
[2026-08-07T18:52:44.336367+00:00] TRELLO_STATUS_UPDATED 6a7185ee9623f3429b2bbbae SIR_GREEN_DEPLOYMENT_PROMPT created
[2026-08-07T18:52:44.337527+00:00] CONTINUOUS_OODA_WORKER_COMPLETE
[2026-08-07T18:52:44.544905+00:00] CONTINUOUS_OODA_WORKER_START
[2026-08-07T18:52:53.210895+00:00] TRELLO_STATUS_UPDATED 6a7185ee9623f3429b2bbbae SIR_GREEN_DEPLOYMENT_PROMPT created
[2026-08-07T18:52:53.211763+00:00] CONTINUOUS_OODA_WORKER_COMPLETE
[2026-08-07T18:52:53.416714+00:00] CONTINUOUS_OODA_WORKER_START
[2026-08-07T18:53:08.573862+00:00] TRELLO_STATUS_UPDATED 6a7124371696c8171433b8fe Bug hunt weekly_review_automation.py
[2026-08-07T18:53:08.574863+00:00] CONTINUOUS_OODA_WORKER_COMPLETE
[2026-08-07T18:53:08.797198+00:00] CONTINUOUS_OODA_WORKER_START
[2026-08-07T18:53:16.815264+00:00] TRELLO_STATUS_UPDATED 6a713b0fb03e554f1e2090e7 Connect real payment/shop
[2026-08-07T18:53:16.816178+00:00] CONTINUOUS_OODA_WORKER_COMPLETE
[2026-08-07T18:53:32.401956+00:00] TRELLO_STATUS_UPDATED 6a714fbaac9805c2fba75613 Choose payment processor
[2026-08-07T18:53:32.403673+00:00] CONTINUOUS_OODA_WORKER_COMPLETE
[2026-08-07T18:53:32.708842+00:00] CONTINUOUS_OODA_WORKER_START
[2026-08-07T18:53:34.163603+00:00] TRELLO_STATUS_UPDATED 6a7499631c1a36043e1059e2 [P1] Sir Green: add /api/security-docs route to dashboard_server.py
[2026-08-07T18:53:34.164563+00:00] CONTINUOUS_OODA_WORKER_COMPLETE
[2026-08-07T18:53:34.419123+00:00] CONTINUOUS_OODA_WORKER_START
[2026-08-07T18:53:58.499136+00:00] TRELLO_STATUS_UPDATED 6a712438ca3780f35985256d Update 00_Vault_Home.md with build status
[2026-08-07T18:53:58.500327+00:00] CONTINUOUS_OODA_WORKER_COMPLETE
[2026-08-07T18:53:58.779076+00:00] CONTINUOUS_OODA_WORKER_START
[2026-08-07T18:54:23.479099+00:00] TRELLO_STATUS_UPDATED 6a7157f290ff88a1b31ae1c8 US Bank account automation — CSV → Wave → categorization
[2026-08-07T18:54:23.480578+00:00] CONTINUOUS_OODA_WORKER_COMPLETE
[2026-08-07T18:54:23.839372+00:00] CONTINUOUS_OODA_WORKER_START
[2026-08-07T18:54:50.597456+00:00] TRELLO_STATUS_UPDATED 6a715c0370ee36715d579861 Full automation audit complete
[2026-08-07T18:54:50.598379+00:00] CONTINUOUS_OODA_WORKER_COMPLETE
[2026-08-07T18:54:50.863274+00:00] CONTINUOUS_OODA_WORKER_START
[2026-08-07T18:54:54.608326+00:00] TRELLO_STATUS_UPDATED 6a712fac7a8a9649b153e078 Set revenue milestone: first paid tool upgrade
[2026-08-07T18:54:54.609216+00:00] CONTINUOUS_OODA_WORKER_COMPLETE
[2026-08-07T18:54:54.850660+00:00] CONTINUOUS_OODA_WORKER_START
[2026-08-07T18:54:59.646379+00:00] TRELLO_STATUS_UPDATED 6a737f7e79118dbc2544542a 📡 Add Cosmos Library update watcher without cloning Squidstation vault
[2026-08-07T18:54:59.647904+00:00] CONTINUOUS_OODA_WORKER_COMPLETE
[2026-08-07T18:54:59.980476+00:00] CONTINUOUS_OODA_WORKER_START
[2026-08-07T18:55:04.470187+00:00] TRELLO_STATUS_UPDATED 6a73c1df44ddb17b0142b8c9 🐳 Sir Azure: ComfyUI/Redis/MinIO/Postgres/Nginx on SQUIDSTATION
[2026-08-07T18:55:04.471197+00:00] CONTINUOUS_OODA_WORKER_COMPLETE
[2026-08-07T18:55:04.700352+00:00] CONTINUOUS_OODA_WORKER_START
[2026-08-07T18:55:31.486231+00:00] TRELLO_STATUS_UPDATED 6a71242b3f23db4fb69d6f7c Wire Buffer API into buffer_automation.py
[2026-08-07T18:55:31.487407+00:00] CONTINUOUS_OODA_WORKER_COMPLETE
[2026-08-07T18:55:31.774908+00:00] CONTINUOUS_OODA_WORKER_START
[2026-08-07T18:55:35.764794+00:00] TRELLO_STATUS_UPDATED 6a71b462b21cd08f9f3f6eb9 Master OODA Execution Tasklist — P0-P3
[2026-08-07T18:55:35.765959+00:00] CONTINUOUS_OODA_WORKER_COMPLETE
[2026-08-07T18:55:36.096607+00:00] CONTINUOUS_OODA_WORKER_START
[2026-08-07T18:55:40.133306+00:00] TRELLO_STATUS_UPDATED 6a752e3da134f0acb0d5e8d8 Miss Pink: build hive-mind mesh automation bridge for SQUIDSTATION/PINKCADY/STEALTHATTACK
[2026-08-07T18:55:40.134370+00:00] CONTINUOUS_OODA_WORKER_COMPLETE
[2026-08-07T18:55:40.367594+00:00] CONTINUOUS_OODA_WORKER_START
[2026-08-07T18:55:44.774859+00:00] TRELLO_STATUS_UPDATED 6a752e3eff4d9d4cca8945a1 Fleet: deploy fleet_comms_watcher on SQUIDSTATION/PINKCADY/STEALTHATTACK
[2026-08-07T18:55:44.775796+00:00] CONTINUOUS_OODA_WORKER_COMPLETE
[2026-08-07T18:55:44.972359+00:00] CONTINUOUS_OODA_WORKER_START
[2026-08-07T18:55:49.143093+00:00] TRELLO_STATUS_UPDATED 6a758914570bb5e64769122a 📨 [INBOX] STATUS UPDATE DASHBOARD 8080 FIXED PLUGIN AUDIT PENDING AND DISCORD TOKEN BLOCKER 20260806T024500Z sirgreen.msg
[2026-08-07T18:55:49.143994+00:00] CONTINUOUS_OODA_WORKER_COMPLETE
[2026-08-07T18:55:49.349134+00:00] CONTINUOUS_OODA_WORKER_START
[2026-08-07T18:55:53.261763+00:00] TRELLO_STATUS_UPDATED 6a758916afae5cf53ccccf33 📨 [INBOX] miss gordon docker blockers sirgreen 20260806
[2026-08-07T18:55:53.262899+00:00] CONTINUOUS_OODA_WORKER_COMPLETE
[2026-08-07T18:55:53.470902+00:00] CONTINUOUS_OODA_WORKER_START
[2026-08-07T18:55:57.625050+00:00] TRELLO_STATUS_UPDATED 6a712bc79bc50687e977187a Deploy website to free hosting
[2026-08-07T18:55:57.626142+00:00] CONTINUOUS_OODA_WORKER_COMPLETE
[2026-08-07T18:55:57.848024+00:00] CONTINUOUS_OODA_WORKER_START
[2026-08-07T18:56:22.156207+00:00] TRELLO_STATUS_UPDATED 6a71242c76ca67e9e4de6505 Wire Zapier webhook into zapier_automation.py
[2026-08-07T18:56:22.157460+00:00] CONTINUOUS_OODA_WORKER_COMPLETE
[2026-08-07T18:56:22.444987+00:00] CONTINUOUS_OODA_WORKER_START
[2026-08-07T18:56:24.586054+00:00] CONTINUOUS_OODA_WORKER_START
[2026-08-07T18:56:47.216857+00:00] TRELLO_STATUS_UPDATED 6a71242e3f23db4fb69d7c9b Wire HubSpot Service Key into CRM automation
[2026-08-07T18:56:47.218251+00:00] CONTINUOUS_OODA_WORKER_COMPLETE
[2026-08-07T18:56:47.487104+00:00] CONTINUOUS_OODA_WORKER_START
[2026-08-07T18:56:48.251761+00:00] TRELLO_STATUS_UPDATED 6a71242e3f23db4fb69d7c9b Wire HubSpot Service Key into CRM automation
[2026-08-07T18:56:48.253409+00:00] CONTINUOUS_OODA_WORKER_COMPLETE
[2026-08-07T18:56:48.530876+00:00] CONTINUOUS_OODA_WORKER_START
[2026-08-07T18:57:11.607121+00:00] TRELLO_STATUS_UPDATED 6a758919687b61bbb3db9255 📨 [INBOX] trello api 401 invalid key blocker sirgreen 20260806
[2026-08-07T18:57:11.607997+00:00] CONTINUOUS_OODA_WORKER_COMPLETE
[2026-08-07T18:57:11.796383+00:00] TRELLO_STATUS_UPDATED 6a758919687b61bbb3db9255 📨 [INBOX] trello api 401 invalid key blocker sirgreen 20260806
[2026-08-07T18:57:11.797189+00:00] CONTINUOUS_OODA_WORKER_COMPLETE
[2026-08-07T18:57:11.812195+00:00] CONTINUOUS_OODA_WORKER_START
[2026-08-07T18:57:12.029564+00:00] CONTINUOUS_OODA_WORKER_START
[2026-08-07T18:57:18.520839+00:00] TRELLO_STATUS_UPDATED 6a762810cf4143153a5250b7 📨 [INBOX] RE HARDWARE TAB AND ISSUE OWNERSHIP ACK 20260805T233800Z misspink.msg
[2026-08-07T18:57:18.521928+00:00] CONTINUOUS_OODA_WORKER_COMPLETE
[2026-08-07T18:57:18.694036+00:00] TRELLO_STATUS_UPDATED 6a762810cf4143153a5250b7 📨 [INBOX] RE HARDWARE TAB AND ISSUE OWNERSHIP ACK 20260805T233800Z misspink.msg
[2026-08-07T18:57:18.695487+00:00] CONTINUOUS_OODA_WORKER_COMPLETE
[2026-08-07T18:57:18.766778+00:00] CONTINUOUS_OODA_WORKER_START
[2026-08-07T18:57:18.948935+00:00] CONTINUOUS_OODA_WORKER_START
[2026-08-07T18:57:25.119887+00:00] TRELLO_STATUS_UPDATED 6a762811c5882873a4d3fab3 📨 [INBOX] RE DISCORD BOT GITHUB ACCESS AND WINDOWS UPDATE REMINDER 20260805T235900Z misspink.msg
[2026-08-07T18:57:25.121123+00:00] CONTINUOUS_OODA_WORKER_COMPLETE
[2026-08-07T18:57:25.190512+00:00] TRELLO_STATUS_UPDATED 6a762811c5882873a4d3fab3 📨 [INBOX] RE DISCORD BOT GITHUB ACCESS AND WINDOWS UPDATE REMINDER 20260805T235900Z misspink.msg
[2026-08-07T18:57:25.191696+00:00] CONTINUOUS_OODA_WORKER_COMPLETE
[2026-08-07T18:57:25.418920+00:00] CONTINUOUS_OODA_WORKER_START
[2026-08-07T18:57:25.479225+00:00] CONTINUOUS_OODA_WORKER_START
[2026-08-07T18:57:31.787600+00:00] TRELLO_STATUS_UPDATED 6a762813839d409994d663e5 torus-inventory deployment blocked
[2026-08-07T18:57:31.788961+00:00] CONTINUOUS_OODA_WORKER_COMPLETE
[2026-08-07T18:57:31.906185+00:00] TRELLO_STATUS_UPDATED 6a762813839d409994d663e5 torus-inventory deployment blocked
[2026-08-07T18:57:31.909144+00:00] CONTINUOUS_OODA_WORKER_COMPLETE
[2026-08-07T18:57:32.194097+00:00] CONTINUOUS_OODA_WORKER_START
[2026-08-07T18:57:38.616646+00:00] TRELLO_STATUS_UPDATED 6a76281735fbe026273b3460 📨 DOCKER HUB PUSH RESULTS 5 OF 6 IMAGES PUSHED ALERT ROUTER BLOCKED 20260806T042800Z sirgreen.msg
[2026-08-07T18:57:38.617831+00:00] CONTINUOUS_OODA_WORKER_COMPLETE
[2026-08-07T18:57:38.901204+00:00] CONTINUOUS_OODA_WORKER_START
[2026-08-07T18:57:45.450041+00:00] TRELLO_STATUS_UPDATED 6a762818d5da329fde279451 📨 DOCKER HUB PUSH STATUS SQUIDSTATION IMAGES PUSH BLOCKED BY AUTH 20260806T042700Z sirgreen.msg
[2026-08-07T18:57:45.451175+00:00] CONTINUOUS_OODA_WORKER_COMPLETE
[2026-08-07T18:57:45.667707+00:00] CONTINUOUS_OODA_WORKER_START
[2026-08-07T18:57:52.092562+00:00] TRELLO_STATUS_UPDATED 6a762819694f94ec8ae35ba5 📨 ALERT ROUTER REPO EXISTS BUT SQUIDSTATION LACKS WRITE PERMISSION 20260806T042900Z sirgreen.msg
[2026-08-07T18:57:52.093440+00:00] CONTINUOUS_OODA_WORKER_COMPLETE
[2026-08-07T18:57:52.311357+00:00] CONTINUOUS_OODA_WORKER_START
[2026-08-07T18:57:59.464920+00:00] TRELLO_STATUS_UPDATED 6a76281b6f4e3f7f50a9fbcf 📨 ONE ACTION GRANT WRITE ACCESS OR PROVIDE PAT FOR ALERT ROUTER 20260806T043000Z sirgreen.msg
[2026-08-07T18:57:59.466056+00:00] CONTINUOUS_OODA_WORKER_COMPLETE
[2026-08-07T18:57:59.684271+00:00] CONTINUOUS_OODA_WORKER_START
[2026-08-07T18:58:06.275656+00:00] TRELLO_STATUS_UPDATED 6a76281c1833984386f186a9 📨 CODING ORDER DOCKER HUB WRITE ACCESS FOR ALERT ROUTER 20260806T051400Z sirgreen.msg
[2026-08-07T18:58:06.277172+00:00] CONTINUOUS_OODA_WORKER_COMPLETE
[2026-08-07T18:58:06.491553+00:00] CONTINUOUS_OODA_WORKER_START
[2026-08-07T18:58:14.668268+00:00] TRELLO_STATUS_UPDATED 6a76281e35758521a2952345 🚨 [P1] Dashboard image blocked — need Docker Hub auth
[2026-08-07T18:58:14.669151+00:00] CONTINUOUS_OODA_WORKER_COMPLETE
[2026-08-07T18:58:14.934449+00:00] CONTINUOUS_OODA_WORKER_START
[2026-08-07T18:58:37.896910+00:00] TRELLO_STATUS_UPDATED 6a7589189ca085ca8dce78a8 📨 [INBOX] trello api 401 invalid key blocker sirazure 20260806
[2026-08-07T18:58:37.897879+00:00] CONTINUOUS_OODA_WORKER_COMPLETE
[2026-08-07T18:58:38.136790+00:00] CONTINUOUS_OODA_WORKER_START
[2026-08-07T18:59:00.982732+00:00] TRELLO_STATUS_UPDATED 6a7589217259b91d11ae66f1 📨 [INBOX] sirazure re docker urgent findings sirazure 20260806
[2026-08-07T18:59:00.983682+00:00] CONTINUOUS_OODA_WORKER_COMPLETE
[2026-08-07T18:59:01.204852+00:00] CONTINUOUS_OODA_WORKER_START
[2026-08-07T18:59:25.178067+00:00] TRELLO_STATUS_UPDATED 6a75891fe2e1acad47a8101d 📨 [INBOX] sirgreen docker deep dive urgent sirgreen 20260806
[2026-08-07T18:59:25.179334+00:00] CONTINUOUS_OODA_WORKER_COMPLETE
[2026-08-07T18:59:25.473927+00:00] CONTINUOUS_OODA_WORKER_START
[2026-08-07T18:59:48.467493+00:00] TRELLO_STATUS_UPDATED 6a713b0f7fec1de4568f6906 DEPLOY.md created
[2026-08-07T18:59:48.468394+00:00] CONTINUOUS_OODA_WORKER_COMPLETE
[2026-08-07T18:59:48.670039+00:00] CONTINUOUS_OODA_WORKER_START
[2026-08-07T19:00:11.323294+00:00] TRELLO_STATUS_UPDATED 6a73e04f545d92a2f50c5f3f 🔁 [P2] Self-healing automation daemon
[2026-08-07T19:00:11.324356+00:00] CONTINUOUS_OODA_WORKER_COMPLETE
[2026-08-07T19:00:11.535800+00:00] CONTINUOUS_OODA_WORKER_START
[2026-08-07T19:00:36.037964+00:00] TRELLO_STATUS_UPDATED 6a742142c4eea9f50d2c583b [P2] DEPLOYMENT_RUNBOOK.md
[2026-08-07T19:00:36.039094+00:00] CONTINUOUS_OODA_WORKER_COMPLETE
[2026-08-07T19:00:36.401616+00:00] CONTINUOUS_OODA_WORKER_START
[2026-08-07T19:01:00.182950+00:00] TRELLO_STATUS_UPDATED 6a737f7c8714ca5b28fb892e 🧭 Wire Miss Pink persona attributes into vault docs/automation
[2026-08-07T19:01:00.183929+00:00] CONTINUOUS_OODA_WORKER_COMPLETE
[2026-08-07T19:01:00.423008+00:00] CONTINUOUS_OODA_WORKER_START
[2026-08-07T19:01:23.373880+00:00] TRELLO_STATUS_UPDATED 6a70fd5df386c9b9c9509813 Research free automation tools (Zapier/Make/n8n)
[2026-08-07T19:01:23.374919+00:00] CONTINUOUS_OODA_WORKER_COMPLETE
[2026-08-07T19:01:23.595342+00:00] CONTINUOUS_OODA_WORKER_START
[2026-08-07T19:01:45.581103+00:00] TRELLO_STATUS_UPDATED 6a715c01e0c5b1f394020f9a Choose payment processor alternative
[2026-08-07T19:01:45.581985+00:00] CONTINUOUS_OODA_WORKER_COMPLETE
[2026-08-07T19:01:45.794726+00:00] CONTINUOUS_OODA_WORKER_START
[2026-08-07T19:02:08.290837+00:00] TRELLO_STATUS_UPDATED 6a712433d986e5476af125d7 Bug hunt social_media_automation.py
[2026-08-07T19:02:08.291842+00:00] CONTINUOUS_OODA_WORKER_COMPLETE
[2026-08-07T19:02:08.535496+00:00] CONTINUOUS_OODA_WORKER_START
[2026-08-07T19:02:33.190718+00:00] TRELLO_STATUS_UPDATED 6a70da7ce5231e90cb0dd18e Trello Sync Automation
[2026-08-07T19:02:33.192218+00:00] CONTINUOUS_OODA_WORKER_COMPLETE
[2026-08-07T19:02:33.492067+00:00] CONTINUOUS_OODA_WORKER_START
[2026-08-07T19:02:38.145829+00:00] TRELLO_STATUS_UPDATED 6a762bc8e8bad212337e81de Miss Gordon: deliver EXACT_PROMPT_FOR_MISS_PINK.md integration
[2026-08-07T19:02:38.146907+00:00] CONTINUOUS_OODA_WORKER_COMPLETE
[2026-08-07T19:02:38.447627+00:00] CONTINUOUS_OODA_WORKER_START
[2026-08-07T19:03:02.220845+00:00] TRELLO_STATUS_UPDATED 6a714260e16bb14c1e238e8e Updated daily_ops_automation.py
[2026-08-07T19:03:02.222185+00:00] CONTINUOUS_OODA_WORKER_COMPLETE
[2026-08-07T19:03:02.461253+00:00] CONTINUOUS_OODA_WORKER_START
[2026-08-07T19:03:26.441584+00:00] TRELLO_STATUS_UPDATED 6a7185ee9623f3429b2bbbae SIR_GREEN_DEPLOYMENT_PROMPT created
[2026-08-07T19:03:26.443452+00:00] CONTINUOUS_OODA_WORKER_COMPLETE
[2026-08-07T19:03:26.835234+00:00] CONTINUOUS_OODA_WORKER_START
[2026-08-07T19:03:51.344822+00:00] TRELLO_STATUS_UPDATED 6a7124371696c8171433b8fe Bug hunt weekly_review_automation.py
[2026-08-07T19:03:51.346029+00:00] CONTINUOUS_OODA_WORKER_COMPLETE
[2026-08-07T19:03:51.552565+00:00] CONTINUOUS_OODA_WORKER_START
[2026-08-07T19:03:53.023059+00:00] TRELLO_STATUS_UPDATED 6a7499631c1a36043e1059e2 [P1] Sir Green: add /api/security-docs route to dashboard_server.py
[2026-08-07T19:03:53.024141+00:00] CONTINUOUS_OODA_WORKER_COMPLETE
[2026-08-07T19:03:53.247559+00:00] CONTINUOUS_OODA_WORKER_START
[2026-08-07T19:04:16.566038+00:00] TRELLO_STATUS_UPDATED 6a7124349aa52ada3776768e Bug hunt zapier_automation.py
[2026-08-07T19:04:16.567182+00:00] CONTINUOUS_OODA_WORKER_COMPLETE
[2026-08-07T19:04:16.775553+00:00] CONTINUOUS_OODA_WORKER_START
[2026-08-07T19:04:39.364717+00:00] TRELLO_STATUS_UPDATED 6a712438ca3780f35985256d Update 00_Vault_Home.md with build status
[2026-08-07T19:04:39.365654+00:00] CONTINUOUS_OODA_WORKER_COMPLETE
[2026-08-07T19:04:39.622078+00:00] CONTINUOUS_OODA_WORKER_START
[2026-08-07T19:05:01.831793+00:00] TRELLO_STATUS_UPDATED 6a7157f290ff88a1b31ae1c8 US Bank account automation — CSV → Wave → categorization
[2026-08-07T19:05:01.832661+00:00] CONTINUOUS_OODA_WORKER_COMPLETE
[2026-08-07T19:05:02.059671+00:00] CONTINUOUS_OODA_WORKER_START
[2026-08-07T19:05:06.246439+00:00] TRELLO_STATUS_UPDATED 6a712fac7a8a9649b153e078 Set revenue milestone: first paid tool upgrade
[2026-08-07T19:05:06.247609+00:00] CONTINUOUS_OODA_WORKER_COMPLETE
[2026-08-07T19:05:06.539705+00:00] CONTINUOUS_OODA_WORKER_START
[2026-08-07T19:05:11.159990+00:00] TRELLO_STATUS_UPDATED 6a737f7e79118dbc2544542a 📡 Add Cosmos Library update watcher without cloning Squidstation vault
[2026-08-07T19:05:11.161346+00:00] CONTINUOUS_OODA_WORKER_COMPLETE
[2026-08-07T19:05:11.470830+00:00] CONTINUOUS_OODA_WORKER_START
[2026-08-07T19:05:16.067787+00:00] TRELLO_STATUS_UPDATED 6a73c1df44ddb17b0142b8c9 🐳 Sir Azure: ComfyUI/Redis/MinIO/Postgres/Nginx on SQUIDSTATION
[2026-08-07T19:05:16.068659+00:00] CONTINUOUS_OODA_WORKER_COMPLETE
[2026-08-07T19:05:16.284665+00:00] CONTINUOUS_OODA_WORKER_START
[2026-08-07T19:05:38.523283+00:00] TRELLO_STATUS_UPDATED 6a715c0370ee36715d579861 Full automation audit complete
[2026-08-07T19:05:38.524245+00:00] CONTINUOUS_OODA_WORKER_COMPLETE
[2026-08-07T19:05:38.725976+00:00] CONTINUOUS_OODA_WORKER_START
[2026-08-07T19:05:42.637020+00:00] TRELLO_STATUS_UPDATED 6a71b462b21cd08f9f3f6eb9 Master OODA Execution Tasklist — P0-P3
[2026-08-07T19:05:42.637904+00:00] CONTINUOUS_OODA_WORKER_COMPLETE
[2026-08-07T19:05:42.838124+00:00] CONTINUOUS_OODA_WORKER_START
[2026-08-07T19:05:46.764586+00:00] TRELLO_STATUS_UPDATED 6a752e3da134f0acb0d5e8d8 Miss Pink: build hive-mind mesh automation bridge for SQUIDSTATION/PINKCADY/STEALTHATTACK
[2026-08-07T19:05:46.765629+00:00] CONTINUOUS_OODA_WORKER_COMPLETE
[2026-08-07T19:05:46.964367+00:00] CONTINUOUS_OODA_WORKER_START
[2026-08-07T19:05:51.152355+00:00] TRELLO_STATUS_UPDATED 6a752e3eff4d9d4cca8945a1 Fleet: deploy fleet_comms_watcher on SQUIDSTATION/PINKCADY/STEALTHATTACK
[2026-08-07T19:05:51.153240+00:00] CONTINUOUS_OODA_WORKER_COMPLETE
[2026-08-07T19:05:51.388705+00:00] CONTINUOUS_OODA_WORKER_START
[2026-08-07T19:05:57.425192+00:00] TRELLO_STATUS_UPDATED 6a758914570bb5e64769122a 📨 [INBOX] STATUS UPDATE DASHBOARD 8080 FIXED PLUGIN AUDIT PENDING AND DISCORD TOKEN BLOCKER 20260806T024500Z sirgreen.msg
[2026-08-07T19:05:57.426124+00:00] CONTINUOUS_OODA_WORKER_COMPLETE
[2026-08-07T19:05:57.634919+00:00] CONTINUOUS_OODA_WORKER_START
[2026-08-07T19:06:01.445019+00:00] TRELLO_STATUS_UPDATED 6a758916afae5cf53ccccf33 📨 [INBOX] miss gordon docker blockers sirgreen 20260806
[2026-08-07T19:06:01.445890+00:00] CONTINUOUS_OODA_WORKER_COMPLETE
[2026-08-07T19:06:01.682252+00:00] CONTINUOUS_OODA_WORKER_START
[2026-08-07T19:06:05.590206+00:00] TRELLO_STATUS_UPDATED 6a712bc79bc50687e977187a Deploy website to free hosting
[2026-08-07T19:06:05.591216+00:00] CONTINUOUS_OODA_WORKER_COMPLETE
[2026-08-07T19:06:05.809649+00:00] CONTINUOUS_OODA_WORKER_START
[2026-08-07T19:06:29.733423+00:00] TRELLO_STATUS_UPDATED 6a71242b3f23db4fb69d6f7c Wire Buffer API into buffer_automation.py
[2026-08-07T19:06:29.734800+00:00] CONTINUOUS_OODA_WORKER_COMPLETE
[2026-08-07T19:06:30.013332+00:00] CONTINUOUS_OODA_WORKER_START
[2026-08-07T19:06:48.530017+00:00] CONTINUOUS_OODA_WORKER_START
[2026-08-07T19:06:53.009222+00:00] TRELLO_STATUS_UPDATED 6a71242c76ca67e9e4de6505 Wire Zapier webhook into zapier_automation.py
[2026-08-07T19:06:53.010184+00:00] CONTINUOUS_OODA_WORKER_COMPLETE
[2026-08-07T19:06:53.233357+00:00] CONTINUOUS_OODA_WORKER_START
[2026-08-07T19:07:11.154738+00:00] TRELLO_STATUS_UPDATED 6a71242e3f23db4fb69d7c9b Wire HubSpot Service Key into CRM automation
[2026-08-07T19:07:11.156059+00:00] CONTINUOUS_OODA_WORKER_COMPLETE
[2026-08-07T19:07:11.408905+00:00] CONTINUOUS_OODA_WORKER_START
[2026-08-07T19:07:17.135192+00:00] TRELLO_STATUS_UPDATED 6a71242e3f23db4fb69d7c9b Wire HubSpot Service Key into CRM automation
[2026-08-07T19:07:17.136327+00:00] CONTINUOUS_OODA_WORKER_COMPLETE
[2026-08-07T19:07:17.382630+00:00] CONTINUOUS_OODA_WORKER_START
[2026-08-07T19:07:34.817524+00:00] TRELLO_STATUS_UPDATED 6a758919687b61bbb3db9255 📨 [INBOX] trello api 401 invalid key blocker sirgreen 20260806
[2026-08-07T19:07:34.819166+00:00] CONTINUOUS_OODA_WORKER_COMPLETE
[2026-08-07T19:07:35.075426+00:00] CONTINUOUS_OODA_WORKER_START
[2026-08-07T19:07:40.317691+00:00] TRELLO_STATUS_UPDATED 6a71243471edb3eff4f49bc3 Bug hunt buffer_automation.py
[2026-08-07T19:07:40.318968+00:00] CONTINUOUS_OODA_WORKER_COMPLETE
[2026-08-07T19:07:40.595647+00:00] CONTINUOUS_OODA_WORKER_START
[2026-08-07T19:07:41.429381+00:00] TRELLO_STATUS_UPDATED 6a762810cf4143153a5250b7 📨 [INBOX] RE HARDWARE TAB AND ISSUE OWNERSHIP ACK 20260805T233800Z misspink.msg
[2026-08-07T19:07:41.430831+00:00] CONTINUOUS_OODA_WORKER_COMPLETE
[2026-08-07T19:07:41.731869+00:00] CONTINUOUS_OODA_WORKER_START
[2026-08-07T19:07:46.880870+00:00] TRELLO_STATUS_UPDATED 6a762811c5882873a4d3fab3 📨 [INBOX] RE DISCORD BOT GITHUB ACCESS AND WINDOWS UPDATE REMINDER 20260805T235900Z misspink.msg
[2026-08-07T19:07:46.881787+00:00] CONTINUOUS_OODA_WORKER_COMPLETE
[2026-08-07T19:07:47.086465+00:00] CONTINUOUS_OODA_WORKER_START
[2026-08-07T19:07:47.952244+00:00] TRELLO_STATUS_UPDATED 6a762811c5882873a4d3fab3 📨 [INBOX] RE DISCORD BOT GITHUB ACCESS AND WINDOWS UPDATE REMINDER 20260805T235900Z misspink.msg
[2026-08-07T19:07:47.953274+00:00] CONTINUOUS_OODA_WORKER_COMPLETE
[2026-08-07T19:07:48.171744+00:00] CONTINUOUS_OODA_WORKER_START
[2026-08-07T19:07:53.286434+00:00] TRELLO_STATUS_UPDATED 6a762813839d409994d663e5 torus-inventory deployment blocked
[2026-08-07T19:07:53.287305+00:00] CONTINUOUS_OODA_WORKER_COMPLETE
[2026-08-07T19:07:53.498041+00:00] CONTINUOUS_OODA_WORKER_START
[2026-08-07T19:07:54.518206+00:00] TRELLO_STATUS_UPDATED 6a762813839d409994d663e5 torus-inventory deployment blocked
[2026-08-07T19:07:54.519124+00:00] CONTINUOUS_OODA_WORKER_COMPLETE
[2026-08-07T19:07:59.816478+00:00] TRELLO_STATUS_UPDATED 6a76281735fbe026273b3460 📨 DOCKER HUB PUSH RESULTS 5 OF 6 IMAGES PUSHED ALERT ROUTER BLOCKED 20260806T042800Z sirgreen.msg
[2026-08-07T19:07:59.817481+00:00] CONTINUOUS_OODA_WORKER_COMPLETE
[2026-08-07T19:08:00.027008+00:00] CONTINUOUS_OODA_WORKER_START
[2026-08-07T19:08:06.679222+00:00] TRELLO_STATUS_UPDATED 6a762818d5da329fde279451 📨 DOCKER HUB PUSH STATUS SQUIDSTATION IMAGES PUSH BLOCKED BY AUTH 20260806T042700Z sirgreen.msg
[2026-08-07T19:08:06.680148+00:00] CONTINUOUS_OODA_WORKER_COMPLETE
[2026-08-07T19:08:06.886286+00:00] CONTINUOUS_OODA_WORKER_START
[2026-08-07T19:08:13.360744+00:00] TRELLO_STATUS_UPDATED 6a762819694f94ec8ae35ba5 📨 ALERT ROUTER REPO EXISTS BUT SQUIDSTATION LACKS WRITE PERMISSION 20260806T042900Z sirgreen.msg
[2026-08-07T19:08:13.361763+00:00] CONTINUOUS_OODA_WORKER_COMPLETE
[2026-08-07T19:08:13.640692+00:00] CONTINUOUS_OODA_WORKER_START
[2026-08-07T19:08:20.037729+00:00] TRELLO_STATUS_UPDATED 6a76281b6f4e3f7f50a9fbcf 📨 ONE ACTION GRANT WRITE ACCESS OR PROVIDE PAT FOR ALERT ROUTER 20260806T043000Z sirgreen.msg
[2026-08-07T19:08:20.038917+00:00] CONTINUOUS_OODA_WORKER_COMPLETE
[2026-08-07T19:08:20.272107+00:00] CONTINUOUS_OODA_WORKER_START
[2026-08-07T19:08:26.820008+00:00] TRELLO_STATUS_UPDATED 6a76281c1833984386f186a9 📨 CODING ORDER DOCKER HUB WRITE ACCESS FOR ALERT ROUTER 20260806T051400Z sirgreen.msg
[2026-08-07T19:08:26.821215+00:00] CONTINUOUS_OODA_WORKER_COMPLETE
[2026-08-07T19:08:27.045512+00:00] CONTINUOUS_OODA_WORKER_START
[2026-08-07T19:08:33.305049+00:00] TRELLO_STATUS_UPDATED 6a76281e35758521a2952345 🚨 [P1] Dashboard image blocked — need Docker Hub auth
[2026-08-07T19:08:33.306080+00:00] CONTINUOUS_OODA_WORKER_COMPLETE
[2026-08-07T19:08:33.559531+00:00] CONTINUOUS_OODA_WORKER_START
[2026-08-07T19:08:57.035088+00:00] TRELLO_STATUS_UPDATED 6a7124361db42f66b1aadd83 Bug hunt daily_ops_automation.py
[2026-08-07T19:08:57.036406+00:00] CONTINUOUS_OODA_WORKER_COMPLETE
[2026-08-07T19:08:57.264289+00:00] CONTINUOUS_OODA_WORKER_START
[2026-08-07T19:09:20.727587+00:00] TRELLO_STATUS_UPDATED 6a7589189ca085ca8dce78a8 📨 [INBOX] trello api 401 invalid key blocker sirazure 20260806
[2026-08-07T19:09:20.728541+00:00] CONTINUOUS_OODA_WORKER_COMPLETE
[2026-08-07T19:09:20.947537+00:00] CONTINUOUS_OODA_WORKER_START
[2026-08-07T19:09:45.048428+00:00] TRELLO_STATUS_UPDATED 6a7589217259b91d11ae66f1 📨 [INBOX] sirazure re docker urgent findings sirazure 20260806
[2026-08-07T19:09:45.049634+00:00] CONTINUOUS_OODA_WORKER_COMPLETE
[2026-08-07T19:09:45.253636+00:00] CONTINUOUS_OODA_WORKER_START
[2026-08-07T19:10:08.417982+00:00] TRELLO_STATUS_UPDATED 6a75891fe2e1acad47a8101d 📨 [INBOX] sirgreen docker deep dive urgent sirgreen 20260806
[2026-08-07T19:10:08.419052+00:00] CONTINUOUS_OODA_WORKER_COMPLETE
[2026-08-07T19:10:08.626139+00:00] CONTINUOUS_OODA_WORKER_START
[2026-08-07T19:10:33.202792+00:00] TRELLO_STATUS_UPDATED 6a713b0f7fec1de4568f6906 DEPLOY.md created
[2026-08-07T19:10:33.204113+00:00] CONTINUOUS_OODA_WORKER_COMPLETE
[2026-08-07T19:10:33.455469+00:00] CONTINUOUS_OODA_WORKER_START
[2026-08-07T19:10:57.010624+00:00] TRELLO_STATUS_UPDATED 6a73e04f545d92a2f50c5f3f 🔁 [P2] Self-healing automation daemon
[2026-08-07T19:10:57.011526+00:00] CONTINUOUS_OODA_WORKER_COMPLETE
[2026-08-07T19:10:57.239554+00:00] CONTINUOUS_OODA_WORKER_START
[2026-08-07T19:11:20.164315+00:00] TRELLO_STATUS_UPDATED 6a742142c4eea9f50d2c583b [P2] DEPLOYMENT_RUNBOOK.md
[2026-08-07T19:11:20.165218+00:00] CONTINUOUS_OODA_WORKER_COMPLETE
[2026-08-07T19:11:20.430246+00:00] CONTINUOUS_OODA_WORKER_START
[2026-08-07T19:11:43.956022+00:00] TRELLO_STATUS_UPDATED 6a737f7c8714ca5b28fb892e 🧭 Wire Miss Pink persona attributes into vault docs/automation
[2026-08-07T19:11:43.957061+00:00] CONTINUOUS_OODA_WORKER_COMPLETE
[2026-08-07T19:11:44.249551+00:00] CONTINUOUS_OODA_WORKER_START
[2026-08-07T19:12:07.279837+00:00] TRELLO_STATUS_UPDATED 6a70fd5df386c9b9c9509813 Research free automation tools (Zapier/Make/n8n)
[2026-08-07T19:12:07.281301+00:00] CONTINUOUS_OODA_WORKER_COMPLETE
[2026-08-07T19:12:07.502730+00:00] CONTINUOUS_OODA_WORKER_START
[2026-08-07T19:12:32.540135+00:00] TRELLO_STATUS_UPDATED 6a715c01e0c5b1f394020f9a Choose payment processor alternative
[2026-08-07T19:12:32.541530+00:00] CONTINUOUS_OODA_WORKER_COMPLETE
[2026-08-07T19:12:32.798875+00:00] CONTINUOUS_OODA_WORKER_START
[2026-08-07T19:12:56.675384+00:00] TRELLO_STATUS_UPDATED 6a70da7ce5231e90cb0dd18e Trello Sync Automation
[2026-08-07T19:12:56.676267+00:00] CONTINUOUS_OODA_WORKER_COMPLETE
[2026-08-07T19:12:56.876252+00:00] CONTINUOUS_OODA_WORKER_START
[2026-08-07T19:13:00.801985+00:00] TRELLO_STATUS_UPDATED 6a762bc8e8bad212337e81de Miss Gordon: deliver EXACT_PROMPT_FOR_MISS_PINK.md integration
[2026-08-07T19:13:00.802896+00:00] CONTINUOUS_OODA_WORKER_COMPLETE
[2026-08-07T19:13:01.020858+00:00] CONTINUOUS_OODA_WORKER_START
[2026-08-07T19:13:23.153737+00:00] TRELLO_STATUS_UPDATED 6a712433d986e5476af125d7 Bug hunt social_media_automation.py
[2026-08-07T19:13:23.154651+00:00] CONTINUOUS_OODA_WORKER_COMPLETE
[2026-08-07T19:13:23.362700+00:00] CONTINUOUS_OODA_WORKER_START
[2026-08-07T19:13:45.616155+00:00] TRELLO_STATUS_UPDATED 6a714260e16bb14c1e238e8e Updated daily_ops_automation.py
[2026-08-07T19:13:45.617310+00:00] CONTINUOUS_OODA_WORKER_COMPLETE
[2026-08-07T19:13:45.821587+00:00] CONTINUOUS_OODA_WORKER_START
[2026-08-07T19:14:07.926532+00:00] TRELLO_STATUS_UPDATED 6a7185ee9623f3429b2bbbae SIR_GREEN_DEPLOYMENT_PROMPT created
[2026-08-07T19:14:07.927481+00:00] CONTINUOUS_OODA_WORKER_COMPLETE
[2026-08-07T19:14:08.133046+00:00] CONTINUOUS_OODA_WORKER_START
[2026-08-07T19:14:30.278403+00:00] TRELLO_STATUS_UPDATED 6a7124371696c8171433b8fe Bug hunt weekly_review_automation.py
[2026-08-07T19:14:30.279540+00:00] CONTINUOUS_OODA_WORKER_COMPLETE
[2026-08-07T19:14:30.593937+00:00] CONTINUOUS_OODA_WORKER_START
[2026-08-07T19:14:52.897078+00:00] TRELLO_STATUS_UPDATED 6a7124349aa52ada3776768e Bug hunt zapier_automation.py
[2026-08-07T19:14:52.898176+00:00] CONTINUOUS_OODA_WORKER_COMPLETE
[2026-08-07T19:14:53.129992+00:00] CONTINUOUS_OODA_WORKER_START
[2026-08-07T19:15:10.955057+00:00] CONTINUOUS_OODA_WORKER_START
[2026-08-07T19:15:14.842129+00:00] TRELLO_STATUS_UPDATED 6a712fac7a8a9649b153e078 Set revenue milestone: first paid tool upgrade
[2026-08-07T19:15:14.843218+00:00] CONTINUOUS_OODA_WORKER_COMPLETE
[2026-08-07T19:15:16.096787+00:00] TRELLO_STATUS_UPDATED 6a712438ca3780f35985256d Update 00_Vault_Home.md with build status
[2026-08-07T19:15:16.097689+00:00] CONTINUOUS_OODA_WORKER_COMPLETE
[2026-08-07T19:15:16.309953+00:00] CONTINUOUS_OODA_WORKER_START
[2026-08-07T19:15:20.109260+00:00] TRELLO_STATUS_UPDATED 6a737f7e79118dbc2544542a 📡 Add Cosmos Library update watcher without cloning Squidstation vault
[2026-08-07T19:15:20.110221+00:00] CONTINUOUS_OODA_WORKER_COMPLETE
[2026-08-07T19:15:20.331022+00:00] CONTINUOUS_OODA_WORKER_START
[2026-08-07T19:15:24.298148+00:00] TRELLO_STATUS_UPDATED 6a73c1df44ddb17b0142b8c9 🐳 Sir Azure: ComfyUI/Redis/MinIO/Postgres/Nginx on SQUIDSTATION
[2026-08-07T19:15:24.299072+00:00] CONTINUOUS_OODA_WORKER_COMPLETE
[2026-08-07T19:15:24.506591+00:00] CONTINUOUS_OODA_WORKER_START
[2026-08-07T19:15:47.452131+00:00] TRELLO_STATUS_UPDATED 6a7157f290ff88a1b31ae1c8 US Bank account automation — CSV → Wave → categorization
[2026-08-07T19:15:47.453853+00:00] CONTINUOUS_OODA_WORKER_COMPLETE
[2026-08-07T19:15:47.693127+00:00] CONTINUOUS_OODA_WORKER_START
[2026-08-07T19:15:51.701565+00:00] TRELLO_STATUS_UPDATED 6a71b462b21cd08f9f3f6eb9 Master OODA Execution Tasklist — P0-P3
[2026-08-07T19:15:51.702636+00:00] CONTINUOUS_OODA_WORKER_COMPLETE
[2026-08-07T19:15:51.939986+00:00] CONTINUOUS_OODA_WORKER_START
[2026-08-07T19:15:55.756379+00:00] TRELLO_STATUS_UPDATED 6a752e3da134f0acb0d5e8d8 Miss Pink: build hive-mind mesh automation bridge for SQUIDSTATION/PINKCADY/STEALTHATTACK
[2026-08-07T19:15:55.757284+00:00] CONTINUOUS_OODA_WORKER_COMPLETE
[2026-08-07T19:15:55.958544+00:00] CONTINUOUS_OODA_WORKER_START
[2026-08-07T19:15:59.675484+00:00] TRELLO_STATUS_UPDATED 6a752e3eff4d9d4cca8945a1 Fleet: deploy fleet_comms_watcher on SQUIDSTATION/PINKCADY/STEALTHATTACK
[2026-08-07T19:15:59.676842+00:00] CONTINUOUS_OODA_WORKER_COMPLETE
[2026-08-07T19:15:59.899652+00:00] CONTINUOUS_OODA_WORKER_START
[2026-08-07T19:16:03.733072+00:00] TRELLO_STATUS_UPDATED 6a758914570bb5e64769122a 📨 [INBOX] STATUS UPDATE DASHBOARD 8080 FIXED PLUGIN AUDIT PENDING AND DISCORD TOKEN BLOCKER 20260806T024500Z sirgreen.msg
[2026-08-07T19:16:03.733994+00:00] CONTINUOUS_OODA_WORKER_COMPLETE
[2026-08-07T19:16:03.932168+00:00] CONTINUOUS_OODA_WORKER_START
[2026-08-07T19:16:07.774761+00:00] TRELLO_STATUS_UPDATED 6a758916afae5cf53ccccf33 📨 [INBOX] miss gordon docker blockers sirgreen 20260806
[2026-08-07T19:16:07.775653+00:00] CONTINUOUS_OODA_WORKER_COMPLETE
[2026-08-07T19:16:08.026027+00:00] CONTINUOUS_OODA_WORKER_START
[2026-08-07T19:16:11.750927+00:00] TRELLO_STATUS_UPDATED 6a712bc79bc50687e977187a Deploy website to free hosting
[2026-08-07T19:16:11.752408+00:00] CONTINUOUS_OODA_WORKER_COMPLETE
[2026-08-07T19:16:11.973101+00:00] CONTINUOUS_OODA_WORKER_START
[2026-08-07T19:16:33.783994+00:00] TRELLO_STATUS_UPDATED 6a715c0370ee36715d579861 Full automation audit complete
[2026-08-07T19:16:33.785371+00:00] CONTINUOUS_OODA_WORKER_COMPLETE
[2026-08-07T19:16:34.021395+00:00] CONTINUOUS_OODA_WORKER_START
[2026-08-07T19:16:56.581481+00:00] TRELLO_STATUS_UPDATED 6a71242b3f23db4fb69d6f7c Wire Buffer API into buffer_automation.py
[2026-08-07T19:16:56.582422+00:00] CONTINUOUS_OODA_WORKER_COMPLETE
[2026-08-07T19:16:56.800487+00:00] CONTINUOUS_OODA_WORKER_START
[2026-08-07T19:17:18.827300+00:00] TRELLO_STATUS_UPDATED 6a71242c76ca67e9e4de6505 Wire Zapier webhook into zapier_automation.py
[2026-08-07T19:17:18.828494+00:00] CONTINUOUS_OODA_WORKER_COMPLETE
[2026-08-07T19:17:19.066994+00:00] CONTINUOUS_OODA_WORKER_START
[2026-08-07T19:17:41.557936+00:00] TRELLO_STATUS_UPDATED 6a71242e3f23db4fb69d7c9b Wire HubSpot Service Key into CRM automation
[2026-08-07T19:17:41.558810+00:00] CONTINUOUS_OODA_WORKER_COMPLETE
[2026-08-07T19:17:41.761989+00:00] CONTINUOUS_OODA_WORKER_START
[2026-08-07T19:17:47.889357+00:00] TRELLO_STATUS_UPDATED 6a762810cf4143153a5250b7 📨 [INBOX] RE HARDWARE TAB AND ISSUE OWNERSHIP ACK 20260805T233800Z misspink.msg
[2026-08-07T19:17:47.890307+00:00] CONTINUOUS_OODA_WORKER_COMPLETE
[2026-08-07T19:17:48.090787+00:00] CONTINUOUS_OODA_WORKER_START
[2026-08-07T19:17:54.545818+00:00] TRELLO_STATUS_UPDATED 6a762811c5882873a4d3fab3 📨 [INBOX] RE DISCORD BOT GITHUB ACCESS AND WINDOWS UPDATE REMINDER 20260805T235900Z misspink.msg
[2026-08-07T19:17:54.546695+00:00] CONTINUOUS_OODA_WORKER_COMPLETE
[2026-08-07T19:17:54.748974+00:00] CONTINUOUS_OODA_WORKER_START
[2026-08-07T19:18:00.950396+00:00] TRELLO_STATUS_UPDATED 6a762813839d409994d663e5 torus-inventory deployment blocked
[2026-08-07T19:18:00.951210+00:00] CONTINUOUS_OODA_WORKER_COMPLETE
[2026-08-07T19:18:01.152244+00:00] CONTINUOUS_OODA_WORKER_START
[2026-08-07T19:18:07.116190+00:00] TRELLO_STATUS_UPDATED 6a76281735fbe026273b3460 📨 DOCKER HUB PUSH RESULTS 5 OF 6 IMAGES PUSHED ALERT ROUTER BLOCKED 20260806T042800Z sirgreen.msg
[2026-08-07T19:18:07.117107+00:00] CONTINUOUS_OODA_WORKER_COMPLETE
[2026-08-07T19:18:07.320081+00:00] CONTINUOUS_OODA_WORKER_START
[2026-08-07T19:18:13.215394+00:00] TRELLO_STATUS_UPDATED 6a762818d5da329fde279451 📨 DOCKER HUB PUSH STATUS SQUIDSTATION IMAGES PUSH BLOCKED BY AUTH 20260806T042700Z sirgreen.msg
[2026-08-07T19:18:13.216569+00:00] CONTINUOUS_OODA_WORKER_COMPLETE
[2026-08-07T19:18:13.533950+00:00] CONTINUOUS_OODA_WORKER_START
[2026-08-07T19:18:19.412260+00:00] TRELLO_STATUS_UPDATED 6a762819694f94ec8ae35ba5 📨 ALERT ROUTER REPO EXISTS BUT SQUIDSTATION LACKS WRITE PERMISSION 20260806T042900Z sirgreen.msg
[2026-08-07T19:18:19.413113+00:00] CONTINUOUS_OODA_WORKER_COMPLETE
[2026-08-07T19:18:19.652731+00:00] CONTINUOUS_OODA_WORKER_START
[2026-08-07T19:18:25.857145+00:00] TRELLO_STATUS_UPDATED 6a76281b6f4e3f7f50a9fbcf 📨 ONE ACTION GRANT WRITE ACCESS OR PROVIDE PAT FOR ALERT ROUTER 20260806T043000Z sirgreen.msg
[2026-08-07T19:18:25.858008+00:00] CONTINUOUS_OODA_WORKER_COMPLETE
[2026-08-07T19:18:26.088057+00:00] CONTINUOUS_OODA_WORKER_START
[2026-08-07T19:18:48.310511+00:00] TRELLO_STATUS_UPDATED 6a758919687b61bbb3db9255 📨 [INBOX] trello api 401 invalid key blocker sirgreen 20260806
[2026-08-07T19:18:48.312117+00:00] CONTINUOUS_OODA_WORKER_COMPLETE
[2026-08-07T19:18:48.625994+00:00] CONTINUOUS_OODA_WORKER_START
[2026-08-07T19:18:54.607878+00:00] TRELLO_STATUS_UPDATED 6a76281c1833984386f186a9 📨 CODING ORDER DOCKER HUB WRITE ACCESS FOR ALERT ROUTER 20260806T051400Z sirgreen.msg
[2026-08-07T19:18:54.608738+00:00] CONTINUOUS_OODA_WORKER_COMPLETE
[2026-08-07T19:18:54.815236+00:00] CONTINUOUS_OODA_WORKER_START
[2026-08-07T19:19:00.876719+00:00] TRELLO_STATUS_UPDATED 6a76281e35758521a2952345 🚨 [P1] Dashboard image blocked — need Docker Hub auth
[2026-08-07T19:19:00.877777+00:00] CONTINUOUS_OODA_WORKER_COMPLETE
[2026-08-07T19:19:01.078370+00:00] CONTINUOUS_OODA_WORKER_START
[2026-08-07T19:19:23.209501+00:00] TRELLO_STATUS_UPDATED 6a71243471edb3eff4f49bc3 Bug hunt buffer_automation.py
[2026-08-07T19:19:23.210478+00:00] CONTINUOUS_OODA_WORKER_COMPLETE
[2026-08-07T19:19:23.419922+00:00] CONTINUOUS_OODA_WORKER_START
[2026-08-07T19:19:45.358575+00:00] TRELLO_STATUS_UPDATED 6a7589189ca085ca8dce78a8 📨 [INBOX] trello api 401 invalid key blocker sirazure 20260806
[2026-08-07T19:19:45.359813+00:00] CONTINUOUS_OODA_WORKER_COMPLETE
[2026-08-07T19:19:45.652079+00:00] CONTINUOUS_OODA_WORKER_START
[2026-08-07T19:20:07.872521+00:00] TRELLO_STATUS_UPDATED 6a7589217259b91d11ae66f1 📨 [INBOX] sirazure re docker urgent findings sirazure 20260806
[2026-08-07T19:20:07.873507+00:00] CONTINUOUS_OODA_WORKER_COMPLETE
[2026-08-07T19:20:08.078375+00:00] CONTINUOUS_OODA_WORKER_START
[2026-08-07T19:20:30.403255+00:00] TRELLO_STATUS_UPDATED 6a75891fe2e1acad47a8101d 📨 [INBOX] sirgreen docker deep dive urgent sirgreen 20260806
[2026-08-07T19:20:30.404385+00:00] CONTINUOUS_OODA_WORKER_COMPLETE
[2026-08-07T19:20:30.672413+00:00] CONTINUOUS_OODA_WORKER_START
[2026-08-07T19:20:52.843043+00:00] TRELLO_STATUS_UPDATED 6a7124361db42f66b1aadd83 Bug hunt daily_ops_automation.py
[2026-08-07T19:20:52.844255+00:00] CONTINUOUS_OODA_WORKER_COMPLETE
[2026-08-07T19:20:53.049157+00:00] CONTINUOUS_OODA_WORKER_START
[2026-08-07T19:21:14.938167+00:00] TRELLO_STATUS_UPDATED 6a713b0f7fec1de4568f6906 DEPLOY.md created
[2026-08-07T19:21:14.939068+00:00] CONTINUOUS_OODA_WORKER_COMPLETE
[2026-08-07T19:21:15.139993+00:00] CONTINUOUS_OODA_WORKER_START
[2026-08-07T19:21:37.575558+00:00] TRELLO_STATUS_UPDATED 6a73e04f545d92a2f50c5f3f 🔁 [P2] Self-healing automation daemon
[2026-08-07T19:21:37.576522+00:00] CONTINUOUS_OODA_WORKER_COMPLETE
[2026-08-07T19:21:37.825274+00:00] CONTINUOUS_OODA_WORKER_START
[2026-08-07T19:21:59.475816+00:00] TRELLO_STATUS_UPDATED 6a742142c4eea9f50d2c583b [P2] DEPLOYMENT_RUNBOOK.md
[2026-08-07T19:21:59.476999+00:00] CONTINUOUS_OODA_WORKER_COMPLETE
[2026-08-07T19:21:59.747641+00:00] CONTINUOUS_OODA_WORKER_START
[2026-08-07T19:22:21.807912+00:00] TRELLO_STATUS_UPDATED 6a737f7c8714ca5b28fb892e 🧭 Wire Miss Pink persona attributes into vault docs/automation
[2026-08-07T19:22:21.809221+00:00] CONTINUOUS_OODA_WORKER_COMPLETE
[2026-08-07T19:22:22.086134+00:00] CONTINUOUS_OODA_WORKER_START
[2026-08-07T19:22:44.043250+00:00] TRELLO_STATUS_UPDATED 6a70fd5df386c9b9c9509813 Research free automation tools (Zapier/Make/n8n)
[2026-08-07T19:22:44.044306+00:00] CONTINUOUS_OODA_WORKER_COMPLETE
[2026-08-07T19:22:44.271193+00:00] CONTINUOUS_OODA_WORKER_START
[2026-08-07T19:23:05.905798+00:00] TRELLO_STATUS_UPDATED 6a715c01e0c5b1f394020f9a Choose payment processor alternative
[2026-08-07T19:23:05.906677+00:00] CONTINUOUS_OODA_WORKER_COMPLETE
[2026-08-07T19:23:06.131127+00:00] CONTINUOUS_OODA_WORKER_START
[2026-08-07T19:23:09.864776+00:00] TRELLO_STATUS_UPDATED 6a762bc8e8bad212337e81de Miss Gordon: deliver EXACT_PROMPT_FOR_MISS_PINK.md integration
[2026-08-07T19:23:09.865788+00:00] CONTINUOUS_OODA_WORKER_COMPLETE
[2026-08-07T19:23:10.108227+00:00] CONTINUOUS_OODA_WORKER_START
[2026-08-07T19:23:31.965600+00:00] TRELLO_STATUS_UPDATED 6a70da7ce5231e90cb0dd18e Trello Sync Automation
[2026-08-07T19:23:31.968212+00:00] CONTINUOUS_OODA_WORKER_COMPLETE
[2026-08-07T19:23:32.322786+00:00] CONTINUOUS_OODA_WORKER_START
[2026-08-07T19:23:54.252872+00:00] TRELLO_STATUS_UPDATED 6a712433d986e5476af125d7 Bug hunt social_media_automation.py
[2026-08-07T19:23:54.253807+00:00] CONTINUOUS_OODA_WORKER_COMPLETE
[2026-08-07T19:23:54.453713+00:00] CONTINUOUS_OODA_WORKER_START
[2026-08-07T19:24:15.760924+00:00] TRELLO_STATUS_UPDATED 6a714260e16bb14c1e238e8e Updated daily_ops_automation.py
[2026-08-07T19:24:15.762109+00:00] CONTINUOUS_OODA_WORKER_COMPLETE
[2026-08-07T19:24:15.992224+00:00] CONTINUOUS_OODA_WORKER_START
[2026-08-07T19:24:38.854194+00:00] TRELLO_STATUS_UPDATED 6a7185ee9623f3429b2bbbae SIR_GREEN_DEPLOYMENT_PROMPT created
[2026-08-07T19:24:38.855248+00:00] CONTINUOUS_OODA_WORKER_COMPLETE
[2026-08-07T19:24:39.143882+00:00] CONTINUOUS_OODA_WORKER_START
[2026-08-07T19:25:00.873959+00:00] TRELLO_STATUS_UPDATED 6a7124371696c8171433b8fe Bug hunt weekly_review_automation.py
[2026-08-07T19:25:00.874813+00:00] CONTINUOUS_OODA_WORKER_COMPLETE
[2026-08-07T19:25:01.071195+00:00] CONTINUOUS_OODA_WORKER_START
[2026-08-07T19:25:02.427297+00:00] TRELLO_STATUS_UPDATED 6a7499631c1a36043e1059e2 [P1] Sir Green: add /api/security-docs route to dashboard_server.py
[2026-08-07T19:25:02.428259+00:00] CONTINUOUS_OODA_WORKER_COMPLETE
[2026-08-07T19:25:02.668182+00:00] CONTINUOUS_OODA_WORKER_START
[2026-08-07T19:25:25.342395+00:00] TRELLO_STATUS_UPDATED 6a7124349aa52ada3776768e Bug hunt zapier_automation.py
[2026-08-07T19:25:25.343326+00:00] CONTINUOUS_OODA_WORKER_COMPLETE
[2026-08-07T19:25:25.555142+00:00] CONTINUOUS_OODA_WORKER_START
[2026-08-07T19:25:29.491045+00:00] TRELLO_STATUS_UPDATED 6a712fac7a8a9649b153e078 Set revenue milestone: first paid tool upgrade
[2026-08-07T19:25:29.492561+00:00] CONTINUOUS_OODA_WORKER_COMPLETE
[2026-08-07T19:25:29.729425+00:00] CONTINUOUS_OODA_WORKER_START
[2026-08-07T19:25:33.567390+00:00] TRELLO_STATUS_UPDATED 6a737f7e79118dbc2544542a 📡 Add Cosmos Library update watcher without cloning Squidstation vault
[2026-08-07T19:25:33.568786+00:00] CONTINUOUS_OODA_WORKER_COMPLETE
[2026-08-07T19:25:33.856607+00:00] CONTINUOUS_OODA_WORKER_START
[2026-08-07T19:25:37.561726+00:00] TRELLO_STATUS_UPDATED 6a73c1df44ddb17b0142b8c9 🐳 Sir Azure: ComfyUI/Redis/MinIO/Postgres/Nginx on SQUIDSTATION
[2026-08-07T19:25:37.563208+00:00] CONTINUOUS_OODA_WORKER_COMPLETE
[2026-08-07T19:25:37.854137+00:00] CONTINUOUS_OODA_WORKER_START
[2026-08-07T19:25:59.942890+00:00] TRELLO_STATUS_UPDATED 6a712438ca3780f35985256d Update 00_Vault_Home.md with build status
[2026-08-07T19:25:59.943886+00:00] CONTINUOUS_OODA_WORKER_COMPLETE
[2026-08-07T19:26:00.246707+00:00] CONTINUOUS_OODA_WORKER_START
[2026-08-07T19:26:04.413797+00:00] TRELLO_STATUS_UPDATED 6a71b462b21cd08f9f3f6eb9 Master OODA Execution Tasklist — P0-P3
[2026-08-07T19:26:04.414823+00:00] CONTINUOUS_OODA_WORKER_COMPLETE
[2026-08-07T19:26:04.612874+00:00] CONTINUOUS_OODA_WORKER_START
[2026-08-07T19:26:08.365903+00:00] TRELLO_STATUS_UPDATED 6a752e3da134f0acb0d5e8d8 Miss Pink: build hive-mind mesh automation bridge for SQUIDSTATION/PINKCADY/STEALTHATTACK
[2026-08-07T19:26:08.366823+00:00] CONTINUOUS_OODA_WORKER_COMPLETE
[2026-08-07T19:26:08.564354+00:00] CONTINUOUS_OODA_WORKER_START
[2026-08-07T19:26:12.206208+00:00] TRELLO_STATUS_UPDATED 6a752e3eff4d9d4cca8945a1 Fleet: deploy fleet_comms_watcher on SQUIDSTATION/PINKCADY/STEALTHATTACK
[2026-08-07T19:26:12.207666+00:00] CONTINUOUS_OODA_WORKER_COMPLETE
[2026-08-07T19:26:12.445531+00:00] CONTINUOUS_OODA_WORKER_START
[2026-08-07T19:26:16.245033+00:00] TRELLO_STATUS_UPDATED 6a758914570bb5e64769122a 📨 [INBOX] STATUS UPDATE DASHBOARD 8080 FIXED PLUGIN AUDIT PENDING AND DISCORD TOKEN BLOCKER 20260806T024500Z sirgreen.msg
[2026-08-07T19:26:16.246095+00:00] CONTINUOUS_OODA_WORKER_COMPLETE
[2026-08-07T19:26:16.481895+00:00] CONTINUOUS_OODA_WORKER_START
[2026-08-07T19:26:20.020163+00:00] TRELLO_STATUS_UPDATED 6a758916afae5cf53ccccf33 📨 [INBOX] miss gordon docker blockers sirgreen 20260806
[2026-08-07T19:26:20.021533+00:00] CONTINUOUS_OODA_WORKER_COMPLETE
[2026-08-07T19:26:20.290647+00:00] CONTINUOUS_OODA_WORKER_START
[2026-08-07T19:26:24.110651+00:00] TRELLO_STATUS_UPDATED 6a712bc79bc50687e977187a Deploy website to free hosting
[2026-08-07T19:26:24.111753+00:00] CONTINUOUS_OODA_WORKER_COMPLETE
[2026-08-07T19:26:24.325634+00:00] CONTINUOUS_OODA_WORKER_START
[2026-08-07T19:26:46.478941+00:00] TRELLO_STATUS_UPDATED 6a7157f290ff88a1b31ae1c8 US Bank account automation — CSV → Wave → categorization
[2026-08-07T19:26:46.480479+00:00] CONTINUOUS_OODA_WORKER_COMPLETE
[2026-08-07T19:26:46.692637+00:00] CONTINUOUS_OODA_WORKER_START
[2026-08-07T19:27:09.307168+00:00] TRELLO_STATUS_UPDATED 6a715c0370ee36715d579861 Full automation audit complete
[2026-08-07T19:27:09.308286+00:00] CONTINUOUS_OODA_WORKER_COMPLETE
[2026-08-07T19:27:09.521925+00:00] CONTINUOUS_OODA_WORKER_START
[2026-08-07T19:27:31.274821+00:00] TRELLO_STATUS_UPDATED 6a71242b3f23db4fb69d6f7c Wire Buffer API into buffer_automation.py
[2026-08-07T19:27:31.276836+00:00] CONTINUOUS_OODA_WORKER_COMPLETE
[2026-08-07T19:27:31.599779+00:00] CONTINUOUS_OODA_WORKER_START
[2026-08-07T19:27:53.326617+00:00] TRELLO_STATUS_UPDATED 6a71242c76ca67e9e4de6505 Wire Zapier webhook into zapier_automation.py
[2026-08-07T19:27:53.328119+00:00] CONTINUOUS_OODA_WORKER_COMPLETE
[2026-08-07T19:27:53.528051+00:00] CONTINUOUS_OODA_WORKER_START
[2026-08-07T19:27:59.366584+00:00] TRELLO_STATUS_UPDATED 6a762810cf4143153a5250b7 📨 [INBOX] RE HARDWARE TAB AND ISSUE OWNERSHIP ACK 20260805T233800Z misspink.msg
[2026-08-07T19:27:59.367531+00:00] CONTINUOUS_OODA_WORKER_COMPLETE
[2026-08-07T19:27:59.570660+00:00] CONTINUOUS_OODA_WORKER_START
[2026-08-07T19:28:05.528447+00:00] TRELLO_STATUS_UPDATED 6a762811c5882873a4d3fab3 📨 [INBOX] RE DISCORD BOT GITHUB ACCESS AND WINDOWS UPDATE REMINDER 20260805T235900Z misspink.msg
[2026-08-07T19:28:05.529471+00:00] CONTINUOUS_OODA_WORKER_COMPLETE
[2026-08-07T19:28:05.754728+00:00] CONTINUOUS_OODA_WORKER_START
[2026-08-07T19:28:11.735458+00:00] TRELLO_STATUS_UPDATED 6a762813839d409994d663e5 torus-inventory deployment blocked
[2026-08-07T19:28:11.736574+00:00] CONTINUOUS_OODA_WORKER_COMPLETE
[2026-08-07T19:28:11.940688+00:00] CONTINUOUS_OODA_WORKER_START
[2026-08-07T19:28:17.998740+00:00] TRELLO_STATUS_UPDATED 6a76281735fbe026273b3460 📨 DOCKER HUB PUSH RESULTS 5 OF 6 IMAGES PUSHED ALERT ROUTER BLOCKED 20260806T042800Z sirgreen.msg
[2026-08-07T19:28:17.999822+00:00] CONTINUOUS_OODA_WORKER_COMPLETE
[2026-08-07T19:28:18.214867+00:00] CONTINUOUS_OODA_WORKER_START
[2026-08-07T19:28:24.045969+00:00] TRELLO_STATUS_UPDATED 6a762818d5da329fde279451 📨 DOCKER HUB PUSH STATUS SQUIDSTATION IMAGES PUSH BLOCKED BY AUTH 20260806T042700Z sirgreen.msg
[2026-08-07T19:28:24.046878+00:00] CONTINUOUS_OODA_WORKER_COMPLETE
[2026-08-07T19:28:24.263729+00:00] CONTINUOUS_OODA_WORKER_START
[2026-08-07T19:28:30.125862+00:00] TRELLO_STATUS_UPDATED 6a762819694f94ec8ae35ba5 📨 ALERT ROUTER REPO EXISTS BUT SQUIDSTATION LACKS WRITE PERMISSION 20260806T042900Z sirgreen.msg
[2026-08-07T19:28:30.127470+00:00] CONTINUOUS_OODA_WORKER_COMPLETE
[2026-08-07T19:28:30.459503+00:00] CONTINUOUS_OODA_WORKER_START
[2026-08-07T19:28:36.298024+00:00] TRELLO_STATUS_UPDATED 6a76281b6f4e3f7f50a9fbcf 📨 ONE ACTION GRANT WRITE ACCESS OR PROVIDE PAT FOR ALERT ROUTER 20260806T043000Z sirgreen.msg
[2026-08-07T19:28:36.299641+00:00] CONTINUOUS_OODA_WORKER_COMPLETE
[2026-08-07T19:28:36.574971+00:00] CONTINUOUS_OODA_WORKER_START
[2026-08-07T19:28:58.730427+00:00] TRELLO_STATUS_UPDATED 6a71242e3f23db4fb69d7c9b Wire HubSpot Service Key into CRM automation
[2026-08-07T19:28:58.731575+00:00] CONTINUOUS_OODA_WORKER_COMPLETE
[2026-08-07T19:28:58.955068+00:00] CONTINUOUS_OODA_WORKER_START
[2026-08-07T19:29:04.680109+00:00] TRELLO_STATUS_UPDATED 6a76281c1833984386f186a9 📨 CODING ORDER DOCKER HUB WRITE ACCESS FOR ALERT ROUTER 20260806T051400Z sirgreen.msg
[2026-08-07T19:29:04.681060+00:00] CONTINUOUS_OODA_WORKER_COMPLETE
[2026-08-07T19:29:04.895287+00:00] CONTINUOUS_OODA_WORKER_START
[2026-08-07T19:29:11.034744+00:00] TRELLO_STATUS_UPDATED 6a76281e35758521a2952345 🚨 [P1] Dashboard image blocked — need Docker Hub auth
[2026-08-07T19:29:11.035844+00:00] CONTINUOUS_OODA_WORKER_COMPLETE
[2026-08-07T19:29:11.243889+00:00] CONTINUOUS_OODA_WORKER_START
[2026-08-07T19:29:32.848800+00:00] TRELLO_STATUS_UPDATED 6a758919687b61bbb3db9255 📨 [INBOX] trello api 401 invalid key blocker sirgreen 20260806
[2026-08-07T19:29:32.849719+00:00] CONTINUOUS_OODA_WORKER_COMPLETE
[2026-08-07T19:29:33.108974+00:00] CONTINUOUS_OODA_WORKER_START
[2026-08-07T19:29:54.877305+00:00] TRELLO_STATUS_UPDATED 6a71243471edb3eff4f49bc3 Bug hunt buffer_automation.py
[2026-08-07T19:29:54.878899+00:00] CONTINUOUS_OODA_WORKER_COMPLETE
[2026-08-07T19:29:55.186388+00:00] CONTINUOUS_OODA_WORKER_START
[2026-08-07T19:30:17.234889+00:00] TRELLO_STATUS_UPDATED 6a7589189ca085ca8dce78a8 📨 [INBOX] trello api 401 invalid key blocker sirazure 20260806
[2026-08-07T19:30:17.235784+00:00] CONTINUOUS_OODA_WORKER_COMPLETE
[2026-08-07T19:30:17.441922+00:00] CONTINUOUS_OODA_WORKER_START
[2026-08-07T19:30:39.091745+00:00] TRELLO_STATUS_UPDATED 6a7589217259b91d11ae66f1 📨 [INBOX] sirazure re docker urgent findings sirazure 20260806
[2026-08-07T19:30:39.092676+00:00] CONTINUOUS_OODA_WORKER_COMPLETE
[2026-08-07T19:30:39.365085+00:00] CONTINUOUS_OODA_WORKER_START
[2026-08-07T19:31:01.164432+00:00] TRELLO_STATUS_UPDATED 6a75891fe2e1acad47a8101d 📨 [INBOX] sirgreen docker deep dive urgent sirgreen 20260806
[2026-08-07T19:31:01.165398+00:00] CONTINUOUS_OODA_WORKER_COMPLETE
[2026-08-07T19:31:01.398116+00:00] CONTINUOUS_OODA_WORKER_START
[2026-08-07T19:31:22.915561+00:00] TRELLO_STATUS_UPDATED 6a7124361db42f66b1aadd83 Bug hunt daily_ops_automation.py
[2026-08-07T19:31:22.916626+00:00] CONTINUOUS_OODA_WORKER_COMPLETE
[2026-08-07T19:31:23.162909+00:00] CONTINUOUS_OODA_WORKER_START
[2026-08-07T19:31:45.904887+00:00] TRELLO_STATUS_UPDATED 6a713b0f7fec1de4568f6906 DEPLOY.md created
[2026-08-07T19:31:45.905851+00:00] CONTINUOUS_OODA_WORKER_COMPLETE
[2026-08-07T19:31:46.161064+00:00] CONTINUOUS_OODA_WORKER_START
[2026-08-07T19:32:08.069171+00:00] TRELLO_STATUS_UPDATED 6a73e04f545d92a2f50c5f3f 🔁 [P2] Self-healing automation daemon
[2026-08-07T19:32:08.070097+00:00] CONTINUOUS_OODA_WORKER_COMPLETE
[2026-08-07T19:32:08.295289+00:00] CONTINUOUS_OODA_WORKER_START
[2026-08-07T19:32:29.781468+00:00] TRELLO_STATUS_UPDATED 6a742142c4eea9f50d2c583b [P2] DEPLOYMENT_RUNBOOK.md
[2026-08-07T19:32:29.782317+00:00] CONTINUOUS_OODA_WORKER_COMPLETE
[2026-08-07T19:32:29.987592+00:00] CONTINUOUS_OODA_WORKER_START
[2026-08-07T19:32:51.810283+00:00] TRELLO_STATUS_UPDATED 6a737f7c8714ca5b28fb892e 🧭 Wire Miss Pink persona attributes into vault docs/automation
[2026-08-07T19:32:51.811932+00:00] CONTINUOUS_OODA_WORKER_COMPLETE
[2026-08-07T19:32:52.064149+00:00] CONTINUOUS_OODA_WORKER_START
[2026-08-07T19:33:13.429488+00:00] TRELLO_STATUS_UPDATED 6a70fd5df386c9b9c9509813 Research free automation tools (Zapier/Make/n8n)
[2026-08-07T19:33:13.430391+00:00] CONTINUOUS_OODA_WORKER_COMPLETE
[2026-08-07T19:33:13.650610+00:00] CONTINUOUS_OODA_WORKER_START
[2026-08-07T19:33:17.305906+00:00] TRELLO_STATUS_UPDATED 6a762bc8e8bad212337e81de Miss Gordon: deliver EXACT_PROMPT_FOR_MISS_PINK.md integration
[2026-08-07T19:33:17.307001+00:00] CONTINUOUS_OODA_WORKER_COMPLETE
[2026-08-07T19:33:17.518303+00:00] CONTINUOUS_OODA_WORKER_START
[2026-08-07T19:33:39.358304+00:00] TRELLO_STATUS_UPDATED 6a715c01e0c5b1f394020f9a Choose payment processor alternative
[2026-08-07T19:33:39.359493+00:00] CONTINUOUS_OODA_WORKER_COMPLETE
[2026-08-07T19:33:39.604172+00:00] CONTINUOUS_OODA_WORKER_START
[2026-08-07T19:34:01.507152+00:00] TRELLO_STATUS_UPDATED 6a70da7ce5231e90cb0dd18e Trello Sync Automation
[2026-08-07T19:34:01.508363+00:00] CONTINUOUS_OODA_WORKER_COMPLETE
[2026-08-07T19:34:01.746023+00:00] CONTINUOUS_OODA_WORKER_START
[2026-08-07T19:34:23.154563+00:00] TRELLO_STATUS_UPDATED 6a712433d986e5476af125d7 Bug hunt social_media_automation.py
[2026-08-07T19:34:23.155494+00:00] CONTINUOUS_OODA_WORKER_COMPLETE
[2026-08-07T19:35:22.962443+00:00] CONTINUOUS_OODA_WORKER_START
[2026-08-07T19:35:45.252250+00:00] TRELLO_STATUS_UPDATED 6a714260e16bb14c1e238e8e Updated daily_ops_automation.py
[2026-08-07T19:35:45.253166+00:00] CONTINUOUS_OODA_WORKER_COMPLETE
[2026-08-07T20:10:55.774873+00:00] CONTINUOUS_OODA_WORKER_START
[2026-08-07T20:11:00.242271+00:00] TRELLO_STATUS_UPDATED 6a712fac7a8a9649b153e078 Set revenue milestone: first paid tool upgrade
[2026-08-07T20:11:00.243202+00:00] CONTINUOUS_OODA_WORKER_COMPLETE
[2026-08-07T20:11:29.121358+00:00] CONTINUOUS_OODA_WORKER_START
[2026-08-07T20:11:33.051406+00:00] TRELLO_STATUS_UPDATED 6a737f7e79118dbc2544542a 📡 Add Cosmos Library update watcher without cloning Squidstation vault
[2026-08-07T20:11:33.052351+00:00] CONTINUOUS_OODA_WORKER_COMPLETE
[2026-08-07T20:11:39.566123+00:00] CONTINUOUS_OODA_WORKER_START
[2026-08-07T20:11:43.907959+00:00] TRELLO_STATUS_UPDATED 6a73c1df44ddb17b0142b8c9 🐳 Sir Azure: ComfyUI/Redis/MinIO/Postgres/Nginx on SQUIDSTATION
[2026-08-07T20:11:43.909489+00:00] CONTINUOUS_OODA_WORKER_COMPLETE
[2026-08-07T20:11:44.210211+00:00] CONTINUOUS_OODA_WORKER_START
[2026-08-07T20:11:48.352426+00:00] TRELLO_STATUS_UPDATED 6a71b462b21cd08f9f3f6eb9 Master OODA Execution Tasklist — P0-P3
[2026-08-07T20:11:48.353595+00:00] CONTINUOUS_OODA_WORKER_COMPLETE
[2026-08-07T20:11:48.666288+00:00] CONTINUOUS_OODA_WORKER_START
[2026-08-07T20:11:53.122837+00:00] TRELLO_STATUS_UPDATED 6a752e3da134f0acb0d5e8d8 Miss Pink: build hive-mind mesh automation bridge for SQUIDSTATION/PINKCADY/STEALTHATTACK
[2026-08-07T20:11:53.124380+00:00] CONTINUOUS_OODA_WORKER_COMPLETE
[2026-08-07T20:11:53.476368+00:00] CONTINUOUS_OODA_WORKER_START
[2026-08-07T20:11:57.784960+00:00] TRELLO_STATUS_UPDATED 6a752e3eff4d9d4cca8945a1 Fleet: deploy fleet_comms_watcher on SQUIDSTATION/PINKCADY/STEALTHATTACK
[2026-08-07T20:11:57.785859+00:00] CONTINUOUS_OODA_WORKER_COMPLETE
[2026-08-07T20:11:58.077790+00:00] CONTINUOUS_OODA_WORKER_START
[2026-08-07T20:12:02.120160+00:00] TRELLO_STATUS_UPDATED 6a758914570bb5e64769122a 📨 [INBOX] STATUS UPDATE DASHBOARD 8080 FIXED PLUGIN AUDIT PENDING AND DISCORD TOKEN BLOCKER 20260806T024500Z sirgreen.msg
[2026-08-07T20:12:02.121372+00:00] CONTINUOUS_OODA_WORKER_COMPLETE
[2026-08-07T20:25:55.599559+00:00] CONTINUOUS_OODA_WORKER_START
[2026-08-07T20:26:00.250783+00:00] TRELLO_STATUS_UPDATED 6a712fac7a8a9649b153e078 Set revenue milestone: first paid tool upgrade
[2026-08-07T20:26:00.251778+00:00] CONTINUOUS_OODA_WORKER_COMPLETE
[2026-08-07T20:37:41.477517+00:00] CONTINUOUS_OODA_WORKER_START
[2026-08-07T20:37:42.943201+00:00] TRELLO_STATUS_UPDATED 6a7499631c1a36043e1059e2 [P1] Sir Green: add /api/security-docs route to dashboard_server.py
[2026-08-07T20:37:42.944015+00:00] CONTINUOUS_OODA_WORKER_COMPLETE
[2026-08-07T21:09:47.902469+00:00] CONTINUOUS_OODA_WORKER_START
[2026-08-07T21:09:49.333851+00:00] TRELLO_STATUS_UPDATED 6a7499631c1a36043e1059e2 [P1] Sir Green: add /api/security-docs route to dashboard_server.py
[2026-08-07T21:09:49.334854+00:00] CONTINUOUS_OODA_WORKER_COMPLETE
[2026-08-07T21:48:01.704903+00:00] CONTINUOUS_OODA_WORKER_START
[2026-08-07T21:48:03.210009+00:00] TRELLO_STATUS_UPDATED 6a7499631c1a36043e1059e2 [P1] Sir Green: add /api/security-docs route to dashboard_server.py
[2026-08-07T21:48:03.210879+00:00] CONTINUOUS_OODA_WORKER_COMPLETE
[2026-08-07T21:55:25.361105+00:00] CONTINUOUS_OODA_WORKER_START
[2026-08-07T21:55:29.279573+00:00] TRELLO_STATUS_UPDATED 6a737f7e79118dbc2544542a 📡 Add Cosmos Library update watcher without cloning Squidstation vault
[2026-08-07T21:55:29.280520+00:00] CONTINUOUS_OODA_WORKER_COMPLETE
[2026-08-07T21:57:42.849371+00:00] CONTINUOUS_OODA_WORKER_START
[2026-08-07T21:57:46.998484+00:00] TRELLO_STATUS_UPDATED 6a73c1df44ddb17b0142b8c9 🐳 Sir Azure: ComfyUI/Redis/MinIO/Postgres/Nginx on SQUIDSTATION
[2026-08-07T21:57:46.999514+00:00] CONTINUOUS_OODA_WORKER_COMPLETE
[2026-08-07T23:20:29.029575+00:00] CONTINUOUS_OODA_WORKER_START
[2026-08-07T23:20:30.534119+00:00] TRELLO_STATUS_UPDATED 6a7499631c1a36043e1059e2 [P1] Sir Green: add /api/security-docs route to dashboard_server.py
[2026-08-07T23:20:30.536105+00:00] CONTINUOUS_OODA_WORKER_COMPLETE
[2026-08-07T23:21:55.170240+00:00] CONTINUOUS_OODA_WORKER_START
[2026-08-07T23:21:59.005667+00:00] TRELLO_STATUS_UPDATED 6a712fac7a8a9649b153e078 Set revenue milestone: first paid tool upgrade
[2026-08-07T23:21:59.006739+00:00] CONTINUOUS_OODA_WORKER_COMPLETE
[2026-08-07T23:25:06.667364+00:00] CONTINUOUS_OODA_WORKER_START
[2026-08-07T23:25:10.485171+00:00] TRELLO_STATUS_UPDATED 6a73c1df44ddb17b0142b8c9 🐳 Sir Azure: ComfyUI/Redis/MinIO/Postgres/Nginx on SQUIDSTATION
[2026-08-07T23:25:10.486183+00:00] CONTINUOUS_OODA_WORKER_COMPLETE
[2026-08-07T23:34:00.971885+00:00] CONTINUOUS_OODA_WORKER_START
[2026-08-07T23:34:02.456082+00:00] TRELLO_STATUS_UPDATED 6a7499631c1a36043e1059e2 [P1] Sir Green: add /api/security-docs route to dashboard_server.py
[2026-08-07T23:34:02.458270+00:00] CONTINUOUS_OODA_WORKER_COMPLETE
[2026-08-07T23:41:18.280957+00:00] CONTINUOUS_OODA_WORKER_START
[2026-08-07T23:41:22.299588+00:00] TRELLO_STATUS_UPDATED 6a712fac7a8a9649b153e078 Set revenue milestone: first paid tool upgrade
[2026-08-07T23:41:22.300441+00:00] CONTINUOUS_OODA_WORKER_COMPLETE
[2026-08-07T23:43:01.296033+00:00] CONTINUOUS_OODA_WORKER_START
[2026-08-07T23:43:05.247551+00:00] TRELLO_STATUS_UPDATED 6a73c1df44ddb17b0142b8c9 🐳 Sir Azure: ComfyUI/Redis/MinIO/Postgres/Nginx on SQUIDSTATION
[2026-08-07T23:43:05.248686+00:00] CONTINUOUS_OODA_WORKER_COMPLETE
[2026-08-07T23:49:14.917411+00:00] CONTINUOUS_OODA_WORKER_START
[2026-08-07T23:49:16.489509+00:00] TRELLO_STATUS_UPDATED 6a7499631c1a36043e1059e2 [P1] Sir Green: add /api/security-docs route to dashboard_server.py
[2026-08-07T23:49:16.490645+00:00] CONTINUOUS_OODA_WORKER_COMPLETE
[2026-08-08T00:01:51.850289+00:00] CONTINUOUS_OODA_WORKER_START
[2026-08-08T00:01:56.148062+00:00] TRELLO_STATUS_UPDATED 6a712fac7a8a9649b153e078 Set revenue milestone: first paid tool upgrade
[2026-08-08T00:01:56.148939+00:00] CONTINUOUS_OODA_WORKER_COMPLETE
[2026-08-08T00:03:03.286077+00:00] CONTINUOUS_OODA_WORKER_START
[2026-08-08T00:03:08.232567+00:00] TRELLO_STATUS_UPDATED 6a758916afae5cf53ccccf33 📨 [INBOX] miss gordon docker blockers sirgreen 20260806
[2026-08-08T00:03:08.234011+00:00] CONTINUOUS_OODA_WORKER_COMPLETE
[2026-08-08T00:37:51.104054+00:00] CONTINUOUS_OODA_WORKER_START
[2026-08-08T00:37:52.554692+00:00] TRELLO_STATUS_UPDATED 6a7499631c1a36043e1059e2 [P1] Sir Green: add /api/security-docs route to dashboard_server.py
[2026-08-08T00:37:52.555866+00:00] CONTINUOUS_OODA_WORKER_COMPLETE
[2026-08-08T00:40:14.389419+00:00] CONTINUOUS_OODA_WORKER_START
[2026-08-08T00:40:18.312750+00:00] TRELLO_STATUS_UPDATED 6a73c1df44ddb17b0142b8c9 🐳 Sir Azure: ComfyUI/Redis/MinIO/Postgres/Nginx on SQUIDSTATION
[2026-08-08T00:40:18.313648+00:00] CONTINUOUS_OODA_WORKER_COMPLETE
[2026-08-08T00:56:28.334337+00:00] CONTINUOUS_OODA_WORKER_START
[2026-08-08T00:56:29.769239+00:00] TRELLO_STATUS_UPDATED 6a7499631c1a36043e1059e2 [P1] Sir Green: add /api/security-docs route to dashboard_server.py
[2026-08-08T00:56:29.770131+00:00] CONTINUOUS_OODA_WORKER_COMPLETE
[2026-08-08T00:59:07.608084+00:00] CONTINUOUS_OODA_WORKER_START
[2026-08-08T00:59:11.747601+00:00] TRELLO_STATUS_UPDATED 6a737f7e79118dbc2544542a 📡 Add Cosmos Library update watcher without cloning Squidstation vault
[2026-08-08T00:59:11.748643+00:00] CONTINUOUS_OODA_WORKER_COMPLETE
[2026-08-08T01:09:29.727729+00:00] CONTINUOUS_OODA_WORKER_START
[2026-08-08T01:09:31.266861+00:00] TRELLO_STATUS_UPDATED 6a7499631c1a36043e1059e2 [P1] Sir Green: add /api/security-docs route to dashboard_server.py
[2026-08-08T01:09:31.267735+00:00] CONTINUOUS_OODA_WORKER_COMPLETE
[2026-08-08T01:35:01.324964+00:00] CONTINUOUS_OODA_WORKER_START
[2026-08-08T01:35:02.768915+00:00] TRELLO_ERROR: 404 Client Error: Not Found for url: https://api.trello.com/1/cards/6a7589217259b91d11ae66f1?key=TRELLO_KEY_REMOVED_SEE_CREDENTIAL_FILE&token=TRELLO_TOKEN_REMOVED_SEE_CREDENTIAL_FILE&idList=6a74cbd3aa052ed2b30c5644
[2026-08-08T01:35:03.660946+00:00] GITHUB_LIST_ERROR: the JSON object must be str, bytes or bytearray, not NoneType
[2026-08-08T01:35:03.661878+00:00] CONTINUOUS_OODA_WORKER_COMPLETE
[2026-08-08T01:40:01.159947+00:00] CONTINUOUS_OODA_WORKER_START
[2026-08-08T01:40:02.449905+00:00] TRELLO_ERROR: 404 Client Error: Not Found for url: https://api.trello.com/1/cards/6a713b0f7fec1de4568f6906?key=TRELLO_KEY_REMOVED_SEE_CREDENTIAL_FILE&token=TRELLO_TOKEN_REMOVED_SEE_CREDENTIAL_FILE&idList=6a74cbd3aa052ed2b30c5644
[2026-08-08T01:40:03.190429+00:00] GITHUB_LIST_ERROR: the JSON object must be str, bytes or bytearray, not NoneType
[2026-08-08T01:40:03.191073+00:00] CONTINUOUS_OODA_WORKER_COMPLETE
[2026-08-08T01:45:01.101240+00:00] CONTINUOUS_OODA_WORKER_START
[2026-08-08T01:45:03.829325+00:00] TRELLO_ERROR: 404 Client Error: Not Found for url: https://api.trello.com/1/cards/6a73e04f545d92a2f50c5f3f?key=TRELLO_KEY_REMOVED_SEE_CREDENTIAL_FILE&token=TRELLO_TOKEN_REMOVED_SEE_CREDENTIAL_FILE&idList=6a74cbd3aa052ed2b30c5644
[2026-08-08T01:45:04.436304+00:00] GITHUB_LIST_ERROR: the JSON object must be str, bytes or bytearray, not NoneType
[2026-08-08T01:45:04.437498+00:00] CONTINUOUS_OODA_WORKER_COMPLETE
[2026-08-08T01:50:01.202937+00:00] CONTINUOUS_OODA_WORKER_START
[2026-08-08T01:50:03.010824+00:00] TRELLO_ERROR: 404 Client Error: Not Found for url: https://api.trello.com/1/cards/6a742142c4eea9f50d2c583b?key=TRELLO_KEY_REMOVED_SEE_CREDENTIAL_FILE&token=TRELLO_TOKEN_REMOVED_SEE_CREDENTIAL_FILE&idList=6a74cbd3aa052ed2b30c5644
[2026-08-08T01:50:03.685409+00:00] GITHUB_LIST_ERROR: the JSON object must be str, bytes or bytearray, not NoneType
[2026-08-08T01:50:03.687142+00:00] CONTINUOUS_OODA_WORKER_COMPLETE
[2026-08-08T01:55:01.181123+00:00] CONTINUOUS_OODA_WORKER_START
[2026-08-08T01:55:03.138689+00:00] TRELLO_ERROR: 404 Client Error: Not Found for url: https://api.trello.com/1/cards/6a742142c4eea9f50d2c583b?key=TRELLO_KEY_REMOVED_SEE_CREDENTIAL_FILE&token=TRELLO_TOKEN_REMOVED_SEE_CREDENTIAL_FILE&idList=6a74cbd3aa052ed2b30c5644
[2026-08-08T01:55:03.764353+00:00] GITHUB_LIST_ERROR: the JSON object must be str, bytes or bytearray, not NoneType
[2026-08-08T01:55:03.764855+00:00] CONTINUOUS_OODA_WORKER_COMPLETE
[2026-08-08T02:00:01.275555+00:00] CONTINUOUS_OODA_WORKER_START
[2026-08-08T02:00:02.466731+00:00] TRELLO_ERROR: 404 Client Error: Not Found for url: https://api.trello.com/1/cards/6a737f7e79118dbc2544542a?key=TRELLO_KEY_REMOVED_SEE_CREDENTIAL_FILE&token=TRELLO_TOKEN_REMOVED_SEE_CREDENTIAL_FILE&idList=6a74cbd3aa052ed2b30c5644
[2026-08-08T02:00:03.498489+00:00] GITHUB_LIST_ERROR: the JSON object must be str, bytes or bytearray, not NoneType
[2026-08-08T02:00:03.499074+00:00] CONTINUOUS_OODA_WORKER_COMPLETE
[2026-08-08T02:05:01.415335+00:00] CONTINUOUS_OODA_WORKER_START
[2026-08-08T02:05:03.454538+00:00] TRELLO_ERROR: 404 Client Error: Not Found for url: https://api.trello.com/1/cards/6a7589103196cfb8339ed071?key=TRELLO_KEY_REMOVED_SEE_CREDENTIAL_FILE&token=TRELLO_TOKEN_REMOVED_SEE_CREDENTIAL_FILE&idList=6a74cbd3aa052ed2b30c5644
[2026-08-08T02:05:04.238921+00:00] GITHUB_LIST_ERROR: the JSON object must be str, bytes or bytearray, not NoneType
[2026-08-08T02:05:04.239641+00:00] CONTINUOUS_OODA_WORKER_COMPLETE
[2026-08-08T02:10:01.181074+00:00] CONTINUOUS_OODA_WORKER_START
[2026-08-08T02:10:02.377015+00:00] TRELLO_ERROR: 404 Client Error: Not Found for url: https://api.trello.com/1/cards/6a75890c6c69623853472e9e?key=TRELLO_KEY_REMOVED_SEE_CREDENTIAL_FILE&token=TRELLO_TOKEN_REMOVED_SEE_CREDENTIAL_FILE&idList=6a74cbd3aa052ed2b30c5644
[2026-08-08T02:10:02.966723+00:00] GITHUB_LIST_ERROR: the JSON object must be str, bytes or bytearray, not NoneType
[2026-08-08T02:10:02.967348+00:00] CONTINUOUS_OODA_WORKER_COMPLETE
[2026-08-08T02:15:01.118778+00:00] CONTINUOUS_OODA_WORKER_START
[2026-08-08T02:15:02.419015+00:00] TRELLO_ERROR: 404 Client Error: Not Found for url: https://api.trello.com/1/cards/6a75890e8dc27defd0a1ca9c?key=TRELLO_KEY_REMOVED_SEE_CREDENTIAL_FILE&token=TRELLO_TOKEN_REMOVED_SEE_CREDENTIAL_FILE&idList=6a74cbd3aa052ed2b30c5644
[2026-08-08T02:15:03.290822+00:00] GITHUB_LIST_ERROR: the JSON object must be str, bytes or bytearray, not NoneType
[2026-08-08T02:15:03.291448+00:00] CONTINUOUS_OODA_WORKER_COMPLETE
[2026-08-08T22:10:01.834912+00:00] CONTINUOUS_OODA_WORKER_START
[2026-08-08T22:10:03.592916+00:00] TRELLO_STATUS_UPDATED 6a75899f1baa64f29b78850a Sir Azure: discover SQUIDSTATION and PINKCADY network shares from STEALTHATTACK
[2026-08-08T22:10:03.594060+00:00] CONTINUOUS_OODA_WORKER_COMPLETE
[2026-08-08T22:15:00.871957+00:00] CONTINUOUS_OODA_WORKER_START
[2026-08-08T22:15:02.040968+00:00] TRELLO_ERROR: 404 Client Error: Not Found for url: https://api.trello.com/1/cards/6a71b462b21cd08f9f3f6eb9?key=TRELLO_KEY_REMOVED_SEE_CREDENTIAL_FILE&token=TRELLO_TOKEN_REMOVED_SEE_CREDENTIAL_FILE&idList=6a74cbd3aa052ed2b30c5644
[2026-08-08T22:15:02.742702+00:00] GITHUB_LIST_ERROR: the JSON object must be str, bytes or bytearray, not NoneType
[2026-08-08T22:15:02.743685+00:00] CONTINUOUS_OODA_WORKER_COMPLETE
[2026-08-08T22:20:00.871394+00:00] CONTINUOUS_OODA_WORKER_START
[2026-08-08T22:20:05.559470+00:00] TRELLO_STATUS_UPDATED 6a7589a1d32d06722bbae2a5 Sir Azure: read-only access only — do not edit SQUIDSTATION/PINKCADY shares
[2026-08-08T22:20:05.561720+00:00] CONTINUOUS_OODA_WORKER_COMPLETE
[2026-08-08T22:25:00.855591+00:00] CONTINUOUS_OODA_WORKER_START
[2026-08-08T22:25:04.363263+00:00] TRELLO_STATUS_UPDATED 6a75899f1baa64f29b78850a Sir Azure: discover SQUIDSTATION and PINKCADY network shares from STEALTHATTACK
[2026-08-08T22:25:04.365561+00:00] CONTINUOUS_OODA_WORKER_COMPLETE
[2026-08-08T22:30:00.901518+00:00] CONTINUOUS_OODA_WORKER_START
[2026-08-08T22:30:06.996859+00:00] TRELLO_STATUS_UPDATED 6a758914570bb5e64769122a 📨 [INBOX] STATUS UPDATE DASHBOARD 8080 FIXED PLUGIN AUDIT PENDING AND DISCORD TOKEN BLOCKER 20260806T024500Z sirgreen.msg
[2026-08-08T22:30:07.001341+00:00] CONTINUOUS_OODA_WORKER_COMPLETE
[2026-08-08T22:35:00.871506+00:00] CONTINUOUS_OODA_WORKER_START
[2026-08-08T22:35:06.099434+00:00] TRELLO_STATUS_UPDATED 6a7589a1d32d06722bbae2a5 Sir Azure: read-only access only — do not edit SQUIDSTATION/PINKCADY shares
[2026-08-08T22:35:06.102688+00:00] CONTINUOUS_OODA_WORKER_COMPLETE
[2026-08-08T22:40:00.904385+00:00] CONTINUOUS_OODA_WORKER_START
[2026-08-08T22:40:03.893852+00:00] TRELLO_STATUS_UPDATED 6a75899f1baa64f29b78850a Sir Azure: discover SQUIDSTATION and PINKCADY network shares from STEALTHATTACK
[2026-08-08T22:40:03.896538+00:00] CONTINUOUS_OODA_WORKER_COMPLETE
[2026-08-08T22:45:00.904484+00:00] CONTINUOUS_OODA_WORKER_START
[2026-08-08T22:45:06.885353+00:00] TRELLO_STATUS_UPDATED 6a758914570bb5e64769122a 📨 [INBOX] STATUS UPDATE DASHBOARD 8080 FIXED PLUGIN AUDIT PENDING AND DISCORD TOKEN BLOCKER 20260806T024500Z sirgreen.msg
[2026-08-08T22:45:06.888061+00:00] CONTINUOUS_OODA_WORKER_COMPLETE
[2026-08-08T22:50:00.919634+00:00] CONTINUOUS_OODA_WORKER_START
[2026-08-08T22:50:07.256973+00:00] TRELLO_STATUS_UPDATED 6a7589a1d32d06722bbae2a5 Sir Azure: read-only access only — do not edit SQUIDSTATION/PINKCADY shares
[2026-08-08T22:50:07.259720+00:00] CONTINUOUS_OODA_WORKER_COMPLETE
[2026-08-08T22:55:00.875015+00:00] CONTINUOUS_OODA_WORKER_START
[2026-08-08T22:55:03.601183+00:00] TRELLO_STATUS_UPDATED 6a75899f1baa64f29b78850a Sir Azure: discover SQUIDSTATION and PINKCADY network shares from STEALTHATTACK
[2026-08-08T22:55:03.604636+00:00] CONTINUOUS_OODA_WORKER_COMPLETE
[2026-08-08T23:00:00.906252+00:00] CONTINUOUS_OODA_WORKER_START
[2026-08-08T23:00:07.040145+00:00] TRELLO_STATUS_UPDATED 6a758914570bb5e64769122a 📨 [INBOX] STATUS UPDATE DASHBOARD 8080 FIXED PLUGIN AUDIT PENDING AND DISCORD TOKEN BLOCKER 20260806T024500Z sirgreen.msg
[2026-08-08T23:00:07.043952+00:00] CONTINUOUS_OODA_WORKER_COMPLETE
[2026-08-08T23:05:02.595345+00:00] CONTINUOUS_OODA_WORKER_START
[2026-08-08T23:05:05.431537+00:00] TRELLO_STATUS_UPDATED 6a75899f1baa64f29b78850a Sir Azure: discover SQUIDSTATION and PINKCADY network shares from STEALTHATTACK
[2026-08-08T23:05:05.435194+00:00] CONTINUOUS_OODA_WORKER_COMPLETE
[2026-08-08T23:10:00.981627+00:00] CONTINUOUS_OODA_WORKER_START
[2026-08-08T23:10:06.385893+00:00] TRELLO_STATUS_UPDATED 6a7589a1d32d06722bbae2a5 Sir Azure: read-only access only — do not edit SQUIDSTATION/PINKCADY shares
[2026-08-08T23:10:06.388432+00:00] CONTINUOUS_OODA_WORKER_COMPLETE
[2026-08-08T23:15:00.945774+00:00] CONTINUOUS_OODA_WORKER_START
[2026-08-08T23:15:05.852393+00:00] TRELLO_STATUS_UPDATED 6a758914570bb5e64769122a 📨 [INBOX] STATUS UPDATE DASHBOARD 8080 FIXED PLUGIN AUDIT PENDING AND DISCORD TOKEN BLOCKER 20260806T024500Z sirgreen.msg
[2026-08-08T23:15:05.855092+00:00] CONTINUOUS_OODA_WORKER_COMPLETE
[2026-08-08T23:20:00.988098+00:00] CONTINUOUS_OODA_WORKER_START
[2026-08-08T23:20:04.204630+00:00] TRELLO_STATUS_UPDATED 6a75899f1baa64f29b78850a Sir Azure: discover SQUIDSTATION and PINKCADY network shares from STEALTHATTACK
[2026-08-08T23:20:04.207444+00:00] CONTINUOUS_OODA_WORKER_COMPLETE
[2026-08-08T23:25:00.980076+00:00] CONTINUOUS_OODA_WORKER_START
[2026-08-08T23:25:06.283381+00:00] TRELLO_STATUS_UPDATED 6a7589a1d32d06722bbae2a5 Sir Azure: read-only access only — do not edit SQUIDSTATION/PINKCADY shares
[2026-08-08T23:25:06.286171+00:00] CONTINUOUS_OODA_WORKER_COMPLETE
[2026-08-08T23:30:01.009851+00:00] CONTINUOUS_OODA_WORKER_START
[2026-08-08T23:30:06.869500+00:00] TRELLO_STATUS_UPDATED 6a758914570bb5e64769122a 📨 [INBOX] STATUS UPDATE DASHBOARD 8080 FIXED PLUGIN AUDIT PENDING AND DISCORD TOKEN BLOCKER 20260806T024500Z sirgreen.msg
[2026-08-08T23:30:06.873117+00:00] CONTINUOUS_OODA_WORKER_COMPLETE
[2026-08-08T23:35:00.960377+00:00] CONTINUOUS_OODA_WORKER_START
[2026-08-08T23:35:03.368360+00:00] TRELLO_STATUS_UPDATED 6a75899f1baa64f29b78850a Sir Azure: discover SQUIDSTATION and PINKCADY network shares from STEALTHATTACK
[2026-08-08T23:35:03.371939+00:00] CONTINUOUS_OODA_WORKER_COMPLETE
[2026-08-08T23:40:01.177231+00:00] CONTINUOUS_OODA_WORKER_START
[2026-08-08T23:40:06.963775+00:00] TRELLO_STATUS_UPDATED 6a7589a1d32d06722bbae2a5 Sir Azure: read-only access only — do not edit SQUIDSTATION/PINKCADY shares
[2026-08-08T23:40:06.967495+00:00] CONTINUOUS_OODA_WORKER_COMPLETE
[2026-08-08T23:45:04.626124+00:00] CONTINUOUS_OODA_WORKER_START
[2026-08-08T23:45:11.407573+00:00] TRELLO_STATUS_UPDATED 6a75899f1baa64f29b78850a Sir Azure: discover SQUIDSTATION and PINKCADY network shares from STEALTHATTACK
[2026-08-08T23:45:11.412033+00:00] CONTINUOUS_OODA_WORKER_COMPLETE
[2026-08-08T23:50:01.059423+00:00] CONTINUOUS_OODA_WORKER_START
[2026-08-08T23:50:08.103483+00:00] TRELLO_STATUS_UPDATED 6a758914570bb5e64769122a 📨 [INBOX] STATUS UPDATE DASHBOARD 8080 FIXED PLUGIN AUDIT PENDING AND DISCORD TOKEN BLOCKER 20260806T024500Z sirgreen.msg
[2026-08-08T23:50:08.106980+00:00] CONTINUOUS_OODA_WORKER_COMPLETE
[2026-08-08T23:55:01.015312+00:00] CONTINUOUS_OODA_WORKER_START
[2026-08-08T23:55:06.012323+00:00] TRELLO_STATUS_UPDATED 6a7589a1d32d06722bbae2a5 Sir Azure: read-only access only — do not edit SQUIDSTATION/PINKCADY shares
[2026-08-08T23:55:06.015039+00:00] CONTINUOUS_OODA_WORKER_COMPLETE
[2026-08-09T00:00:01.092828+00:00] CONTINUOUS_OODA_WORKER_START
[2026-08-09T00:00:06.456073+00:00] TRELLO_STATUS_UPDATED 6a75899f1baa64f29b78850a Sir Azure: discover SQUIDSTATION and PINKCADY network shares from STEALTHATTACK
[2026-08-09T00:00:06.459037+00:00] CONTINUOUS_OODA_WORKER_COMPLETE
[2026-08-09T00:05:01.034783+00:00] CONTINUOUS_OODA_WORKER_START
[2026-08-09T00:05:08.146057+00:00] TRELLO_STATUS_UPDATED 6a758914570bb5e64769122a 📨 [INBOX] STATUS UPDATE DASHBOARD 8080 FIXED PLUGIN AUDIT PENDING AND DISCORD TOKEN BLOCKER 20260806T024500Z sirgreen.msg
[2026-08-09T00:05:08.148890+00:00] CONTINUOUS_OODA_WORKER_COMPLETE
[2026-08-09T00:10:01.014697+00:00] CONTINUOUS_OODA_WORKER_START
[2026-08-09T00:10:06.722925+00:00] TRELLO_STATUS_UPDATED 6a7589a1d32d06722bbae2a5 Sir Azure: read-only access only — do not edit SQUIDSTATION/PINKCADY shares
[2026-08-09T00:10:06.725873+00:00] CONTINUOUS_OODA_WORKER_COMPLETE
[2026-08-09T00:15:01.002001+00:00] CONTINUOUS_OODA_WORKER_START
[2026-08-09T00:15:04.308672+00:00] TRELLO_STATUS_UPDATED 6a75899f1baa64f29b78850a Sir Azure: discover SQUIDSTATION and PINKCADY network shares from STEALTHATTACK
[2026-08-09T00:15:04.313026+00:00] CONTINUOUS_OODA_WORKER_COMPLETE
[2026-08-09T00:20:01.060483+00:00] CONTINUOUS_OODA_WORKER_START
[2026-08-09T00:20:06.659265+00:00] TRELLO_STATUS_UPDATED 6a758914570bb5e64769122a 📨 [INBOX] STATUS UPDATE DASHBOARD 8080 FIXED PLUGIN AUDIT PENDING AND DISCORD TOKEN BLOCKER 20260806T024500Z sirgreen.msg
[2026-08-09T00:20:06.662638+00:00] CONTINUOUS_OODA_WORKER_COMPLETE
[2026-08-09T00:25:01.130173+00:00] CONTINUOUS_OODA_WORKER_START
[2026-08-09T00:25:06.279711+00:00] TRELLO_STATUS_UPDATED 6a7589a1d32d06722bbae2a5 Sir Azure: read-only access only — do not edit SQUIDSTATION/PINKCADY shares
[2026-08-09T00:25:06.283492+00:00] CONTINUOUS_OODA_WORKER_COMPLETE
[2026-08-09T00:30:01.449352+00:00] CONTINUOUS_OODA_WORKER_START
[2026-08-09T00:30:06.159134+00:00] TRELLO_STATUS_UPDATED 6a75899f1baa64f29b78850a Sir Azure: discover SQUIDSTATION and PINKCADY network shares from STEALTHATTACK
[2026-08-09T00:30:06.161946+00:00] CONTINUOUS_OODA_WORKER_COMPLETE
[2026-08-09T00:35:01.188042+00:00] CONTINUOUS_OODA_WORKER_START
[2026-08-09T00:35:08.087906+00:00] TRELLO_STATUS_UPDATED 6a758914570bb5e64769122a 📨 [INBOX] STATUS UPDATE DASHBOARD 8080 FIXED PLUGIN AUDIT PENDING AND DISCORD TOKEN BLOCKER 20260806T024500Z sirgreen.msg
[2026-08-09T00:35:08.091435+00:00] CONTINUOUS_OODA_WORKER_COMPLETE
[2026-08-09T00:40:01.092081+00:00] CONTINUOUS_OODA_WORKER_START
[2026-08-09T00:40:07.945335+00:00] TRELLO_STATUS_UPDATED 6a7589a1d32d06722bbae2a5 Sir Azure: read-only access only — do not edit SQUIDSTATION/PINKCADY shares
[2026-08-09T00:40:07.948328+00:00] CONTINUOUS_OODA_WORKER_COMPLETE
[2026-08-09T00:45:01.068954+00:00] CONTINUOUS_OODA_WORKER_START
[2026-08-09T00:45:08.548447+00:00] TRELLO_STATUS_UPDATED 6a75899f1baa64f29b78850a Sir Azure: discover SQUIDSTATION and PINKCADY network shares from STEALTHATTACK
[2026-08-09T00:45:08.551437+00:00] CONTINUOUS_OODA_WORKER_COMPLETE
[2026-08-09T00:50:01.983245+00:00] CONTINUOUS_OODA_WORKER_START
[2026-08-09T00:50:12.604433+00:00] TRELLO_STATUS_UPDATED 6a758914570bb5e64769122a 📨 [INBOX] STATUS UPDATE DASHBOARD 8080 FIXED PLUGIN AUDIT PENDING AND DISCORD TOKEN BLOCKER 20260806T024500Z sirgreen.msg
[2026-08-09T00:50:12.607580+00:00] CONTINUOUS_OODA_WORKER_COMPLETE
[2026-08-09T00:55:01.115624+00:00] CONTINUOUS_OODA_WORKER_START
[2026-08-09T00:55:06.926467+00:00] TRELLO_STATUS_UPDATED 6a7589a1d32d06722bbae2a5 Sir Azure: read-only access only — do not edit SQUIDSTATION/PINKCADY shares
[2026-08-09T00:55:06.929308+00:00] CONTINUOUS_OODA_WORKER_COMPLETE
[2026-08-09T01:00:01.293352+00:00] CONTINUOUS_OODA_WORKER_START
[2026-08-09T01:00:05.510374+00:00] TRELLO_STATUS_UPDATED 6a75899f1baa64f29b78850a Sir Azure: discover SQUIDSTATION and PINKCADY network shares from STEALTHATTACK
[2026-08-09T01:00:05.514916+00:00] CONTINUOUS_OODA_WORKER_COMPLETE
[2026-08-09T01:05:01.195452+00:00] CONTINUOUS_OODA_WORKER_START
[2026-08-09T01:05:06.732021+00:00] TRELLO_STATUS_UPDATED 6a758914570bb5e64769122a 📨 [INBOX] STATUS UPDATE DASHBOARD 8080 FIXED PLUGIN AUDIT PENDING AND DISCORD TOKEN BLOCKER 20260806T024500Z sirgreen.msg
[2026-08-09T01:05:06.735740+00:00] CONTINUOUS_OODA_WORKER_COMPLETE
[2026-08-09T01:10:01.128727+00:00] CONTINUOUS_OODA_WORKER_START
[2026-08-09T01:10:06.959613+00:00] TRELLO_STATUS_UPDATED 6a7589a1d32d06722bbae2a5 Sir Azure: read-only access only — do not edit SQUIDSTATION/PINKCADY shares
[2026-08-09T01:10:06.964298+00:00] CONTINUOUS_OODA_WORKER_COMPLETE
[2026-08-09T01:15:01.246028+00:00] CONTINUOUS_OODA_WORKER_START
[2026-08-09T01:15:08.761528+00:00] TRELLO_STATUS_UPDATED 6a75899f1baa64f29b78850a Sir Azure: discover SQUIDSTATION and PINKCADY network shares from STEALTHATTACK
[2026-08-09T01:15:08.765952+00:00] CONTINUOUS_OODA_WORKER_COMPLETE
[2026-08-09T01:20:01.235982+00:00] CONTINUOUS_OODA_WORKER_START
[2026-08-09T01:20:12.881297+00:00] TRELLO_STATUS_UPDATED 6a758914570bb5e64769122a 📨 [INBOX] STATUS UPDATE DASHBOARD 8080 FIXED PLUGIN AUDIT PENDING AND DISCORD TOKEN BLOCKER 20260806T024500Z sirgreen.msg
[2026-08-09T01:20:12.884282+00:00] CONTINUOUS_OODA_WORKER_COMPLETE
[2026-08-09T01:25:01.530305+00:00] CONTINUOUS_OODA_WORKER_START
[2026-08-09T01:25:23.987203+00:00] TRELLO_STATUS_UPDATED 6a7589a1d32d06722bbae2a5 Sir Azure: read-only access only — do not edit SQUIDSTATION/PINKCADY shares
[2026-08-09T01:25:24.000228+00:00] CONTINUOUS_OODA_WORKER_COMPLETE
[2026-08-09T01:30:02.662500+00:00] CONTINUOUS_OODA_WORKER_START
[2026-08-09T01:30:10.610300+00:00] TRELLO_STATUS_UPDATED 6a75899f1baa64f29b78850a Sir Azure: discover SQUIDSTATION and PINKCADY network shares from STEALTHATTACK
[2026-08-09T01:30:10.613909+00:00] CONTINUOUS_OODA_WORKER_COMPLETE
[2026-08-09T01:35:01.200587+00:00] CONTINUOUS_OODA_WORKER_START
[2026-08-09T01:35:22.878304+00:00] TRELLO_STATUS_UPDATED 6a758914570bb5e64769122a 📨 [INBOX] STATUS UPDATE DASHBOARD 8080 FIXED PLUGIN AUDIT PENDING AND DISCORD TOKEN BLOCKER 20260806T024500Z sirgreen.msg
[2026-08-09T01:35:22.881835+00:00] CONTINUOUS_OODA_WORKER_COMPLETE
[2026-08-09T01:40:02.330400+00:00] CONTINUOUS_OODA_WORKER_START
[2026-08-09T01:40:11.860728+00:00] TRELLO_STATUS_UPDATED 6a7589a1d32d06722bbae2a5 Sir Azure: read-only access only — do not edit SQUIDSTATION/PINKCADY shares
[2026-08-09T01:40:11.865255+00:00] CONTINUOUS_OODA_WORKER_COMPLETE
[2026-08-09T01:45:01.164643+00:00] CONTINUOUS_OODA_WORKER_START
[2026-08-09T01:45:04.077314+00:00] TRELLO_STATUS_UPDATED 6a75899f1baa64f29b78850a Sir Azure: discover SQUIDSTATION and PINKCADY network shares from STEALTHATTACK
[2026-08-09T01:45:04.081086+00:00] CONTINUOUS_OODA_WORKER_COMPLETE
[2026-08-09T01:50:01.244966+00:00] CONTINUOUS_OODA_WORKER_START
[2026-08-09T01:50:24.359310+00:00] TRELLO_STATUS_UPDATED 6a758914570bb5e64769122a 📨 [INBOX] STATUS UPDATE DASHBOARD 8080 FIXED PLUGIN AUDIT PENDING AND DISCORD TOKEN BLOCKER 20260806T024500Z sirgreen.msg
[2026-08-09T01:50:24.363278+00:00] CONTINUOUS_OODA_WORKER_COMPLETE
[2026-08-09T01:55:01.345512+00:00] CONTINUOUS_OODA_WORKER_START
[2026-08-09T01:55:08.007237+00:00] TRELLO_STATUS_UPDATED 6a75899f1baa64f29b78850a Sir Azure: discover SQUIDSTATION and PINKCADY network shares from STEALTHATTACK
[2026-08-09T01:55:08.010924+00:00] CONTINUOUS_OODA_WORKER_COMPLETE
[2026-08-09T02:00:01.280271+00:00] CONTINUOUS_OODA_WORKER_START
[2026-08-09T02:00:07.590070+00:00] TRELLO_STATUS_UPDATED 6a7589a1d32d06722bbae2a5 Sir Azure: read-only access only — do not edit SQUIDSTATION/PINKCADY shares
[2026-08-09T02:00:07.593609+00:00] CONTINUOUS_OODA_WORKER_COMPLETE
[2026-08-09T02:05:01.197337+00:00] CONTINUOUS_OODA_WORKER_START
[2026-08-09T02:05:06.459065+00:00] TRELLO_STATUS_UPDATED 6a758914570bb5e64769122a 📨 [INBOX] STATUS UPDATE DASHBOARD 8080 FIXED PLUGIN AUDIT PENDING AND DISCORD TOKEN BLOCKER 20260806T024500Z sirgreen.msg
[2026-08-09T02:05:06.462916+00:00] CONTINUOUS_OODA_WORKER_COMPLETE
[2026-08-09T02:10:01.349685+00:00] CONTINUOUS_OODA_WORKER_START
[2026-08-09T02:10:04.188679+00:00] TRELLO_STATUS_UPDATED 6a75899f1baa64f29b78850a Sir Azure: discover SQUIDSTATION and PINKCADY network shares from STEALTHATTACK
[2026-08-09T02:10:04.191690+00:00] CONTINUOUS_OODA_WORKER_COMPLETE
[2026-08-09T02:15:01.254632+00:00] CONTINUOUS_OODA_WORKER_START
[2026-08-09T02:15:06.721737+00:00] TRELLO_STATUS_UPDATED 6a7589a1d32d06722bbae2a5 Sir Azure: read-only access only — do not edit SQUIDSTATION/PINKCADY shares
[2026-08-09T02:15:06.726825+00:00] CONTINUOUS_OODA_WORKER_COMPLETE
[2026-08-09T02:20:01.287906+00:00] CONTINUOUS_OODA_WORKER_START
[2026-08-09T02:20:05.730834+00:00] TRELLO_STATUS_UPDATED 6a75899f1baa64f29b78850a Sir Azure: discover SQUIDSTATION and PINKCADY network shares from STEALTHATTACK
[2026-08-09T02:20:05.734202+00:00] CONTINUOUS_OODA_WORKER_COMPLETE
[2026-08-09T02:25:03.265405+00:00] CONTINUOUS_OODA_WORKER_START
[2026-08-09T02:25:10.157513+00:00] TRELLO_STATUS_UPDATED 6a758914570bb5e64769122a 📨 [INBOX] STATUS UPDATE DASHBOARD 8080 FIXED PLUGIN AUDIT PENDING AND DISCORD TOKEN BLOCKER 20260806T024500Z sirgreen.msg
[2026-08-09T02:25:10.161406+00:00] CONTINUOUS_OODA_WORKER_COMPLETE
[2026-08-09T02:30:00.607451+00:00] CONTINUOUS_OODA_WORKER_START
[2026-08-09T02:30:07.436821+00:00] TRELLO_STATUS_UPDATED 6a7589a1d32d06722bbae2a5 Sir Azure: read-only access only — do not edit SQUIDSTATION/PINKCADY shares
[2026-08-09T02:30:07.442095+00:00] CONTINUOUS_OODA_WORKER_COMPLETE
[2026-08-09T02:35:00.648633+00:00] CONTINUOUS_OODA_WORKER_START
[2026-08-09T02:35:03.040731+00:00] TRELLO_STATUS_UPDATED 6a75899f1baa64f29b78850a Sir Azure: discover SQUIDSTATION and PINKCADY network shares from STEALTHATTACK
[2026-08-09T02:35:03.044160+00:00] CONTINUOUS_OODA_WORKER_COMPLETE
[2026-08-09T02:40:00.398016+00:00] CONTINUOUS_OODA_WORKER_START
[2026-08-09T02:40:05.588472+00:00] TRELLO_STATUS_UPDATED 6a758914570bb5e64769122a 📨 [INBOX] STATUS UPDATE DASHBOARD 8080 FIXED PLUGIN AUDIT PENDING AND DISCORD TOKEN BLOCKER 20260806T024500Z sirgreen.msg
[2026-08-09T02:40:05.593634+00:00] CONTINUOUS_OODA_WORKER_COMPLETE
[2026-08-09T02:45:00.300524+00:00] CONTINUOUS_OODA_WORKER_START
[2026-08-09T02:45:05.513567+00:00] TRELLO_STATUS_UPDATED 6a7589a1d32d06722bbae2a5 Sir Azure: read-only access only — do not edit SQUIDSTATION/PINKCADY shares
[2026-08-09T02:45:05.517984+00:00] CONTINUOUS_OODA_WORKER_COMPLETE
[2026-08-09T02:50:00.300987+00:00] CONTINUOUS_OODA_WORKER_START
[2026-08-09T02:50:03.289844+00:00] TRELLO_STATUS_UPDATED 6a75899f1baa64f29b78850a Sir Azure: discover SQUIDSTATION and PINKCADY network shares from STEALTHATTACK
[2026-08-09T02:50:03.293050+00:00] CONTINUOUS_OODA_WORKER_COMPLETE
[2026-08-09T02:55:00.404584+00:00] CONTINUOUS_OODA_WORKER_START
[2026-08-09T02:55:05.859919+00:00] TRELLO_STATUS_UPDATED 6a758914570bb5e64769122a 📨 [INBOX] STATUS UPDATE DASHBOARD 8080 FIXED PLUGIN AUDIT PENDING AND DISCORD TOKEN BLOCKER 20260806T024500Z sirgreen.msg
[2026-08-09T02:55:05.862997+00:00] CONTINUOUS_OODA_WORKER_COMPLETE
[2026-08-09T03:00:00.418118+00:00] CONTINUOUS_OODA_WORKER_START
[2026-08-09T03:00:05.620668+00:00] TRELLO_STATUS_UPDATED 6a75899f1baa64f29b78850a Sir Azure: discover SQUIDSTATION and PINKCADY network shares from STEALTHATTACK
[2026-08-09T03:00:05.629604+00:00] CONTINUOUS_OODA_WORKER_COMPLETE
[2026-08-09T03:05:00.445807+00:00] CONTINUOUS_OODA_WORKER_START
[2026-08-09T03:05:06.401579+00:00] TRELLO_STATUS_UPDATED 6a7589a1d32d06722bbae2a5 Sir Azure: read-only access only — do not edit SQUIDSTATION/PINKCADY shares
[2026-08-09T03:05:06.405307+00:00] CONTINUOUS_OODA_WORKER_COMPLETE
[2026-08-09T03:10:00.349870+00:00] CONTINUOUS_OODA_WORKER_START
[2026-08-09T03:10:05.373221+00:00] TRELLO_STATUS_UPDATED 6a758914570bb5e64769122a 📨 [INBOX] STATUS UPDATE DASHBOARD 8080 FIXED PLUGIN AUDIT PENDING AND DISCORD TOKEN BLOCKER 20260806T024500Z sirgreen.msg
[2026-08-09T03:10:05.376573+00:00] CONTINUOUS_OODA_WORKER_COMPLETE
[2026-08-09T03:15:00.377879+00:00] CONTINUOUS_OODA_WORKER_START
[2026-08-09T03:15:02.789853+00:00] TRELLO_STATUS_UPDATED 6a75899f1baa64f29b78850a Sir Azure: discover SQUIDSTATION and PINKCADY network shares from STEALTHATTACK
[2026-08-09T03:15:02.793521+00:00] CONTINUOUS_OODA_WORKER_COMPLETE
[2026-08-09T03:20:00.538913+00:00] CONTINUOUS_OODA_WORKER_START
[2026-08-09T03:20:06.242743+00:00] TRELLO_STATUS_UPDATED 6a7589a1d32d06722bbae2a5 Sir Azure: read-only access only — do not edit SQUIDSTATION/PINKCADY shares
[2026-08-09T03:20:06.246036+00:00] CONTINUOUS_OODA_WORKER_COMPLETE
[2026-08-09T03:25:00.429578+00:00] CONTINUOUS_OODA_WORKER_START
[2026-08-09T03:25:02.159472+00:00] TRELLO_ERROR: 404 Client Error: Not Found for url: https://api.trello.com/1/cards/6a726c7cbe926cbff9bbb55c?key=TRELLO_KEY_REMOVED_SEE_CREDENTIAL_FILE&token=TRELLO_TOKEN_REMOVED_SEE_CREDENTIAL_FILE&idList=6a74cbd3aa052ed2b30c5644
[2026-08-09T03:25:02.812863+00:00] GITHUB_LIST_ERROR: the JSON object must be str, bytes or bytearray, not NoneType
[2026-08-09T03:25:02.813307+00:00] CONTINUOUS_OODA_WORKER_COMPLETE
[2026-08-09T03:30:00.598757+00:00] CONTINUOUS_OODA_WORKER_START
[2026-08-09T03:30:02.430793+00:00] TRELLO_ERROR: 404 Client Error: Not Found for url: https://api.trello.com/1/cards/6a77abd3b85f3211fe2d6272?key=TRELLO_KEY_REMOVED_SEE_CREDENTIAL_FILE&token=TRELLO_TOKEN_REMOVED_SEE_CREDENTIAL_FILE&idList=6a74cbd3aa052ed2b30c5644
[2026-08-09T03:30:03.312213+00:00] GITHUB_LIST_ERROR: the JSON object must be str, bytes or bytearray, not NoneType
[2026-08-09T03:30:03.312730+00:00] CONTINUOUS_OODA_WORKER_COMPLETE
[2026-08-09T03:35:00.482653+00:00] CONTINUOUS_OODA_WORKER_START
[2026-08-09T03:35:01.896463+00:00] TRELLO_ERROR: 404 Client Error: Not Found for url: https://api.trello.com/1/cards/6a77ac61c2127d78438f0474?key=TRELLO_KEY_REMOVED_SEE_CREDENTIAL_FILE&token=TRELLO_TOKEN_REMOVED_SEE_CREDENTIAL_FILE&idList=6a74cbd3aa052ed2b30c5644
[2026-08-09T03:35:02.475210+00:00] GITHUB_LIST_ERROR: the JSON object must be str, bytes or bytearray, not NoneType
[2026-08-09T03:35:02.475977+00:00] CONTINUOUS_OODA_WORKER_COMPLETE
[2026-08-09T03:40:00.475768+00:00] CONTINUOUS_OODA_WORKER_START
[2026-08-09T03:40:02.084986+00:00] TRELLO_ERROR: 404 Client Error: Not Found for url: https://api.trello.com/1/cards/6a712433d986e5476af125d7?key=TRELLO_KEY_REMOVED_SEE_CREDENTIAL_FILE&token=TRELLO_TOKEN_REMOVED_SEE_CREDENTIAL_FILE&idList=6a74cbd3aa052ed2b30c5644
[2026-08-09T03:40:02.988896+00:00] GITHUB_LIST_ERROR: the JSON object must be str, bytes or bytearray, not NoneType
[2026-08-09T03:40:02.989847+00:00] CONTINUOUS_OODA_WORKER_COMPLETE
[2026-08-09T03:45:00.444294+00:00] CONTINUOUS_OODA_WORKER_START
[2026-08-09T03:45:01.590667+00:00] TRELLO_ERROR: 404 Client Error: Not Found for url: https://api.trello.com/1/cards/6a7124349aa52ada3776768e?key=TRELLO_KEY_REMOVED_SEE_CREDENTIAL_FILE&token=TRELLO_TOKEN_REMOVED_SEE_CREDENTIAL_FILE&idList=6a74cbd3aa052ed2b30c5644
[2026-08-09T03:45:02.303999+00:00] GITHUB_LIST_ERROR: the JSON object must be str, bytes or bytearray, not NoneType
[2026-08-09T03:45:02.304651+00:00] CONTINUOUS_OODA_WORKER_COMPLETE
[2026-08-09T03:50:00.667262+00:00] CONTINUOUS_OODA_WORKER_START
[2026-08-09T03:50:04.879695+00:00] TRELLO_STATUS_UPDATED 6a77ac4613d1909219c842e0 [INFRA] Security IDS stack live + dashboard-hooked (Suricata/Zeek/CrowdSec) — LAN tap needs switch mirror
[2026-08-09T03:50:04.880901+00:00] CONTINUOUS_OODA_WORKER_COMPLETE
[2026-08-09T03:55:00.510334+00:00] CONTINUOUS_OODA_WORKER_START
[2026-08-09T03:55:01.497511+00:00] TRELLO_ERROR: 404 Client Error: Not Found for url: https://api.trello.com/1/cards/6a7185ef9104a8818420b19a?key=TRELLO_KEY_REMOVED_SEE_CREDENTIAL_FILE&token=TRELLO_TOKEN_REMOVED_SEE_CREDENTIAL_FILE&idList=6a74cbd3aa052ed2b30c5644
[2026-08-09T03:55:02.109929+00:00] GITHUB_LIST_ERROR: the JSON object must be str, bytes or bytearray, not NoneType
[2026-08-09T03:55:02.110504+00:00] CONTINUOUS_OODA_WORKER_COMPLETE
[2026-08-09T04:00:00.512883+00:00] CONTINUOUS_OODA_WORKER_START
[2026-08-09T04:00:02.038380+00:00] TRELLO_ERROR: 404 Client Error: Not Found for url: https://api.trello.com/1/cards/6a77c8bfd3d3c31cc2791891?key=TRELLO_KEY_REMOVED_SEE_CREDENTIAL_FILE&token=TRELLO_TOKEN_REMOVED_SEE_CREDENTIAL_FILE&idList=6a74cbd3aa052ed2b30c5644
[2026-08-09T04:00:02.765900+00:00] GITHUB_LIST_ERROR: the JSON object must be str, bytes or bytearray, not NoneType
[2026-08-09T04:00:02.766553+00:00] CONTINUOUS_OODA_WORKER_COMPLETE
[2026-08-09T04:05:00.566587+00:00] CONTINUOUS_OODA_WORKER_START
[2026-08-09T04:05:05.205140+00:00] TRELLO_STATUS_UPDATED 6a77abd7519b3f58e60523ed SQUIDSTATION NEEDS A NEW GRAPHICS CARD!!!  WHAT DO WE BUY!!?
[2026-08-09T04:05:05.206131+00:00] CONTINUOUS_OODA_WORKER_COMPLETE
[2026-08-09T04:10:00.465864+00:00] CONTINUOUS_OODA_WORKER_START
[2026-08-09T04:10:04.449123+00:00] TRELLO_STATUS_UPDATED 6a77ac61c2127d78438f0474 P1: Deploy OSS Network Asset Management — NetBox + Dnsmasq + LibreNMS stack
[2026-08-09T04:10:04.450376+00:00] CONTINUOUS_OODA_WORKER_COMPLETE
[2026-08-09T04:15:00.519546+00:00] CONTINUOUS_OODA_WORKER_START
[2026-08-09T04:15:04.463413+00:00] TRELLO_STATUS_UPDATED 6a77ac4613d1909219c842e0 [INFRA] Security IDS stack live + dashboard-hooked (Suricata/Zeek/CrowdSec) — LAN tap needs switch mirror
[2026-08-09T04:15:04.464508+00:00] CONTINUOUS_OODA_WORKER_COMPLETE
[2026-08-09T04:20:00.590448+00:00] CONTINUOUS_OODA_WORKER_START
[2026-08-09T04:20:04.882896+00:00] TRELLO_STATUS_UPDATED 6a77c8bfd3d3c31cc2791891 [toruscoffeecompany/Torus_Ops#14] Discord bot token wiring into crew_map.json/vault config
[2026-08-09T04:20:04.884178+00:00] CONTINUOUS_OODA_WORKER_COMPLETE
[2026-08-09T04:25:00.580571+00:00] CONTINUOUS_OODA_WORKER_START
[2026-08-09T04:25:01.960157+00:00] TRELLO_STATUS_UPDATED 6a726c7cbe926cbff9bbb55c Container design: local network build for fleet + Torus + render nodes
[2026-08-09T04:25:01.962022+00:00] CONTINUOUS_OODA_WORKER_COMPLETE
[2026-08-09T04:30:00.721277+00:00] CONTINUOUS_OODA_WORKER_START
[2026-08-09T04:30:04.773981+00:00] TRELLO_STATUS_UPDATED 6a77ac4613d1909219c842e0 [INFRA] Security IDS stack live + dashboard-hooked (Suricata/Zeek/CrowdSec) — LAN tap needs switch mirror
[2026-08-09T04:30:04.775110+00:00] CONTINUOUS_OODA_WORKER_COMPLETE
[2026-08-09T04:35:00.518274+00:00] CONTINUOUS_OODA_WORKER_START
[2026-08-09T04:35:04.879789+00:00] TRELLO_STATUS_UPDATED 6a77c8bfaa9b08ceb2c80f14 [toruscoffeecompany/Torus_Ops#2] 🔗 Set up VOIDPirateTrade void-crew team access for toruscoffeecompany
[2026-08-09T04:35:04.880936+00:00] CONTINUOUS_OODA_WORKER_COMPLETE
[2026-08-09T04:40:00.571871+00:00] CONTINUOUS_OODA_WORKER_START
[2026-08-09T04:40:05.030499+00:00] TRELLO_STATUS_UPDATED 6a77c8bfd3d3c31cc2791891 [toruscoffeecompany/Torus_Ops#14] Discord bot token wiring into crew_map.json/vault config
[2026-08-09T04:40:05.031616+00:00] CONTINUOUS_OODA_WORKER_COMPLETE
[2026-08-09T04:45:01.326993+00:00] CONTINUOUS_OODA_WORKER_START
[2026-08-09T04:45:05.445977+00:00] TRELLO_STATUS_UPDATED 6a77ac4613d1909219c842e0 [INFRA] Security IDS stack live + dashboard-hooked (Suricata/Zeek/CrowdSec) — LAN tap needs switch mirror
[2026-08-09T04:45:05.446986+00:00] CONTINUOUS_OODA_WORKER_COMPLETE
[2026-08-09T04:50:00.602579+00:00] CONTINUOUS_OODA_WORKER_START
[2026-08-09T04:50:02.053886+00:00] TRELLO_STATUS_UPDATED 6a726c7cbe926cbff9bbb55c Container design: local network build for fleet + Torus + render nodes
[2026-08-09T04:50:02.055978+00:00] CONTINUOUS_OODA_WORKER_COMPLETE
[2026-08-09T04:55:00.625755+00:00] CONTINUOUS_OODA_WORKER_START
[2026-08-09T04:55:04.514423+00:00] TRELLO_STATUS_UPDATED 6a77c8bfaa9b08ceb2c80f14 [toruscoffeecompany/Torus_Ops#2] 🔗 Set up VOIDPirateTrade void-crew team access for toruscoffeecompany
[2026-08-09T04:55:04.515478+00:00] CONTINUOUS_OODA_WORKER_COMPLETE
[2026-08-09T05:00:01.261896+00:00] CONTINUOUS_OODA_WORKER_START
[2026-08-09T05:00:07.328598+00:00] TRELLO_STATUS_UPDATED 6a77ac4613d1909219c842e0 [INFRA] Security IDS stack live + dashboard-hooked (Suricata/Zeek/CrowdSec) — LAN tap needs switch mirror
[2026-08-09T05:00:07.329802+00:00] CONTINUOUS_OODA_WORKER_COMPLETE
[2026-08-09T05:05:00.631563+00:00] CONTINUOUS_OODA_WORKER_START
[2026-08-09T05:05:05.560972+00:00] TRELLO_STATUS_UPDATED 6a7185ef9104a8818420b19a TORUS_DOCKER_CONTAINER_REQUIREMENTS.md created
[2026-08-09T05:05:05.562062+00:00] CONTINUOUS_OODA_WORKER_COMPLETE
[2026-08-09T05:10:00.647811+00:00] CONTINUOUS_OODA_WORKER_START
[2026-08-09T05:10:05.324019+00:00] TRELLO_STATUS_UPDATED 6a77abd7519b3f58e60523ed SQUIDSTATION NEEDS A NEW GRAPHICS CARD!!!  WHAT DO WE BUY!!?
[2026-08-09T05:10:05.327351+00:00] CONTINUOUS_OODA_WORKER_COMPLETE
[2026-08-09T05:15:00.685100+00:00] CONTINUOUS_OODA_WORKER_START
[2026-08-09T05:15:02.871457+00:00] TRELLO_STATUS_UPDATED 6a726c7cbe926cbff9bbb55c Container design: local network build for fleet + Torus + render nodes
[2026-08-09T05:15:02.873134+00:00] CONTINUOUS_OODA_WORKER_COMPLETE
[2026-08-09T05:20:01.016390+00:00] CONTINUOUS_OODA_WORKER_START
[2026-08-09T05:20:05.982225+00:00] TRELLO_STATUS_UPDATED 6a77abf7f96dc94b337257a3 P1: Deploy NetBox + Dnsmasq containers on SQUIDSTATION (Day 1)
[2026-08-09T05:20:05.986726+00:00] CONTINUOUS_OODA_WORKER_COMPLETE
[2026-08-09T05:25:00.700437+00:00] CONTINUOUS_OODA_WORKER_START
[2026-08-09T05:25:05.883797+00:00] TRELLO_STATUS_UPDATED 6a77ac4613d1909219c842e0 [INFRA] Security IDS stack live + dashboard-hooked (Suricata/Zeek/CrowdSec) — LAN tap needs switch mirror
[2026-08-09T05:25:05.885461+00:00] CONTINUOUS_OODA_WORKER_COMPLETE
[2026-08-09T05:30:00.731887+00:00] CONTINUOUS_OODA_WORKER_START
[2026-08-09T05:30:05.489215+00:00] TRELLO_STATUS_UPDATED 6a77ae64165d224ea98100ea Dashboard: fix NPM proxy default page on tab switches
[2026-08-09T05:30:05.490668+00:00] CONTINUOUS_OODA_WORKER_COMPLETE
[2026-08-09T05:35:00.666289+00:00] CONTINUOUS_OODA_WORKER_START
[2026-08-09T05:35:05.006071+00:00] TRELLO_STATUS_UPDATED 6a77c8c457fdb72b54473acf [toruscoffeecompany/torus-coffee-docker#2] 📦 [P1] Push toruscoffee/torus-alert-router:latest to Docker Hub
[2026-08-09T05:35:05.007614+00:00] CONTINUOUS_OODA_WORKER_COMPLETE
[2026-08-09T05:40:00.784661+00:00] CONTINUOUS_OODA_WORKER_START
[2026-08-09T05:40:04.907410+00:00] TRELLO_STATUS_UPDATED 6a77ac4613d1909219c842e0 [INFRA] Security IDS stack live + dashboard-hooked (Suricata/Zeek/CrowdSec) — LAN tap needs switch mirror
[2026-08-09T05:40:04.908787+00:00] CONTINUOUS_OODA_WORKER_COMPLETE
[2026-08-09T05:45:00.711668+00:00] CONTINUOUS_OODA_WORKER_START
[2026-08-09T05:45:02.989443+00:00] TRELLO_STATUS_UPDATED 6a726c7cbe926cbff9bbb55c Container design: local network build for fleet + Torus + render nodes
[2026-08-09T05:45:02.990934+00:00] CONTINUOUS_OODA_WORKER_COMPLETE
[2026-08-09T05:50:00.729255+00:00] CONTINUOUS_OODA_WORKER_START
[2026-08-09T05:50:06.086717+00:00] TRELLO_STATUS_UPDATED 6a77ac56220f1defc9183677 P3: Y:/Video/Clips/History audit — Fall of Civilizations (214.7 GB) — archive candidate
[2026-08-09T05:50:06.088410+00:00] CONTINUOUS_OODA_WORKER_COMPLETE
[2026-08-09T05:55:00.698093+00:00] CONTINUOUS_OODA_WORKER_START
[2026-08-09T05:55:06.294818+00:00] TRELLO_STATUS_UPDATED 6a726c7cbe926cbff9bbb55c Container design: local network build for fleet + Torus + render nodes
[2026-08-09T05:55:06.296734+00:00] CONTINUOUS_OODA_WORKER_COMPLETE
[2026-08-09T06:00:00.715842+00:00] CONTINUOUS_OODA_WORKER_START
[2026-08-09T06:00:08.850549+00:00] TRELLO_STATUS_UPDATED 6a77ac4613d1909219c842e0 [INFRA] Security IDS stack live + dashboard-hooked (Suricata/Zeek/CrowdSec) — LAN tap needs switch mirror
[2026-08-09T06:00:08.852639+00:00] CONTINUOUS_OODA_WORKER_COMPLETE
[2026-08-09T06:05:00.736431+00:00] CONTINUOUS_OODA_WORKER_START
[2026-08-09T06:05:09.356147+00:00] TRELLO_STATUS_UPDATED 6a77abf7f96dc94b337257a3 P1: Deploy NetBox + Dnsmasq containers on SQUIDSTATION (Day 1)
[2026-08-09T06:05:09.358541+00:00] CONTINUOUS_OODA_WORKER_COMPLETE
[2026-08-09T06:10:00.715726+00:00] CONTINUOUS_OODA_WORKER_START
[2026-08-09T06:10:06.010537+00:00] TRELLO_STATUS_UPDATED 6a77c8bfd3d3c31cc2791891 [toruscoffeecompany/Torus_Ops#14] Discord bot token wiring into crew_map.json/vault config
[2026-08-09T06:10:06.013152+00:00] CONTINUOUS_OODA_WORKER_COMPLETE
[2026-08-09T06:15:00.744928+00:00] CONTINUOUS_OODA_WORKER_START
[2026-08-09T06:15:07.398433+00:00] TRELLO_STATUS_UPDATED 6a77ac4613d1909219c842e0 [INFRA] Security IDS stack live + dashboard-hooked (Suricata/Zeek/CrowdSec) — LAN tap needs switch mirror
[2026-08-09T06:15:07.404285+00:00] CONTINUOUS_OODA_WORKER_COMPLETE
[2026-08-09T06:20:00.739502+00:00] CONTINUOUS_OODA_WORKER_START
[2026-08-09T06:20:18.026954+00:00] TRELLO_STATUS_UPDATED 6a77ac56220f1defc9183677 P3: Y:/Video/Clips/History audit — Fall of Civilizations (214.7 GB) — archive candidate
[2026-08-09T06:20:18.033513+00:00] CONTINUOUS_OODA_WORKER_COMPLETE
[2026-08-09T06:25:00.821017+00:00] CONTINUOUS_OODA_WORKER_START
[2026-08-09T06:25:07.636551+00:00] TRELLO_STATUS_UPDATED 6a77ac61c2127d78438f0474 P1: Deploy OSS Network Asset Management — NetBox + Dnsmasq + LibreNMS stack
[2026-08-09T06:25:07.640669+00:00] CONTINUOUS_OODA_WORKER_COMPLETE
[2026-08-09T06:30:00.847615+00:00] CONTINUOUS_OODA_WORKER_START
[2026-08-09T06:30:15.242501+00:00] TRELLO_STATUS_UPDATED 6a77ae64165d224ea98100ea Dashboard: fix NPM proxy default page on tab switches
[2026-08-09T06:30:15.249031+00:00] CONTINUOUS_OODA_WORKER_COMPLETE
[2026-08-09T06:35:00.763710+00:00] CONTINUOUS_OODA_WORKER_START
[2026-08-09T06:35:08.772729+00:00] TRELLO_STATUS_UPDATED 6a77ac4613d1909219c842e0 [INFRA] Security IDS stack live + dashboard-hooked (Suricata/Zeek/CrowdSec) — LAN tap needs switch mirror
[2026-08-09T06:35:08.779521+00:00] CONTINUOUS_OODA_WORKER_COMPLETE
[2026-08-09T06:40:00.757659+00:00] CONTINUOUS_OODA_WORKER_START
[2026-08-09T06:40:13.006877+00:00] TRELLO_STATUS_UPDATED 6a726c7cbe926cbff9bbb55c Container design: local network build for fleet + Torus + render nodes
[2026-08-09T06:40:13.010956+00:00] CONTINUOUS_OODA_WORKER_COMPLETE
[2026-08-09T06:45:00.787617+00:00] CONTINUOUS_OODA_WORKER_START
[2026-08-09T06:45:10.641667+00:00] TRELLO_STATUS_UPDATED 6a77ae64165d224ea98100ea Dashboard: fix NPM proxy default page on tab switches
[2026-08-09T06:45:10.646394+00:00] CONTINUOUS_OODA_WORKER_COMPLETE
[2026-08-09T06:50:00.809551+00:00] CONTINUOUS_OODA_WORKER_START
[2026-08-09T06:50:09.118730+00:00] TRELLO_STATUS_UPDATED 6a77ac4613d1909219c842e0 [INFRA] Security IDS stack live + dashboard-hooked (Suricata/Zeek/CrowdSec) — LAN tap needs switch mirror
[2026-08-09T06:50:09.123066+00:00] CONTINUOUS_OODA_WORKER_COMPLETE
[2026-08-09T06:55:00.845745+00:00] CONTINUOUS_OODA_WORKER_START
[2026-08-09T06:55:19.576671+00:00] TRELLO_STATUS_UPDATED 6a77ac61c2127d78438f0474 P1: Deploy OSS Network Asset Management — NetBox + Dnsmasq + LibreNMS stack
[2026-08-09T06:55:19.581314+00:00] CONTINUOUS_OODA_WORKER_COMPLETE
[2026-08-09T07:00:00.854913+00:00] CONTINUOUS_OODA_WORKER_START
[2026-08-09T07:00:16.910982+00:00] TRELLO_STATUS_UPDATED 6a77ac56220f1defc9183677 P3: Y:/Video/Clips/History audit — Fall of Civilizations (214.7 GB) — archive candidate
[2026-08-09T07:00:16.915285+00:00] CONTINUOUS_OODA_WORKER_COMPLETE
[2026-08-09T07:05:00.865654+00:00] CONTINUOUS_OODA_WORKER_START
[2026-08-09T07:05:07.047297+00:00] TRELLO_STATUS_UPDATED 6a726c7cbe926cbff9bbb55c Container design: local network build for fleet + Torus + render nodes
[2026-08-09T07:05:07.053237+00:00] CONTINUOUS_OODA_WORKER_COMPLETE
[2026-08-09T07:10:00.797848+00:00] CONTINUOUS_OODA_WORKER_START
[2026-08-09T07:10:09.372442+00:00] TRELLO_STATUS_UPDATED 6a77ac4613d1909219c842e0 [INFRA] Security IDS stack live + dashboard-hooked (Suricata/Zeek/CrowdSec) — LAN tap needs switch mirror
[2026-08-09T07:10:09.377060+00:00] CONTINUOUS_OODA_WORKER_COMPLETE
[2026-08-09T07:15:00.898505+00:00] CONTINUOUS_OODA_WORKER_START
[2026-08-09T07:15:09.559256+00:00] TRELLO_STATUS_UPDATED 6a77ac56220f1defc9183677 P3: Y:/Video/Clips/History audit — Fall of Civilizations (214.7 GB) — archive candidate
[2026-08-09T07:15:09.564588+00:00] CONTINUOUS_OODA_WORKER_COMPLETE
[2026-08-09T07:20:00.832544+00:00] CONTINUOUS_OODA_WORKER_START
[2026-08-09T07:20:09.241707+00:00] TRELLO_STATUS_UPDATED 6a7185ef9104a8818420b19a TORUS_DOCKER_CONTAINER_REQUIREMENTS.md created
[2026-08-09T07:20:09.247512+00:00] CONTINUOUS_OODA_WORKER_COMPLETE
[2026-08-09T07:25:00.812137+00:00] CONTINUOUS_OODA_WORKER_START
[2026-08-09T07:25:08.850420+00:00] TRELLO_STATUS_UPDATED 6a77ac4613d1909219c842e0 [INFRA] Security IDS stack live + dashboard-hooked (Suricata/Zeek/CrowdSec) — LAN tap needs switch mirror
[2026-08-09T07:25:08.856252+00:00] CONTINUOUS_OODA_WORKER_COMPLETE
[2026-08-09T07:30:00.844362+00:00] CONTINUOUS_OODA_WORKER_START
[2026-08-09T07:30:07.087850+00:00] TRELLO_STATUS_UPDATED 6a726c7cbe926cbff9bbb55c Container design: local network build for fleet + Torus + render nodes
[2026-08-09T07:30:07.092923+00:00] CONTINUOUS_OODA_WORKER_COMPLETE
[2026-08-09T07:35:00.862460+00:00] CONTINUOUS_OODA_WORKER_START
[2026-08-09T07:35:10.615922+00:00] TRELLO_STATUS_UPDATED 6a77ae64165d224ea98100ea Dashboard: fix NPM proxy default page on tab switches
[2026-08-09T07:35:10.624139+00:00] CONTINUOUS_OODA_WORKER_COMPLETE
[2026-08-09T07:40:00.944271+00:00] CONTINUOUS_OODA_WORKER_START
[2026-08-09T07:40:11.063861+00:00] TRELLO_STATUS_UPDATED 6a77ac4613d1909219c842e0 [INFRA] Security IDS stack live + dashboard-hooked (Suricata/Zeek/CrowdSec) — LAN tap needs switch mirror
[2026-08-09T07:40:11.069471+00:00] CONTINUOUS_OODA_WORKER_COMPLETE
[2026-08-09T07:45:00.954929+00:00] CONTINUOUS_OODA_WORKER_START
[2026-08-09T07:45:12.304417+00:00] TRELLO_STATUS_UPDATED 6a77ac61c2127d78438f0474 P1: Deploy OSS Network Asset Management — NetBox + Dnsmasq + LibreNMS stack
[2026-08-09T07:45:12.309020+00:00] CONTINUOUS_OODA_WORKER_COMPLETE
[2026-08-09T07:50:00.844278+00:00] CONTINUOUS_OODA_WORKER_START
[2026-08-09T07:50:08.773402+00:00] TRELLO_STATUS_UPDATED 6a77ac56220f1defc9183677 P3: Y:/Video/Clips/History audit — Fall of Civilizations (214.7 GB) — archive candidate
[2026-08-09T07:50:08.778491+00:00] CONTINUOUS_OODA_WORKER_COMPLETE
[2026-08-09T07:55:00.842474+00:00] CONTINUOUS_OODA_WORKER_START
[2026-08-09T07:55:09.938102+00:00] TRELLO_STATUS_UPDATED 6a726c7cbe926cbff9bbb55c Container design: local network build for fleet + Torus + render nodes
[2026-08-09T07:55:09.945081+00:00] CONTINUOUS_OODA_WORKER_COMPLETE
[2026-08-09T08:00:00.868897+00:00] CONTINUOUS_OODA_WORKER_START
[2026-08-09T08:00:15.771353+00:00] TRELLO_STATUS_UPDATED 6a77ac4613d1909219c842e0 [INFRA] Security IDS stack live + dashboard-hooked (Suricata/Zeek/CrowdSec) — LAN tap needs switch mirror
[2026-08-09T08:00:15.776803+00:00] CONTINUOUS_OODA_WORKER_COMPLETE
[2026-08-09T08:05:00.875459+00:00] CONTINUOUS_OODA_WORKER_START
[2026-08-09T08:05:09.454617+00:00] TRELLO_STATUS_UPDATED 6a77c8bfaa9b08ceb2c80f14 [toruscoffeecompany/Torus_Ops#2] 🔗 Set up VOIDPirateTrade void-crew team access for toruscoffeecompany
[2026-08-09T08:05:09.459021+00:00] CONTINUOUS_OODA_WORKER_COMPLETE
[2026-08-09T08:10:00.903299+00:00] CONTINUOUS_OODA_WORKER_START
[2026-08-09T08:10:09.725863+00:00] TRELLO_STATUS_UPDATED 6a77abf7f96dc94b337257a3 P1: Deploy NetBox + Dnsmasq containers on SQUIDSTATION (Day 1)
[2026-08-09T08:10:09.731529+00:00] CONTINUOUS_OODA_WORKER_COMPLETE
[2026-08-09T08:15:00.903951+00:00] CONTINUOUS_OODA_WORKER_START
[2026-08-09T08:15:09.976193+00:00] TRELLO_STATUS_UPDATED 6a77ac4613d1909219c842e0 [INFRA] Security IDS stack live + dashboard-hooked (Suricata/Zeek/CrowdSec) — LAN tap needs switch mirror
[2026-08-09T08:15:09.981689+00:00] CONTINUOUS_OODA_WORKER_COMPLETE
[2026-08-09T08:20:00.922362+00:00] CONTINUOUS_OODA_WORKER_START
[2026-08-09T08:20:07.811428+00:00] TRELLO_STATUS_UPDATED 6a726c7cbe926cbff9bbb55c Container design: local network build for fleet + Torus + render nodes
[2026-08-09T08:20:07.815840+00:00] CONTINUOUS_OODA_WORKER_COMPLETE
[2026-08-09T08:25:00.939735+00:00] CONTINUOUS_OODA_WORKER_START
[2026-08-09T08:25:12.888483+00:00] TRELLO_STATUS_UPDATED 6a77abf7f96dc94b337257a3 P1: Deploy NetBox + Dnsmasq containers on SQUIDSTATION (Day 1)
[2026-08-09T08:25:12.894223+00:00] CONTINUOUS_OODA_WORKER_COMPLETE
[2026-08-09T08:30:00.986197+00:00] CONTINUOUS_OODA_WORKER_START
[2026-08-09T08:30:10.020957+00:00] TRELLO_STATUS_UPDATED 6a77ac4613d1909219c842e0 [INFRA] Security IDS stack live + dashboard-hooked (Suricata/Zeek/CrowdSec) — LAN tap needs switch mirror
[2026-08-09T08:30:10.025288+00:00] CONTINUOUS_OODA_WORKER_COMPLETE
[2026-08-09T08:35:00.926442+00:00] CONTINUOUS_OODA_WORKER_START
[2026-08-09T08:35:16.598646+00:00] TRELLO_STATUS_UPDATED 6a77ac56220f1defc9183677 P3: Y:/Video/Clips/History audit — Fall of Civilizations (214.7 GB) — archive candidate
[2026-08-09T08:35:16.603600+00:00] CONTINUOUS_OODA_WORKER_COMPLETE
[2026-08-09T14:55:01.571313+00:00] CONTINUOUS_OODA_WORKER_START
[2026-08-09T14:55:06.273547+00:00] TRELLO_STATUS_UPDATED 6a726c7cbe926cbff9bbb55c Container design: local network build for fleet + Torus + render nodes
[2026-08-09T14:55:06.281606+00:00] CONTINUOUS_OODA_WORKER_COMPLETE
[2026-08-09T15:00:01.591832+00:00] CONTINUOUS_OODA_WORKER_START
[2026-08-09T15:00:15.980429+00:00] TRELLO_STATUS_UPDATED 6a77ae64165d224ea98100ea Dashboard: fix NPM proxy default page on tab switches
[2026-08-09T15:00:15.985806+00:00] CONTINUOUS_OODA_WORKER_COMPLETE
[2026-08-09T15:05:01.595845+00:00] CONTINUOUS_OODA_WORKER_START
[2026-08-09T15:05:10.469671+00:00] TRELLO_STATUS_UPDATED 6a77ac4613d1909219c842e0 [INFRA] Security IDS stack live + dashboard-hooked (Suricata/Zeek/CrowdSec) — LAN tap needs switch mirror
[2026-08-09T15:05:10.474315+00:00] CONTINUOUS_OODA_WORKER_COMPLETE
[2026-08-09T15:10:00.386092+00:00] CONTINUOUS_OODA_WORKER_START
[2026-08-09T15:10:05.050803+00:00] TRELLO_STATUS_UPDATED 6a726c7cbe926cbff9bbb55c Container design: local network build for fleet + Torus + render nodes
[2026-08-09T15:10:05.056555+00:00] CONTINUOUS_OODA_WORKER_COMPLETE
[2026-08-09T15:15:00.350762+00:00] CONTINUOUS_OODA_WORKER_START
[2026-08-09T15:15:08.410247+00:00] TRELLO_STATUS_UPDATED 6a77abf7f96dc94b337257a3 P1: Deploy NetBox + Dnsmasq containers on SQUIDSTATION (Day 1)
[2026-08-09T15:15:08.414683+00:00] CONTINUOUS_OODA_WORKER_COMPLETE
[2026-08-09T15:20:00.327474+00:00] CONTINUOUS_OODA_WORKER_START
[2026-08-09T15:20:09.757590+00:00] TRELLO_STATUS_UPDATED 6a77ac4613d1909219c842e0 [INFRA] Security IDS stack live + dashboard-hooked (Suricata/Zeek/CrowdSec) — LAN tap needs switch mirror
[2026-08-09T15:20:09.761050+00:00] CONTINUOUS_OODA_WORKER_COMPLETE
[2026-08-09T15:25:00.455683+00:00] CONTINUOUS_OODA_WORKER_START
[2026-08-09T15:25:03.287335+00:00] TRELLO_STATUS_UPDATED 6a726c7cbe926cbff9bbb55c Container design: local network build for fleet + Torus + render nodes
[2026-08-09T15:25:03.290688+00:00] CONTINUOUS_OODA_WORKER_COMPLETE
[2026-08-09T15:30:00.380229+00:00] CONTINUOUS_OODA_WORKER_START
[2026-08-09T15:30:06.682628+00:00] TRELLO_STATUS_UPDATED 6a77abf7f96dc94b337257a3 P1: Deploy NetBox + Dnsmasq containers on SQUIDSTATION (Day 1)
[2026-08-09T15:30:06.684543+00:00] CONTINUOUS_OODA_WORKER_COMPLETE
[2026-08-09T15:35:00.445044+00:00] CONTINUOUS_OODA_WORKER_START
[2026-08-09T15:35:05.914435+00:00] TRELLO_STATUS_UPDATED 6a77ae64165d224ea98100ea Dashboard: fix NPM proxy default page on tab switches
[2026-08-09T15:35:05.915910+00:00] CONTINUOUS_OODA_WORKER_COMPLETE
[2026-08-09T15:40:00.421222+00:00] CONTINUOUS_OODA_WORKER_START
[2026-08-09T15:40:05.177000+00:00] TRELLO_STATUS_UPDATED 6a77ac4613d1909219c842e0 [INFRA] Security IDS stack live + dashboard-hooked (Suricata/Zeek/CrowdSec) — LAN tap needs switch mirror
[2026-08-09T15:40:05.177920+00:00] CONTINUOUS_OODA_WORKER_COMPLETE
[2026-08-09T15:45:00.384065+00:00] CONTINUOUS_OODA_WORKER_START
[2026-08-09T15:45:05.096771+00:00] TRELLO_STATUS_UPDATED 6a77abf7f96dc94b337257a3 P1: Deploy NetBox + Dnsmasq containers on SQUIDSTATION (Day 1)
[2026-08-09T15:45:05.097687+00:00] CONTINUOUS_OODA_WORKER_COMPLETE
[2026-08-09T15:50:02.399280+00:00] CONTINUOUS_OODA_WORKER_START
[2026-08-09T15:50:04.267464+00:00] TRELLO_STATUS_UPDATED 6a726c7cbe926cbff9bbb55c Container design: local network build for fleet + Torus + render nodes
[2026-08-09T15:50:04.268442+00:00] CONTINUOUS_OODA_WORKER_COMPLETE
[2026-08-09T15:55:00.534967+00:00] CONTINUOUS_OODA_WORKER_START
[2026-08-09T15:55:05.330457+00:00] TRELLO_STATUS_UPDATED 6a77ac4613d1909219c842e0 [INFRA] Security IDS stack live + dashboard-hooked (Suricata/Zeek/CrowdSec) — LAN tap needs switch mirror
[2026-08-09T15:55:05.331399+00:00] CONTINUOUS_OODA_WORKER_COMPLETE
[2026-08-09T16:00:00.479975+00:00] CONTINUOUS_OODA_WORKER_START
[2026-08-09T16:00:06.354672+00:00] TRELLO_STATUS_UPDATED 6a77abf7f96dc94b337257a3 P1: Deploy NetBox + Dnsmasq containers on SQUIDSTATION (Day 1)
[2026-08-09T16:00:06.355811+00:00] CONTINUOUS_OODA_WORKER_COMPLETE
[2026-08-09T16:05:00.447133+00:00] CONTINUOUS_OODA_WORKER_START
[2026-08-09T16:05:03.050003+00:00] TRELLO_STATUS_UPDATED 6a726c7cbe926cbff9bbb55c Container design: local network build for fleet + Torus + render nodes
[2026-08-09T16:05:03.051025+00:00] CONTINUOUS_OODA_WORKER_COMPLETE
[2026-08-09T16:10:00.547016+00:00] CONTINUOUS_OODA_WORKER_START
[2026-08-09T16:10:04.945376+00:00] TRELLO_STATUS_UPDATED 6a77ae64165d224ea98100ea Dashboard: fix NPM proxy default page on tab switches
[2026-08-09T16:10:04.946362+00:00] CONTINUOUS_OODA_WORKER_COMPLETE
[2026-08-09T16:15:00.545135+00:00] CONTINUOUS_OODA_WORKER_START
[2026-08-09T16:15:05.074833+00:00] TRELLO_STATUS_UPDATED 6a77ac4613d1909219c842e0 [INFRA] Security IDS stack live + dashboard-hooked (Suricata/Zeek/CrowdSec) — LAN tap needs switch mirror
[2026-08-09T16:15:05.076087+00:00] CONTINUOUS_OODA_WORKER_COMPLETE
[2026-08-09T16:20:00.568876+00:00] CONTINUOUS_OODA_WORKER_START
[2026-08-09T16:20:06.260125+00:00] TRELLO_STATUS_UPDATED 6a77abf7f96dc94b337257a3 P1: Deploy NetBox + Dnsmasq containers on SQUIDSTATION (Day 1)
[2026-08-09T16:20:06.261122+00:00] CONTINUOUS_OODA_WORKER_COMPLETE
[2026-08-09T16:25:00.540753+00:00] CONTINUOUS_OODA_WORKER_START
[2026-08-09T16:25:04.419268+00:00] TRELLO_STATUS_UPDATED 6a77c8bfaa9b08ceb2c80f14 [toruscoffeecompany/Torus_Ops#2] 🔗 Set up VOIDPirateTrade void-crew team access for toruscoffeecompany
[2026-08-09T16:25:04.419992+00:00] CONTINUOUS_OODA_WORKER_COMPLETE
[2026-08-09T16:30:00.486719+00:00] CONTINUOUS_OODA_WORKER_START
[2026-08-09T16:30:04.466348+00:00] TRELLO_STATUS_UPDATED 6a77ac4613d1909219c842e0 [INFRA] Security IDS stack live + dashboard-hooked (Suricata/Zeek/CrowdSec) — LAN tap needs switch mirror
[2026-08-09T16:30:04.466979+00:00] CONTINUOUS_OODA_WORKER_COMPLETE
[2026-08-09T16:35:00.445006+00:00] CONTINUOUS_OODA_WORKER_START
[2026-08-09T16:35:04.276481+00:00] TRELLO_STATUS_UPDATED 6a77ac61c2127d78438f0474 P1: Deploy OSS Network Asset Management — NetBox + Dnsmasq + LibreNMS stack
[2026-08-09T16:35:04.277273+00:00] CONTINUOUS_OODA_WORKER_COMPLETE
[2026-08-09T16:40:00.941801+00:00] CONTINUOUS_OODA_WORKER_START
[2026-08-09T16:40:05.426424+00:00] TRELLO_STATUS_UPDATED 6a7185ef9104a8818420b19a TORUS_DOCKER_CONTAINER_REQUIREMENTS.md created
[2026-08-09T16:40:05.427244+00:00] CONTINUOUS_OODA_WORKER_COMPLETE
[2026-08-09T16:45:00.511501+00:00] CONTINUOUS_OODA_WORKER_START
[2026-08-09T16:45:02.280960+00:00] TRELLO_STATUS_UPDATED 6a726c7cbe926cbff9bbb55c Container design: local network build for fleet + Torus + render nodes
[2026-08-09T16:45:02.282450+00:00] CONTINUOUS_OODA_WORKER_COMPLETE
[2026-08-09T16:50:00.650256+00:00] CONTINUOUS_OODA_WORKER_START
[2026-08-09T16:50:05.834009+00:00] TRELLO_STATUS_UPDATED 6a77ac4613d1909219c842e0 [INFRA] Security IDS stack live + dashboard-hooked (Suricata/Zeek/CrowdSec) — LAN tap needs switch mirror
[2026-08-09T16:50:05.834835+00:00] CONTINUOUS_OODA_WORKER_COMPLETE
[2026-08-09T16:55:00.511415+00:00] CONTINUOUS_OODA_WORKER_START
[2026-08-09T16:55:02.771351+00:00] TRELLO_STATUS_UPDATED 6a726c7cbe926cbff9bbb55c Container design: local network build for fleet + Torus + render nodes
[2026-08-09T16:55:02.772561+00:00] CONTINUOUS_OODA_WORKER_COMPLETE
[2026-08-09T17:00:00.482156+00:00] CONTINUOUS_OODA_WORKER_START
[2026-08-09T17:00:06.341964+00:00] TRELLO_STATUS_UPDATED 6a77ae64165d224ea98100ea Dashboard: fix NPM proxy default page on tab switches
[2026-08-09T17:00:06.343426+00:00] CONTINUOUS_OODA_WORKER_COMPLETE
[2026-08-09T17:05:00.688898+00:00] CONTINUOUS_OODA_WORKER_START
[2026-08-09T17:05:06.048658+00:00] TRELLO_STATUS_UPDATED 6a77ac56220f1defc9183677 P3: Y:/Video/Clips/History audit — Fall of Civilizations (214.7 GB) — archive candidate
[2026-08-09T17:05:06.050016+00:00] CONTINUOUS_OODA_WORKER_COMPLETE
[2026-08-09T17:10:00.591528+00:00] CONTINUOUS_OODA_WORKER_START
[2026-08-09T17:10:05.752722+00:00] TRELLO_STATUS_UPDATED 6a77abf7f96dc94b337257a3 P1: Deploy NetBox + Dnsmasq containers on SQUIDSTATION (Day 1)
[2026-08-09T17:10:05.754533+00:00] CONTINUOUS_OODA_WORKER_COMPLETE
[2026-08-09T17:15:00.719785+00:00] CONTINUOUS_OODA_WORKER_START
[2026-08-09T17:15:04.926824+00:00] TRELLO_STATUS_UPDATED 6a726c7cbe926cbff9bbb55c Container design: local network build for fleet + Torus + render nodes
[2026-08-09T17:15:04.928079+00:00] CONTINUOUS_OODA_WORKER_COMPLETE
[2026-08-09T17:20:00.655375+00:00] CONTINUOUS_OODA_WORKER_START
[2026-08-09T17:20:07.423613+00:00] TRELLO_STATUS_UPDATED 6a77ac4613d1909219c842e0 [INFRA] Security IDS stack live + dashboard-hooked (Suricata/Zeek/CrowdSec) — LAN tap needs switch mirror
[2026-08-09T17:20:07.424725+00:00] CONTINUOUS_OODA_WORKER_COMPLETE
[2026-08-09T17:25:00.582933+00:00] CONTINUOUS_OODA_WORKER_START
[2026-08-09T17:25:06.047025+00:00] TRELLO_STATUS_UPDATED 6a77abf7f96dc94b337257a3 P1: Deploy NetBox + Dnsmasq containers on SQUIDSTATION (Day 1)
[2026-08-09T17:25:06.049237+00:00] CONTINUOUS_OODA_WORKER_COMPLETE
[2026-08-09T18:45:02.231047+00:00] CONTINUOUS_OODA_WORKER_START
[2026-08-09T18:45:09.867186+00:00] TRELLO_STATUS_UPDATED 6a77ac4613d1909219c842e0 [INFRA] Security IDS stack live + dashboard-hooked (Suricata/Zeek/CrowdSec) — LAN tap needs switch mirror
[2026-08-09T18:45:09.869209+00:00] CONTINUOUS_OODA_WORKER_COMPLETE
[2026-08-09T18:50:01.303948+00:00] CONTINUOUS_OODA_WORKER_START
[2026-08-09T18:50:08.026722+00:00] TRELLO_STATUS_UPDATED 6a77ac61c2127d78438f0474 P1: Deploy OSS Network Asset Management — NetBox + Dnsmasq + LibreNMS stack
[2026-08-09T18:50:08.029440+00:00] CONTINUOUS_OODA_WORKER_COMPLETE
[2026-08-09T18:55:01.240274+00:00] CONTINUOUS_OODA_WORKER_START
[2026-08-09T18:55:16.136712+00:00] TRELLO_STATUS_UPDATED 6a77ae64165d224ea98100ea Dashboard: fix NPM proxy default page on tab switches
[2026-08-09T18:55:16.140540+00:00] CONTINUOUS_OODA_WORKER_COMPLETE
[2026-08-09T19:00:01.268221+00:00] CONTINUOUS_OODA_WORKER_START
[2026-08-09T19:00:12.298229+00:00] TRELLO_STATUS_UPDATED 6a77ac4613d1909219c842e0 [INFRA] Security IDS stack live + dashboard-hooked (Suricata/Zeek/CrowdSec) — LAN tap needs switch mirror
[2026-08-09T19:00:12.302619+00:00] CONTINUOUS_OODA_WORKER_COMPLETE
[2026-08-09T19:05:00.266224+00:00] CONTINUOUS_OODA_WORKER_START
[2026-08-09T19:05:09.509909+00:00] TRELLO_STATUS_UPDATED 6a77ac61c2127d78438f0474 P1: Deploy OSS Network Asset Management — NetBox + Dnsmasq + LibreNMS stack
[2026-08-09T19:05:09.513238+00:00] CONTINUOUS_OODA_WORKER_COMPLETE
[2026-08-09T19:10:00.340574+00:00] CONTINUOUS_OODA_WORKER_START
[2026-08-09T19:10:05.036912+00:00] TRELLO_STATUS_UPDATED 6a726c7cbe926cbff9bbb55c Container design: local network build for fleet + Torus + render nodes
[2026-08-09T19:10:05.040382+00:00] CONTINUOUS_OODA_WORKER_COMPLETE
[2026-08-09T19:15:00.286030+00:00] CONTINUOUS_OODA_WORKER_START
[2026-08-09T19:15:07.120731+00:00] TRELLO_STATUS_UPDATED 6a77ac56220f1defc9183677 P3: Y:/Video/Clips/History audit — Fall of Civilizations (214.7 GB) — archive candidate
[2026-08-09T19:15:07.124408+00:00] CONTINUOUS_OODA_WORKER_COMPLETE
[2026-08-09T19:20:00.354943+00:00] CONTINUOUS_OODA_WORKER_START
[2026-08-09T19:20:10.951850+00:00] TRELLO_STATUS_UPDATED 6a77ac4613d1909219c842e0 [INFRA] Security IDS stack live + dashboard-hooked (Suricata/Zeek/CrowdSec) — LAN tap needs switch mirror
[2026-08-09T19:20:10.955378+00:00] CONTINUOUS_OODA_WORKER_COMPLETE
[2026-08-09T19:25:00.301102+00:00] CONTINUOUS_OODA_WORKER_START
[2026-08-09T19:25:07.189848+00:00] TRELLO_STATUS_UPDATED 6a77ac61c2127d78438f0474 P1: Deploy OSS Network Asset Management — NetBox + Dnsmasq + LibreNMS stack
[2026-08-09T19:25:07.193520+00:00] CONTINUOUS_OODA_WORKER_COMPLETE
[2026-08-09T20:25:02.356404+00:00] CONTINUOUS_OODA_WORKER_START
[2026-08-09T20:25:06.308877+00:00] TRELLO_STATUS_UPDATED 6a77ac61c2127d78438f0474 P1: Deploy OSS Network Asset Management — NetBox + Dnsmasq + LibreNMS stack
[2026-08-09T20:25:06.309583+00:00] CONTINUOUS_OODA_WORKER_COMPLETE
[2026-08-09T20:30:01.184904+00:00] CONTINUOUS_OODA_WORKER_START
[2026-08-09T20:30:06.015263+00:00] TRELLO_STATUS_UPDATED 6a7185ef9104a8818420b19a TORUS_DOCKER_CONTAINER_REQUIREMENTS.md created
[2026-08-09T20:30:06.016079+00:00] CONTINUOUS_OODA_WORKER_COMPLETE
[2026-08-09T20:35:01.250057+00:00] CONTINUOUS_OODA_WORKER_START
[2026-08-09T20:35:05.160025+00:00] TRELLO_STATUS_UPDATED 6a77ac4613d1909219c842e0 [INFRA] Security IDS stack live + dashboard-hooked (Suricata/Zeek/CrowdSec) — LAN tap needs switch mirror
[2026-08-09T20:35:05.160724+00:00] CONTINUOUS_OODA_WORKER_COMPLETE
[2026-08-09T20:40:01.380259+00:00] CONTINUOUS_OODA_WORKER_START
[2026-08-09T20:40:05.672779+00:00] TRELLO_STATUS_UPDATED 6a77ae64165d224ea98100ea Dashboard: fix NPM proxy default page on tab switches
[2026-08-09T20:40:05.673604+00:00] CONTINUOUS_OODA_WORKER_COMPLETE
[2026-08-09T20:45:01.319236+00:00] CONTINUOUS_OODA_WORKER_START
[2026-08-09T20:45:05.382974+00:00] TRELLO_STATUS_UPDATED 6a77ac61c2127d78438f0474 P1: Deploy OSS Network Asset Management — NetBox + Dnsmasq + LibreNMS stack
[2026-08-09T20:45:05.384018+00:00] CONTINUOUS_OODA_WORKER_COMPLETE
[2026-08-09T20:50:01.193082+00:00] CONTINUOUS_OODA_WORKER_START
[2026-08-09T20:50:05.752395+00:00] TRELLO_STATUS_UPDATED 6a7185ef9104a8818420b19a TORUS_DOCKER_CONTAINER_REQUIREMENTS.md created
[2026-08-09T20:50:05.753124+00:00] CONTINUOUS_OODA_WORKER_COMPLETE
[2026-08-09T20:55:01.215026+00:00] CONTINUOUS_OODA_WORKER_START
[2026-08-09T20:55:04.967888+00:00] TRELLO_STATUS_UPDATED 6a77ac4613d1909219c842e0 [INFRA] Security IDS stack live + dashboard-hooked (Suricata/Zeek/CrowdSec) — LAN tap needs switch mirror
[2026-08-09T20:55:04.968538+00:00] CONTINUOUS_OODA_WORKER_COMPLETE
[2026-08-09T21:00:01.207848+00:00] CONTINUOUS_OODA_WORKER_START
[2026-08-09T21:00:06.132223+00:00] TRELLO_STATUS_UPDATED 6a77ac56220f1defc9183677 P3: Y:/Video/Clips/History audit — Fall of Civilizations (214.7 GB) — archive candidate
[2026-08-09T21:00:06.132956+00:00] CONTINUOUS_OODA_WORKER_COMPLETE
[2026-08-09T21:05:01.287584+00:00] CONTINUOUS_OODA_WORKER_START
[2026-08-09T21:05:05.302060+00:00] TRELLO_STATUS_UPDATED 6a7185ef9104a8818420b19a TORUS_DOCKER_CONTAINER_REQUIREMENTS.md created
[2026-08-09T21:05:05.302971+00:00] CONTINUOUS_OODA_WORKER_COMPLETE
[2026-08-09T21:10:01.417374+00:00] CONTINUOUS_OODA_WORKER_START
[2026-08-09T21:10:05.598954+00:00] TRELLO_STATUS_UPDATED 6a77abd7519b3f58e60523ed SQUIDSTATION NEEDS A NEW GRAPHICS CARD!!!  WHAT DO WE BUY!!?
[2026-08-09T21:10:05.600417+00:00] CONTINUOUS_OODA_WORKER_COMPLETE
[2026-08-09T21:15:01.299108+00:00] CONTINUOUS_OODA_WORKER_START
[2026-08-09T21:15:05.020216+00:00] TRELLO_STATUS_UPDATED 6a77ac4613d1909219c842e0 [INFRA] Security IDS stack live + dashboard-hooked (Suricata/Zeek/CrowdSec) — LAN tap needs switch mirror
[2026-08-09T21:15:05.021160+00:00] CONTINUOUS_OODA_WORKER_COMPLETE
[2026-08-09T21:20:01.240809+00:00] CONTINUOUS_OODA_WORKER_START
[2026-08-09T21:20:05.539258+00:00] TRELLO_STATUS_UPDATED 6a77ae64165d224ea98100ea Dashboard: fix NPM proxy default page on tab switches
[2026-08-09T21:20:05.539981+00:00] CONTINUOUS_OODA_WORKER_COMPLETE
[2026-08-09T21:40:01.817012+00:00] CONTINUOUS_OODA_WORKER_START
[2026-08-09T21:40:03.304401+00:00] TRELLO_STATUS_UPDATED 6a77abdca725bf62f739c2f6 [P0] CAPTUREIN: Install 8 missing Trello Power-Ups for card maintenance
[2026-08-09T21:40:03.305094+00:00] CONTINUOUS_OODA_WORKER_COMPLETE
[2026-08-09T21:45:00.798037+00:00] CONTINUOUS_OODA_WORKER_START
[2026-08-09T21:45:04.718110+00:00] TRELLO_STATUS_UPDATED 6a77ac56220f1defc9183677 P3: Y:/Video/Clips/History audit — Fall of Civilizations (214.7 GB) — archive candidate
[2026-08-09T21:45:04.718916+00:00] CONTINUOUS_OODA_WORKER_COMPLETE
[2026-08-09T21:50:00.794436+00:00] CONTINUOUS_OODA_WORKER_START
[2026-08-09T21:50:04.981419+00:00] TRELLO_STATUS_UPDATED 6a77ac4613d1909219c842e0 [INFRA] Security IDS stack live + dashboard-hooked (Suricata/Zeek/CrowdSec) — LAN tap needs switch mirror
[2026-08-09T21:50:04.982148+00:00] CONTINUOUS_OODA_WORKER_COMPLETE
[2026-08-09T21:55:00.805843+00:00] CONTINUOUS_OODA_WORKER_START
[2026-08-09T21:55:04.601281+00:00] TRELLO_STATUS_UPDATED 6a77abf7f96dc94b337257a3 P1: Deploy NetBox + Dnsmasq containers on SQUIDSTATION (Day 1)
[2026-08-09T21:55:04.601980+00:00] CONTINUOUS_OODA_WORKER_COMPLETE
[2026-08-09T22:00:00.842444+00:00] CONTINUOUS_OODA_WORKER_START
[2026-08-09T22:00:07.488040+00:00] TRELLO_STATUS_UPDATED 6a77ac56220f1defc9183677 P3: Y:/Video/Clips/History audit — Fall of Civilizations (214.7 GB) — archive candidate
[2026-08-09T22:00:07.488823+00:00] CONTINUOUS_OODA_WORKER_COMPLETE
[2026-08-09T22:05:00.828887+00:00] CONTINUOUS_OODA_WORKER_START
[2026-08-09T22:05:04.388110+00:00] TRELLO_STATUS_UPDATED 6a7499631c1a36043e1059e2 [P1] Sir Green: add /api/security-docs route to dashboard_server.py
[2026-08-09T22:05:04.389029+00:00] CONTINUOUS_OODA_WORKER_COMPLETE
[2026-08-09T22:10:00.823893+00:00] CONTINUOUS_OODA_WORKER_START
[2026-08-09T22:10:04.418975+00:00] TRELLO_STATUS_UPDATED 6a77ae64165d224ea98100ea Dashboard: fix NPM proxy default page on tab switches
[2026-08-09T22:10:04.419755+00:00] CONTINUOUS_OODA_WORKER_COMPLETE
[2026-08-09T22:15:01.161092+00:00] CONTINUOUS_OODA_WORKER_START
[2026-08-09T22:15:02.850844+00:00] TRELLO_STATUS_UPDATED 6a7499631c1a36043e1059e2 [P1] Sir Green: add /api/security-docs route to dashboard_server.py
[2026-08-09T22:15:02.851847+00:00] CONTINUOUS_OODA_WORKER_COMPLETE
[2026-08-09T22:20:00.998430+00:00] CONTINUOUS_OODA_WORKER_START
[2026-08-09T22:20:05.495330+00:00] TRELLO_STATUS_UPDATED 6a77ac4613d1909219c842e0 [INFRA] Security IDS stack live + dashboard-hooked (Suricata/Zeek/CrowdSec) — LAN tap needs switch mirror
[2026-08-09T22:20:05.496171+00:00] CONTINUOUS_OODA_WORKER_COMPLETE
[2026-08-09T22:25:00.988138+00:00] CONTINUOUS_OODA_WORKER_START
[2026-08-09T22:25:04.954017+00:00] TRELLO_STATUS_UPDATED 6a77abf7f96dc94b337257a3 P1: Deploy NetBox + Dnsmasq containers on SQUIDSTATION (Day 1)
[2026-08-09T22:25:04.954956+00:00] CONTINUOUS_OODA_WORKER_COMPLETE
[2026-08-09T22:30:00.943339+00:00] CONTINUOUS_OODA_WORKER_START
[2026-08-09T22:30:05.587416+00:00] TRELLO_STATUS_UPDATED 6a77abdca725bf62f739c2f6 [P0] CAPTUREIN: Install 8 missing Trello Power-Ups for card maintenance
[2026-08-09T22:30:05.588334+00:00] CONTINUOUS_OODA_WORKER_COMPLETE
[2026-08-09T22:35:00.953157+00:00] CONTINUOUS_OODA_WORKER_START
[2026-08-09T22:35:04.648190+00:00] TRELLO_STATUS_UPDATED 6a77ac4613d1909219c842e0 [INFRA] Security IDS stack live + dashboard-hooked (Suricata/Zeek/CrowdSec) — LAN tap needs switch mirror
[2026-08-09T22:35:04.648944+00:00] CONTINUOUS_OODA_WORKER_COMPLETE
[2026-08-09T22:40:00.953045+00:00] CONTINUOUS_OODA_WORKER_START
[2026-08-09T22:40:05.294707+00:00] TRELLO_STATUS_UPDATED 6a78dee4d0fd899daf1a37f9 [TOOL_AV] Verify PINKCADY Docker daemon - TLS, memory limits, no privileged containers
[2026-08-09T22:40:05.295509+00:00] CONTINUOUS_OODA_WORKER_COMPLETE
[2026-08-09T22:45:00.944763+00:00] CONTINUOUS_OODA_WORKER_START
[2026-08-09T22:45:04.972243+00:00] TRELLO_STATUS_UPDATED 6a77ac61c2127d78438f0474 P1: Deploy OSS Network Asset Management — NetBox + Dnsmasq + LibreNMS stack
[2026-08-09T22:45:04.972925+00:00] CONTINUOUS_OODA_WORKER_COMPLETE
[2026-08-09T22:55:01.182465+00:00] CONTINUOUS_OODA_WORKER_START
[2026-08-09T22:55:05.025807+00:00] TRELLO_STATUS_UPDATED 6a77ac4613d1909219c842e0 [INFRA] Security IDS stack live + dashboard-hooked (Suricata/Zeek/CrowdSec) — LAN tap needs switch mirror
[2026-08-09T22:55:05.026713+00:00] CONTINUOUS_OODA_WORKER_COMPLETE
[2026-08-09T23:00:01.273446+00:00] CONTINUOUS_OODA_WORKER_START
[2026-08-09T23:00:07.237283+00:00] TRELLO_STATUS_UPDATED 6a77abf7f96dc94b337257a3 P1: Deploy NetBox + Dnsmasq containers on SQUIDSTATION (Day 1)
[2026-08-09T23:00:07.238294+00:00] CONTINUOUS_OODA_WORKER_COMPLETE
[2026-08-10T01:30:02.044802+00:00] CONTINUOUS_OODA_WORKER_START
[2026-08-10T01:30:03.581437+00:00] TRELLO_STATUS_UPDATED 6a7499631c1a36043e1059e2 [P1] Sir Green: add /api/security-docs route to dashboard_server.py
[2026-08-10T01:30:03.582613+00:00] CONTINUOUS_OODA_WORKER_COMPLETE
[2026-08-10T01:35:01.342479+00:00] CONTINUOUS_OODA_WORKER_START
[2026-08-10T01:40:02.627368+00:00] CONTINUOUS_OODA_WORKER_START
[2026-08-10T01:40:06.692926+00:00] TRELLO_STATUS_UPDATED 6a77ac4613d1909219c842e0 [INFRA] Security IDS stack live + dashboard-hooked (Suricata/Zeek/CrowdSec) — LAN tap needs switch mirror
[2026-08-10T01:40:06.693865+00:00] CONTINUOUS_OODA_WORKER_COMPLETE
[2026-08-10T01:55:01.590523+00:00] CONTINUOUS_OODA_WORKER_START
[2026-08-10T01:55:05.367263+00:00] TRELLO_STATUS_UPDATED 6a77ae64165d224ea98100ea Dashboard: fix NPM proxy default page on tab switches
[2026-08-10T01:55:05.368104+00:00] CONTINUOUS_OODA_WORKER_COMPLETE
[2026-08-10T02:00:00.626570+00:00] CONTINUOUS_OODA_WORKER_START
[2026-08-10T02:00:05.185575+00:00] TRELLO_STATUS_UPDATED 6a77ac61c2127d78438f0474 P1: Deploy OSS Network Asset Management — NetBox + Dnsmasq + LibreNMS stack
[2026-08-10T02:00:05.186542+00:00] CONTINUOUS_OODA_WORKER_COMPLETE
[2026-08-10T02:05:00.643817+00:00] CONTINUOUS_OODA_WORKER_START
[2026-08-10T02:05:04.880362+00:00] TRELLO_STATUS_UPDATED 6a77ac4613d1909219c842e0 [INFRA] Security IDS stack live + dashboard-hooked (Suricata/Zeek/CrowdSec) — LAN tap needs switch mirror
[2026-08-10T02:05:04.881061+00:00] CONTINUOUS_OODA_WORKER_COMPLETE
[2026-08-10T02:10:00.598109+00:00] CONTINUOUS_OODA_WORKER_START
[2026-08-10T02:10:04.704460+00:00] TRELLO_STATUS_UPDATED 6a77ae64165d224ea98100ea Dashboard: fix NPM proxy default page on tab switches
[2026-08-10T02:10:04.705256+00:00] CONTINUOUS_OODA_WORKER_COMPLETE
[2026-08-10T02:15:00.618087+00:00] CONTINUOUS_OODA_WORKER_START
[2026-08-10T02:15:04.525815+00:00] TRELLO_STATUS_UPDATED 6a77ac56220f1defc9183677 P3: Y:/Video/Clips/History audit — Fall of Civilizations (214.7 GB) — archive candidate
[2026-08-10T02:15:04.526684+00:00] CONTINUOUS_OODA_WORKER_COMPLETE
[2026-08-10T02:20:00.910150+00:00] CONTINUOUS_OODA_WORKER_START
[2026-08-10T02:20:04.952060+00:00] TRELLO_STATUS_UPDATED 6a77ac4613d1909219c842e0 [INFRA] Security IDS stack live + dashboard-hooked (Suricata/Zeek/CrowdSec) — LAN tap needs switch mirror
[2026-08-10T02:20:04.952990+00:00] CONTINUOUS_OODA_WORKER_COMPLETE
[2026-08-10T02:25:00.615812+00:00] CONTINUOUS_OODA_WORKER_START
[2026-08-10T02:25:04.722847+00:00] TRELLO_STATUS_UPDATED 6a77abf7f96dc94b337257a3 P1: Deploy NetBox + Dnsmasq containers on SQUIDSTATION (Day 1)
[2026-08-10T02:25:04.723694+00:00] CONTINUOUS_OODA_WORKER_COMPLETE
[2026-08-10T02:30:00.805013+00:00] CONTINUOUS_OODA_WORKER_START
[2026-08-10T02:30:05.275376+00:00] TRELLO_STATUS_UPDATED 6a77ac56220f1defc9183677 P3: Y:/Video/Clips/History audit — Fall of Civilizations (214.7 GB) — archive candidate
[2026-08-10T02:30:05.276229+00:00] CONTINUOUS_OODA_WORKER_COMPLETE
[2026-08-10T02:35:00.702061+00:00] CONTINUOUS_OODA_WORKER_START
[2026-08-10T02:35:04.715602+00:00] TRELLO_STATUS_UPDATED 6a77abdca725bf62f739c2f6 [P0] CAPTUREIN: Install 8 missing Trello Power-Ups for card maintenance
[2026-08-10T02:35:04.716333+00:00] CONTINUOUS_OODA_WORKER_COMPLETE
[2026-08-10T02:40:03.788691+00:00] CONTINUOUS_OODA_WORKER_START
[2026-08-10T02:40:07.882877+00:00] TRELLO_STATUS_UPDATED 6a77ac4613d1909219c842e0 [INFRA] Security IDS stack live + dashboard-hooked (Suricata/Zeek/CrowdSec) — LAN tap needs switch mirror
[2026-08-10T02:40:07.883604+00:00] CONTINUOUS_OODA_WORKER_COMPLETE
[2026-08-10T02:45:00.602165+00:00] CONTINUOUS_OODA_WORKER_START
[2026-08-10T02:45:04.790295+00:00] TRELLO_STATUS_UPDATED 6a77abf7f96dc94b337257a3 P1: Deploy NetBox + Dnsmasq containers on SQUIDSTATION (Day 1)
[2026-08-10T02:45:04.790993+00:00] CONTINUOUS_OODA_WORKER_COMPLETE
[2026-08-10T02:50:02.529048+00:00] CONTINUOUS_OODA_WORKER_START
[2026-08-10T02:50:06.779380+00:00] TRELLO_STATUS_UPDATED 6a77abd7519b3f58e60523ed SQUIDSTATION NEEDS A NEW GRAPHICS CARD!!!  WHAT DO WE BUY!!?
[2026-08-10T02:50:06.780070+00:00] CONTINUOUS_OODA_WORKER_COMPLETE
[2026-08-10T02:55:00.641384+00:00] CONTINUOUS_OODA_WORKER_START
[2026-08-10T02:55:04.249432+00:00] TRELLO_STATUS_UPDATED 6a77ac56220f1defc9183677 P3: Y:/Video/Clips/History audit — Fall of Civilizations (214.7 GB) — archive candidate
[2026-08-10T02:55:04.250135+00:00] CONTINUOUS_OODA_WORKER_COMPLETE
[2026-08-10T03:00:00.683774+00:00] CONTINUOUS_OODA_WORKER_START
[2026-08-10T03:00:05.947024+00:00] TRELLO_STATUS_UPDATED 6a77ae64165d224ea98100ea Dashboard: fix NPM proxy default page on tab switches
[2026-08-10T03:00:05.947732+00:00] CONTINUOUS_OODA_WORKER_COMPLETE
[2026-08-10T03:05:08.006465+00:00] CONTINUOUS_OODA_WORKER_START
[2026-08-10T03:05:11.893724+00:00] TRELLO_STATUS_UPDATED 6a77abf7f96dc94b337257a3 P1: Deploy NetBox + Dnsmasq containers on SQUIDSTATION (Day 1)
[2026-08-10T03:05:11.894589+00:00] CONTINUOUS_OODA_WORKER_COMPLETE
[2026-08-10T03:10:00.838498+00:00] CONTINUOUS_OODA_WORKER_START
[2026-08-10T03:10:04.210671+00:00] TRELLO_STATUS_UPDATED 6a77ac56220f1defc9183677 P3: Y:/Video/Clips/History audit — Fall of Civilizations (214.7 GB) — archive candidate
[2026-08-10T03:10:04.211440+00:00] CONTINUOUS_OODA_WORKER_COMPLETE
[2026-08-10T03:15:00.809837+00:00] CONTINUOUS_OODA_WORKER_START
[2026-08-10T03:15:04.601087+00:00] TRELLO_STATUS_UPDATED 6a77ac4613d1909219c842e0 [INFRA] Security IDS stack live + dashboard-hooked (Suricata/Zeek/CrowdSec) — LAN tap needs switch mirror
[2026-08-10T03:15:04.601768+00:00] CONTINUOUS_OODA_WORKER_COMPLETE
[2026-08-10T03:20:00.882100+00:00] CONTINUOUS_OODA_WORKER_START
[2026-08-10T03:20:04.898979+00:00] TRELLO_STATUS_UPDATED 6a77abf7f96dc94b337257a3 P1: Deploy NetBox + Dnsmasq containers on SQUIDSTATION (Day 1)
[2026-08-10T03:20:04.899701+00:00] CONTINUOUS_OODA_WORKER_COMPLETE
[2026-08-10T03:25:00.814049+00:00] CONTINUOUS_OODA_WORKER_START
[2026-08-10T03:25:04.756480+00:00] TRELLO_STATUS_UPDATED 6a77ac56220f1defc9183677 P3: Y:/Video/Clips/History audit — Fall of Civilizations (214.7 GB) — archive candidate
[2026-08-10T03:25:04.757301+00:00] CONTINUOUS_OODA_WORKER_COMPLETE
[2026-08-10T03:30:00.775947+00:00] CONTINUOUS_OODA_WORKER_START
[2026-08-10T03:30:05.062795+00:00] TRELLO_STATUS_UPDATED 6a77ac4613d1909219c842e0 [INFRA] Security IDS stack live + dashboard-hooked (Suricata/Zeek/CrowdSec) — LAN tap needs switch mirror
[2026-08-10T03:30:05.063565+00:00] CONTINUOUS_OODA_WORKER_COMPLETE
[2026-08-10T03:35:00.838304+00:00] CONTINUOUS_OODA_WORKER_START
[2026-08-10T03:35:04.866627+00:00] TRELLO_STATUS_UPDATED 6a77abd7519b3f58e60523ed SQUIDSTATION NEEDS A NEW GRAPHICS CARD!!!  WHAT DO WE BUY!!?
[2026-08-10T03:35:04.867511+00:00] CONTINUOUS_OODA_WORKER_COMPLETE
[2026-08-10T03:40:00.782428+00:00] CONTINUOUS_OODA_WORKER_START
[2026-08-10T03:40:04.517371+00:00] TRELLO_STATUS_UPDATED 6a77ac56220f1defc9183677 P3: Y:/Video/Clips/History audit — Fall of Civilizations (214.7 GB) — archive candidate
[2026-08-10T03:40:04.518069+00:00] CONTINUOUS_OODA_WORKER_COMPLETE
[2026-08-10T03:45:00.843780+00:00] CONTINUOUS_OODA_WORKER_START
[2026-08-10T03:45:05.149013+00:00] TRELLO_STATUS_UPDATED 6a77ac4613d1909219c842e0 [INFRA] Security IDS stack live + dashboard-hooked (Suricata/Zeek/CrowdSec) — LAN tap needs switch mirror
[2026-08-10T03:45:05.149736+00:00] CONTINUOUS_OODA_WORKER_COMPLETE
[2026-08-10T03:50:00.791154+00:00] CONTINUOUS_OODA_WORKER_START
[2026-08-10T03:50:04.714126+00:00] TRELLO_STATUS_UPDATED 6a78dee4d0fd899daf1a37f9 [TOOL_AV] Verify PINKCADY Docker daemon - TLS, memory limits, no privileged containers
[2026-08-10T03:50:04.714817+00:00] CONTINUOUS_OODA_WORKER_COMPLETE
[2026-08-10T03:55:00.829427+00:00] CONTINUOUS_OODA_WORKER_START
[2026-08-10T03:55:05.262668+00:00] TRELLO_STATUS_UPDATED 6a77ac61c2127d78438f0474 P1: Deploy OSS Network Asset Management — NetBox + Dnsmasq + LibreNMS stack
[2026-08-10T03:55:05.263387+00:00] CONTINUOUS_OODA_WORKER_COMPLETE
[2026-08-10T04:00:00.955726+00:00] CONTINUOUS_OODA_WORKER_START
[2026-08-10T04:00:06.137473+00:00] TRELLO_STATUS_UPDATED 6a77ac4613d1909219c842e0 [INFRA] Security IDS stack live + dashboard-hooked (Suricata/Zeek/CrowdSec) — LAN tap needs switch mirror
[2026-08-10T04:00:06.138175+00:00] CONTINUOUS_OODA_WORKER_COMPLETE
[2026-08-10T04:05:00.867763+00:00] CONTINUOUS_OODA_WORKER_START
[2026-08-10T04:05:02.197350+00:00] TRELLO_STATUS_UPDATED 6a7499631c1a36043e1059e2 [P1] Sir Green: add /api/security-docs route to dashboard_server.py
[2026-08-10T04:05:02.198083+00:00] CONTINUOUS_OODA_WORKER_COMPLETE
[2026-08-10T04:10:00.809441+00:00] CONTINUOUS_OODA_WORKER_START
[2026-08-10T04:10:04.799127+00:00] TRELLO_STATUS_UPDATED 6a77abd7519b3f58e60523ed SQUIDSTATION NEEDS A NEW GRAPHICS CARD!!!  WHAT DO WE BUY!!?
[2026-08-10T04:10:04.799815+00:00] CONTINUOUS_OODA_WORKER_COMPLETE
