[2026-08-07T23:42:48.526733+00:00] MISS_PINK_CONTINUOUS_OODA_START
[2026-08-07T23:42:48.529068+00:00] WORKING 6a70da7a9863bd022c98fb5c Website Content - About Page
[2026-08-07T23:42:48.859469+00:00] BLOCKED 6a70da7a9863bd022c98fb5c comment=True
[2026-08-07T23:43:33.865433+00:00] WORKING 6a70da7a476d98a030620c9c Website Content - Product Descriptions
[2026-08-07T23:43:34.201319+00:00] BLOCKED 6a70da7a476d98a030620c9c comment=True
[2026-08-07T23:44:19.225566+00:00] WORKING 6a75896450f950c1b08407ad [P1] Sir Green: add /api/hw route to dashboard_server.py
[2026-08-07T23:44:19.658166+00:00] BLOCKED 6a75896450f950c1b08407ad comment=True
[2026-08-07T23:45:04.683886+00:00] WORKING 6a75896164c5703182d4e899 [P1] Sir Green: add /api/tools route to dashboard_server.py
[2026-08-07T23:45:05.062957+00:00] BLOCKED 6a75896164c5703182d4e899 comment=True
[2026-08-07T23:45:50.068993+00:00] WORKING 6a717fb91a29e733c5c4a403 torus-inventory image built
[2026-08-07T23:45:50.387377+00:00] BLOCKED 6a717fb91a29e733c5c4a403 comment=True
[2026-08-07T23:46:35.417251+00:00] WORKING 6a7589637b1c05cf671a13d9 👥 Sir Green: invite limited toruscoffeecompany collaborators
[2026-08-07T23:46:35.753767+00:00] BLOCKED 6a7589637b1c05cf671a13d9 comment=True
[2026-08-07T23:47:20.760610+00:00] WORKING 6a75890e8dc27defd0a1ca9c 📨 Auto-alert when new PINKCADY inbox messages arrive
[2026-08-07T23:47:21.223108+00:00] COMPLETED 6a75890e8dc27defd0a1ca9c comment=True
[2026-08-07T23:48:06.229532+00:00] WORKING 6a73e0c0df49153b5f295bf5 📨 RE PINKCADY VIRTUALIZATION SETUP PLAN 20260806T010000Z captain.msg
[2026-08-07T23:48:06.555144+00:00] COMPLETED 6a73e0c0df49153b5f295bf5 comment=True
[2026-08-07T23:48:51.563795+00:00] WORKING 6a758926d9b6f4a300fec792 📨 [INBOX] REMINDER DOCKER DESKTOP TAILSCALE AND DASHBOARD EVIDENCE STILL NEEDED 20260806T042700Z sirgreen.msg
[2026-08-07T23:48:52.169143+00:00] BLOCKED 6a758926d9b6f4a300fec792 comment=True
[2026-08-07T23:49:37.179755+00:00] WORKING 6a75893b799e5f22d21430ab 📨 [INBOX] board audit obsidian deepdive and asks sirgreen 20260806
[2026-08-07T23:49:37.564626+00:00] COMPLETED 6a75893b799e5f22d21430ab comment=True
[2026-08-07T23:50:22.572482+00:00] WORKING 6a75892c4631fddbd3b9cbca 📨 [INBOX] dashboard improvements sirgreen 20260806
[2026-08-07T23:50:22.892261+00:00] BLOCKED 6a75892c4631fddbd3b9cbca comment=True
[2026-08-07T23:51:07.922402+00:00] WORKING 6a75893ee7d5ddbd2d722d76 📨 [INBOX] followup dashboard top10 trello voidops sirgreen 20260806
[2026-08-07T23:51:08.301399+00:00] BLOCKED 6a75893ee7d5ddbd2d722d76 comment=True
[2026-08-07T23:51:53.330797+00:00] WORKING 6a75892fdcd672c874804a71 📨 [INBOX] new trello git cards for docker webhooks k8s sirgreen 20260806
[2026-08-07T23:51:53.699263+00:00] BLOCKED 6a75892fdcd672c874804a71 comment=True
[2026-08-07T23:52:38.705735+00:00] WORKING 6a758935db524f747a60a6b5 📨 [INBOX] ooda plugin automation complete sirgreen 20260806T0624Z
[2026-08-07T23:52:39.054258+00:00] BLOCKED 6a758935db524f747a60a6b5 comment=True
[2026-08-07T23:53:24.061703+00:00] WORKING 6a75894bb61d4d52851d766e 📨 [INBOX] sirgreen continuous tasklist live sirgreen 20260806
[2026-08-07T23:53:24.391425+00:00] BLOCKED 6a75894bb61d4d52851d766e comment=True
[2026-08-07T23:54:09.398900+00:00] WORKING 6a758949ef623d2eed8038cf 📨 [INBOX] sirgreen dashboard recommendations local network monitor sirgreen 20260806
[2026-08-07T23:54:09.775593+00:00] COMPLETED 6a758949ef623d2eed8038cf comment=True
[2026-08-07T23:54:54.782169+00:00] WORKING 6a758955885daf8362120646 📨 [INBOX] sirgreen docker progress and actions sirgreen 20260806
[2026-08-07T23:54:55.108435+00:00] BLOCKED 6a758955885daf8362120646 comment=True
[2026-08-07T23:55:40.115021+00:00] WORKING 6a75894afc2a87d39c8eda4f 📨 [INBOX] sirgreen final progress summary and asks sirgreen 20260806
[2026-08-07T23:55:40.638734+00:00] BLOCKED 6a75894afc2a87d39c8eda4f comment=True
[2026-08-07T23:56:25.645053+00:00] WORKING 6a75894130db92bea127ca7e 📨 [INBOX] sirgreen trello automation questions sirgreen 20260806
[2026-08-07T23:56:26.044321+00:00] COMPLETED 6a75894130db92bea127ca7e comment=True
[2026-08-07T23:57:11.051412+00:00] WORKING 6a758947bd13dbbd1036fccd 📨 [INBOX] sirgreen trello setup automation questions sirgreen 20260806
[2026-08-07T23:57:11.383721+00:00] COMPLETED 6a758947bd13dbbd1036fccd comment=True
[2026-08-07T23:57:56.392803+00:00] WORKING 6a75895907626d14b41863cc 📨 [INBOX] sirgreen void ops mirror request sirgreen 20260806
[2026-08-07T23:57:56.812275+00:00] BLOCKED 6a75895907626d14b41863cc comment=True
[2026-08-07T23:58:41.820108+00:00] WORKING 6a7589459dc3122cb7d3df39 📨 [INBOX] vault audit progress dashboard recommendations sirgreen 20260806
[2026-08-07T23:58:42.125439+00:00] COMPLETED 6a7589459dc3122cb7d3df39 comment=True
[2026-08-07T23:59:27.131165+00:00] WORKING 6a738f523974a0974bb285b1 🔐 Store GitHub PAT in vault secrets
[2026-08-07T23:59:27.498487+00:00] BLOCKED 6a738f523974a0974bb285b1 comment=True
[2026-08-08T00:00:12.505268+00:00] WORKING 6a738f5011a1d1aaae2ebe69 🤖 Confirm Discord bot scripts to keep live
[2026-08-08T00:00:13.124378+00:00] BLOCKED 6a738f5011a1d1aaae2ebe69 comment=True
[2026-08-08T00:00:58.129480+00:00] WORKING 6a737f7e62239d8d15fe9507 🤖 Finish Discord bot token + invite to Torus Coffee server
[2026-08-08T00:00:58.559378+00:00] BLOCKED 6a737f7e62239d8d15fe9507 comment=True
[2026-08-08T00:01:43.566139+00:00] WORKING 6a75899de72bd0cf31beb36f Test Critical System Alert
[2026-08-08T00:01:44.282055+00:00] COMPLETED 6a75899de72bd0cf31beb36f comment=True
[2026-08-08T00:02:29.288429+00:00] WORKING 6a75895485b827bfeacc8894 🔑 NEEDS CREDS: Docker Hub auth failure
[2026-08-08T00:02:29.661726+00:00] BLOCKED 6a75895485b827bfeacc8894 comment=True
[2026-08-08T00:03:14.667199+00:00] WORKING 6a75897837f4e0714a23594f Build automation dashboard page
[2026-08-08T00:03:15.015210+00:00] COMPLETED 6a75897837f4e0714a23594f comment=True
[2026-08-08T00:04:00.021404+00:00] WORKING 6a758979784c7081f7ef5ff3 Build inventory dashboard widget
[2026-08-08T00:04:00.346373+00:00] COMPLETED 6a758979784c7081f7ef5ff3 comment=True
[2026-08-08T00:04:45.353810+00:00] WORKING 6a71243a6f880a7967d43e54 End-to-end verification: Buffer + Zapier + HubSpot + Trello
[2026-08-08T00:04:45.708037+00:00] BLOCKED 6a71243a6f880a7967d43e54 comment=True
[2026-08-08T00:05:30.715177+00:00] WORKING 6a70f8cef53e66596583fb68 Setup Buffer account
[2026-08-08T00:05:31.063037+00:00] COMPLETED 6a70f8cef53e66596583fb68 comment=True
[2026-08-08T00:06:16.069382+00:00] WORKING 6a70f8ce24dcd595547c33c6 Setup Zapier account
[2026-08-08T00:06:16.469024+00:00] COMPLETED 6a70f8ce24dcd595547c33c6 comment=True
[2026-08-08T00:07:01.475131+00:00] WORKING 6a75897307c48205cd582bdc torus-pos deployed and healthy
[2026-08-08T00:07:01.906365+00:00] BLOCKED 6a75897307c48205cd582bdc comment=True
[2026-08-08T00:07:46.911660+00:00] WORKING 6a758938570bb5e6476995fb 📨 [INBOX] pink docker build push and single ask sirgreen 20260806
[2026-08-08T00:07:47.272353+00:00] COMPLETED 6a758938570bb5e6476995fb comment=True
[2026-08-08T00:08:32.279185+00:00] WORKING 6a70cc2c813f2eea45f37bec Create Product Photo tracking spreadsheet
[2026-08-08T00:08:32.656418+00:00] COMPLETED 6a70cc2c813f2eea45f37bec comment=True
[2026-08-08T00:09:17.663008+00:00] WORKING 6a712fa779f75a27d760cacf Launch revenue stream tracking in vault and Trello
[2026-08-08T00:09:17.987276+00:00] COMPLETED 6a712fa779f75a27d760cacf comment=True
[2026-08-08T00:10:02.995211+00:00] WORKING 6a70d707920c145749b2f4ed Product Photo Tracking Spreadsheet
[2026-08-08T00:10:03.322107+00:00] COMPLETED 6a70d707920c145749b2f4ed comment=True
[2026-08-08T00:10:48.335560+00:00] WORKING 6a70a34e88d5b5f7ebf055f0 Safety Protocol Update — Kitchen Equipment
[2026-08-08T00:10:48.678949+00:00] COMPLETED 6a70a34e88d5b5f7ebf055f0 comment=True
[2026-08-08T00:11:33.690001+00:00] WORKING 6a71242fb7197bb4e02ae791 Test HubSpot deal creation/update
[2026-08-08T00:11:34.011608+00:00] COMPLETED 6a71242fb7197bb4e02ae791 comment=True
[2026-08-08T00:12:19.035483+00:00] WORKING 6a70f3a93eaccbc40f76275b Create LinkedIn company page
[2026-08-08T00:12:19.417193+00:00] COMPLETED 6a70f3a93eaccbc40f76275b comment=True
[2026-08-08T00:13:05.182342+00:00] WORKING 6a714261497a74d5c08db6fc Clean up Zapier Zaps in UI
[2026-08-08T00:13:05.182632+00:00] SKIP_RETRY_LATER 6a714261497a74d5c08db6fc No matching handler
[2026-08-08T00:13:05.185266+00:00] WORKING 6a71088ffaf8003fc0a68a19 Connect Buffer to Facebook + Twitter + Instagram
[2026-08-08T00:13:05.185509+00:00] SKIP_RETRY_LATER 6a71088ffaf8003fc0a68a19 No matching handler
[2026-08-08T00:13:05.188043+00:00] WORKING 6a70f8d05fe4b044e08e7ba6 Connect Buffer to social channels
[2026-08-08T00:13:05.188274+00:00] SKIP_RETRY_LATER 6a70f8d05fe4b044e08e7ba6 No matching handler
[2026-08-08T00:13:05.191584+00:00] WORKING 6a70f8cf667828b0d8116214 Connect Zapier to Trello
[2026-08-08T00:13:05.192025+00:00] SKIP_RETRY_LATER 6a70f8cf667828b0d8116214 No matching handler
[2026-08-08T00:13:05.194726+00:00] WORKING 6a714260a52b6b7b6b52d389 Disabled Zapier auto-send
[2026-08-08T00:13:05.194997+00:00] SKIP_RETRY_LATER 6a714260a52b6b7b6b52d389 No matching handler
[2026-08-08T00:13:05.197545+00:00] WORKING 6a71089111eac7787a2f0ca0 Import vendor/customer contacts into HubSpot
[2026-08-08T00:13:05.197769+00:00] SKIP_RETRY_LATER 6a71089111eac7787a2f0ca0 No matching handler
[2026-08-08T00:13:05.200657+00:00] WORKING 6a710d10982ed4f96b55c3aa Install Buffer browser extension (optional)
[2026-08-08T00:13:05.547308+00:00] COMPLETED 6a710d10982ed4f96b55c3aa comment=True
[2026-08-08T00:13:50.573872+00:00] WORKING 6a715c02adc83d498b8b907c Create Zapier order automation Zap
[2026-08-08T00:13:50.914313+00:00] COMPLETED 6a715c02adc83d498b8b907c comment=True
[2026-08-08T00:14:35.938990+00:00] WORKING 6a70da7b4daf4656cdb03d72 Daily Ops Automation - Scripts Created
[2026-08-08T00:14:35.939237+00:00] SKIP_RETRY_LATER 6a70da7b4daf4656cdb03d72 No matching handler
[2026-08-08T00:14:35.941450+00:00] WORKING 6a70fd5df386c9b9c9509813 Research free automation tools (Zapier/Make/n8n)
[2026-08-08T00:14:36.314160+00:00] COMPLETED 6a70fd5df386c9b9c9509813 comment=True
[2026-08-08T00:15:21.339216+00:00] WORKING 6a71243896c16a6755d5e168 Update Obsidian_Automation_Guide.md with verified config
[2026-08-08T00:15:21.827764+00:00] COMPLETED 6a71243896c16a6755d5e168 comment=True
[2026-08-08T00:16:06.860524+00:00] WORKING 6a7124361db42f66b1aadd83 Bug hunt daily_ops_automation.py
[2026-08-08T00:16:07.314906+00:00] COMPLETED 6a7124361db42f66b1aadd83 comment=True
[2026-08-08T00:16:52.341543+00:00] WORKING 6a7124371696c8171433b8fe Bug hunt weekly_review_automation.py
[2026-08-08T00:16:52.758497+00:00] COMPLETED 6a7124371696c8171433b8fe comment=True
[2026-08-08T00:17:37.781213+00:00] WORKING 6a7157f290ff88a1b31ae1c8 US Bank account automation — CSV → Wave → categorization
[2026-08-08T00:17:37.781555+00:00] SKIP_RETRY_LATER 6a7157f290ff88a1b31ae1c8 No matching handler
[2026-08-08T00:17:37.784111+00:00] WORKING 6a74252ab0dedd42382fd7dc [P2] Run functional tests on automation scripts
[2026-08-08T00:17:38.157436+00:00] COMPLETED 6a74252ab0dedd42382fd7dc comment=True
[2026-08-08T00:18:23.182109+00:00] WORKING 6a715f7095b8d80e80b99d94 Build role-based automation scripts
[2026-08-08T00:18:23.513872+00:00] COMPLETED 6a715f7095b8d80e80b99d94 comment=True
[2026-08-08T00:19:08.549101+00:00] WORKING 6a715c01e0c5b1f394020f9a Choose payment processor alternative
[2026-08-08T00:19:08.873781+00:00] COMPLETED 6a715c01e0c5b1f394020f9a comment=True
[2026-08-08T00:19:53.898590+00:00] WORKING 6a742142c4eea9f50d2c583b [P2] DEPLOYMENT_RUNBOOK.md
[2026-08-08T00:19:53.898937+00:00] SKIP_RETRY_LATER 6a742142c4eea9f50d2c583b No matching handler
[2026-08-08T00:19:53.901944+00:00] WORKING 6a7124348c36b1c39bf1a721 Bug hunt inventory_tracker.py
[2026-08-08T00:19:54.221973+00:00] COMPLETED 6a7124348c36b1c39bf1a721 comment=True
[2026-08-08T00:20:39.254477+00:00] WORKING 6a70c2eb1cf10e9c2a502c4a Amazon GTIN exemption — prepare docs only
[2026-08-08T00:20:39.255079+00:00] SKIP_RETRY_LATER 6a70c2eb1cf10e9c2a502c4a No matching handler
[2026-08-08T00:20:39.258941+00:00] WORKING 6a758985d6df54b8623fe79e Automate AI image/video asset generation
[2026-08-08T00:20:39.259376+00:00] SKIP_RETRY_LATER 6a758985d6df54b8623fe79e No matching handler
[2026-08-08T00:20:39.262969+00:00] WORKING 6a7589838f9aa9c752547871 Automate YouTube production workflow
[2026-08-08T00:20:39.263242+00:00] SKIP_RETRY_LATER 6a7589838f9aa9c752547871 No matching handler
[2026-08-08T00:20:39.266697+00:00] WORKING 6a712bc87100f06c531e53cd Connect website to Obsidian vault data
[2026-08-08T00:20:39.267136+00:00] SKIP_RETRY_LATER 6a712bc87100f06c531e53cd No matching handler
[2026-08-08T00:20:39.270762+00:00] WORKING 6a75896a3632d256d23b49f9 Deep vault audit completed
[2026-08-08T00:20:39.621937+00:00] COMPLETED 6a75896a3632d256d23b49f9 comment=True
[2026-08-08T00:21:24.658214+00:00] WORKING 6a70f1b222a6bcea1ae81154 Create/verify TikTok account
[2026-08-08T00:21:25.010421+00:00] COMPLETED 6a70f1b222a6bcea1ae81154 comment=True
[2026-08-08T00:22:10.032586+00:00] WORKING 6a70fd5f36d61f648be9359c Create Free_Tools_Reference.md with all findings
[2026-08-08T00:22:10.361676+00:00] COMPLETED 6a70fd5f36d61f648be9359c comment=True
[2026-08-08T00:22:55.384201+00:00] WORKING 6a737f7c8fab91fbb60889a2 🧹 Clean duplicate sections in 00_Vault_Home.md
[2026-08-08T00:22:55.765123+00:00] COMPLETED 6a737f7c8fab91fbb60889a2 comment=True
[2026-08-08T00:23:40.788761+00:00] WORKING 6a71088ffaf8003fc0a68a19 Connect Buffer to Facebook + Twitter + Instagram
[2026-08-08T00:23:41.235871+00:00] BLOCKED 6a71088ffaf8003fc0a68a19 comment=True
[2026-08-08T00:24:26.243014+00:00] WORKING 6a70f8cf667828b0d8116214 Connect Zapier to Trello
[2026-08-08T00:24:26.568120+00:00] BLOCKED 6a70f8cf667828b0d8116214 comment=True
[2026-08-08T00:25:11.603555+00:00] WORKING 6a71089111eac7787a2f0ca0 Import vendor/customer contacts into HubSpot
[2026-08-08T00:25:11.921290+00:00] BLOCKED 6a71089111eac7787a2f0ca0 comment=True
[2026-08-08T00:25:56.953110+00:00] WORKING 6a712bc042b16192a0e67f22 Integrate Buffer API into website
[2026-08-08T00:25:57.273676+00:00] BLOCKED 6a712bc042b16192a0e67f22 comment=True
[2026-08-08T00:26:42.295837+00:00] WORKING 6a712bc288b7b8dc510594e1 Integrate Zapier webhook into website
[2026-08-08T00:26:42.640787+00:00] BLOCKED 6a712bc288b7b8dc510594e1 comment=True
[2026-08-08T00:27:27.667244+00:00] WORKING 6a758914570bb5e64769122a 📨 [INBOX] STATUS UPDATE DASHBOARD 8080 FIXED PLUGIN AUDIT PENDING AND DISCORD TOKEN BLOCKER 20260806T024500Z sirgreen.msg
[2026-08-08T00:27:28.076215+00:00] COMPLETED 6a758914570bb5e64769122a comment=True
[2026-08-08T00:28:13.098457+00:00] WORKING 6a713b0f7fec1de4568f6906 DEPLOY.md created
[2026-08-08T00:28:13.431101+00:00] COMPLETED 6a713b0f7fec1de4568f6906 comment=True
[2026-08-08T00:28:58.454110+00:00] WORKING 6a712438ca3780f35985256d Update 00_Vault_Home.md with build status
[2026-08-08T00:28:58.767301+00:00] COMPLETED 6a712438ca3780f35985256d comment=True
[2026-08-08T00:29:43.789782+00:00] WORKING 6a71088fa7caec75b7864bf8 Verify all automation scripts run end-to-end
[2026-08-08T00:29:44.111914+00:00] COMPLETED 6a71088fa7caec75b7864bf8 comment=True
[2026-08-08T00:30:29.136230+00:00] WORKING 6a7124373711a67b1299cbcb Bug hunt monthly_review_automation.py
[2026-08-08T00:30:29.816083+00:00] COMPLETED 6a7124373711a67b1299cbcb comment=True
[2026-08-08T00:31:14.839345+00:00] WORKING 6a7124371696c8171433b8fe Bug hunt weekly_review_automation.py
[2026-08-08T00:31:15.289336+00:00] COMPLETED 6a7124371696c8171433b8fe comment=True
[2026-08-08T00:32:00.316103+00:00] WORKING 6a7124317a3d7f8972dbc227 Build logging/reporting system for all automations
[2026-08-08T00:32:00.631559+00:00] COMPLETED 6a7124317a3d7f8972dbc227 comment=True
[2026-08-08T00:32:45.660867+00:00] WORKING 6a714fbaac9805c2fba75613 Choose payment processor
[2026-08-08T00:32:46.002162+00:00] COMPLETED 6a714fbaac9805c2fba75613 comment=True
[2026-08-08T00:33:31.025246+00:00] WORKING 6a71242e3f23db4fb69d7c9b Wire HubSpot Service Key into CRM automation
[2026-08-08T00:33:31.025499+00:00] SKIP_RETRY_LATER 6a71242e3f23db4fb69d7c9b No matching handler
[2026-08-08T00:33:31.028296+00:00] WORKING 6a71242c76ca67e9e4de6505 Wire Zapier webhook into zapier_automation.py
[2026-08-08T00:33:31.546264+00:00] COMPLETED 6a71242c76ca67e9e4de6505 comment=True
[2026-08-08T00:34:16.551799+00:00] WORKING 6a70cc2c813f2eea45f37bec Create Product Photo tracking spreadsheet
[2026-08-08T00:34:16.894488+00:00] COMPLETED 6a70cc2c813f2eea45f37bec comment=True
[2026-08-08T00:35:01.922739+00:00] WORKING 6a75bf3eee7e2cd1b2c9afe9 Sync Facebook business account with other social accounts
[2026-08-08T00:35:01.923010+00:00] SKIP_RETRY_LATER 6a75bf3eee7e2cd1b2c9afe9 No matching handler
[2026-08-08T00:35:01.925290+00:00] WORKING 6a71242fb7197bb4e02ae791 Test HubSpot deal creation/update
[2026-08-08T00:35:02.329314+00:00] COMPLETED 6a71242fb7197bb4e02ae791 comment=True
[2026-08-08T00:35:47.336255+00:00] WORKING 6a740381c3a44cf1d463dcf8 📨 ACK TORUS FLEET LIVE PLUGIN AUDIT AND DASHBOARD RETEST STILL NEEDED 20260806T031500Z sirgreen.msg
[2026-08-08T00:35:47.701602+00:00] COMPLETED 6a740381c3a44cf1d463dcf8 comment=True
[2026-08-08T00:36:32.708460+00:00] WORKING 6a73f9d1117d82f3161f1819 🌐 [P2] Deploy torus-website + torus-inventory + torus-pos on PINKCADY
[2026-08-08T00:36:33.115596+00:00] BLOCKED 6a73f9d1117d82f3161f1819 comment=True
[2026-08-08T00:37:18.124353+00:00] WORKING 6a70d7057ed6747561a95b00 Q1 2027 Campaign: New Year New Flavors
[2026-08-08T00:37:18.439709+00:00] BLOCKED 6a70d7057ed6747561a95b00 comment=True
[2026-08-08T00:38:03.446434+00:00] WORKING 6a70d70464a1abbb00138471 Q3 2026 Campaign: Iowa City Farmers Market
[2026-08-08T00:38:03.750785+00:00] BLOCKED 6a70d70464a1abbb00138471 comment=True
[2026-08-08T00:38:48.779414+00:00] WORKING 6a7115f7e256159bc959b02b Webhook Event
[2026-08-08T00:38:49.119872+00:00] BLOCKED 6a7115f7e256159bc959b02b comment=True
[2026-08-08T00:39:34.126263+00:00] WORKING 6a74c969c8e0d397194bde8c 💬 Set up Google Voice for Torus Coffee business number
[2026-08-08T00:39:34.541424+00:00] BLOCKED 6a74c969c8e0d397194bde8c comment=True
[2026-08-08T00:40:19.548306+00:00] WORKING 6a71b462b21cd08f9f3f6eb9 Master OODA Execution Tasklist — P0-P3
[2026-08-08T00:40:19.891199+00:00] BLOCKED 6a71b462b21cd08f9f3f6eb9 comment=True
[2026-08-08T00:41:04.915406+00:00] WORKING 6a762813839d409994d663e5 torus-inventory deployment blocked
[2026-08-08T00:41:05.326703+00:00] BLOCKED 6a762813839d409994d663e5 comment=True
[2026-08-08T00:41:50.353971+00:00] WORKING 6a76281735fbe026273b3460 📨 DOCKER HUB PUSH RESULTS 5 OF 6 IMAGES PUSHED ALERT ROUTER BLOCKED 20260806T042800Z sirgreen.msg
[2026-08-08T00:41:50.708950+00:00] BLOCKED 6a76281735fbe026273b3460 comment=True
[2026-08-08T00:42:35.742642+00:00] WORKING 6a762811c5882873a4d3fab3 📨 [INBOX] RE DISCORD BOT GITHUB ACCESS AND WINDOWS UPDATE REMINDER 20260805T235900Z misspink.msg
[2026-08-08T00:42:36.086081+00:00] COMPLETED 6a762811c5882873a4d3fab3 comment=True
[2026-08-08T00:43:21.108631+00:00] WORKING 6a714fb82b64998c93bdbad4 Build inventory → website sync
[2026-08-08T00:43:21.469805+00:00] COMPLETED 6a714fb82b64998c93bdbad4 comment=True
[2026-08-08T00:44:06.496314+00:00] WORKING 6a715c02adc83d498b8b907c Create Zapier order automation Zap
[2026-08-08T00:44:06.820021+00:00] COMPLETED 6a715c02adc83d498b8b907c comment=True
[2026-08-08T00:44:51.848296+00:00] WORKING 6a7185ee9623f3429b2bbbae SIR_GREEN_DEPLOYMENT_PROMPT created
[2026-08-08T00:44:52.156653+00:00] BLOCKED 6a7185ee9623f3429b2bbbae comment=True
[2026-08-08T00:45:37.186429+00:00] WORKING 6a71243896c16a6755d5e168 Update Obsidian_Automation_Guide.md with verified config
[2026-08-08T00:45:37.511391+00:00] COMPLETED 6a71243896c16a6755d5e168 comment=True
[2026-08-08T00:46:22.544036+00:00] WORKING 6a7425288e8aadeb76919bde [P1] Reinstall missing Obsidian plugins: periodic-notes, table-editor-obsidian, obsidian-livesync
[2026-08-08T00:46:22.883180+00:00] COMPLETED 6a7425288e8aadeb76919bde comment=True
[2026-08-08T00:47:07.904996+00:00] WORKING 6a715f7309b04b813d36a8f0 Finalize vault organization and automation
[2026-08-08T00:47:08.252296+00:00] COMPLETED 6a715f7309b04b813d36a8f0 comment=True
[2026-08-08T00:47:53.277591+00:00] WORKING 6a74252ab0dedd42382fd7dc [P2] Run functional tests on automation scripts
[2026-08-08T00:47:53.588678+00:00] COMPLETED 6a74252ab0dedd42382fd7dc comment=True
[2026-08-08T00:48:38.612210+00:00] WORKING 6a73e04b89d12772829328fa 🐳 [P1] Docker Desktop virtualization mode
[2026-08-08T00:48:38.927763+00:00] BLOCKED 6a73e04b89d12772829328fa comment=True
[2026-08-08T00:49:23.951114+00:00] WORKING 6a71242f938a65812243a9a9 Build HubSpot import script for vault contacts
[2026-08-08T00:49:24.271039+00:00] COMPLETED 6a71242f938a65812243a9a9 comment=True
[2026-08-08T00:50:09.292695+00:00] WORKING 6a712bc4da97a343ac82c9f2 Build Trello board widget
[2026-08-08T00:50:09.722668+00:00] COMPLETED 6a712bc4da97a343ac82c9f2 comment=True
[2026-08-08T00:50:54.746035+00:00] WORKING 6a712439ac1b186230233da2 Commit all build changes to Torus_Ops
[2026-08-08T00:50:55.072914+00:00] COMPLETED 6a712439ac1b186230233da2 comment=True
[2026-08-08T00:51:40.097772+00:00] WORKING 6a713b0e855dd7bf68f6045b Website build verified: 10 pages
[2026-08-08T00:51:40.451808+00:00] COMPLETED 6a713b0e855dd7bf68f6045b comment=True
[2026-08-08T00:52:25.477266+00:00] WORKING 6a7124348c36b1c39bf1a721 Bug hunt inventory_tracker.py
[2026-08-08T00:52:25.841188+00:00] COMPLETED 6a7124348c36b1c39bf1a721 comment=True
[2026-08-08T00:53:10.866022+00:00] WORKING 6a71088e80a5897312085f8d Create HubSpot CRM setup guide
[2026-08-08T00:53:11.232603+00:00] COMPLETED 6a71088e80a5897312085f8d comment=True
[2026-08-08T00:53:56.264083+00:00] WORKING 6a7108900c37debad5ba1fdf Create first Zap: Trello → Webhook
[2026-08-08T00:53:56.587523+00:00] COMPLETED 6a7108900c37debad5ba1fdf comment=True
[2026-08-08T00:54:41.612129+00:00] WORKING 6a70dc37fcf5d326ef051b4a Fall 2026 Venue Research
[2026-08-08T00:54:41.925531+00:00] COMPLETED 6a70dc37fcf5d326ef051b4a comment=True
[2026-08-08T00:55:26.948299+00:00] WORKING 6a758a33d09a0e14ad056f58 P2: Verify Miss Pink's Inbox automation routing
[2026-08-08T00:55:27.299708+00:00] COMPLETED 6a758a33d09a0e14ad056f58 comment=True
[2026-08-08T00:56:12.305916+00:00] WORKING 6a70fd5e2f877b2b08daa4a3 Research free social media tools (Buffer/Metricool)
[2026-08-08T00:56:12.680360+00:00] COMPLETED 6a70fd5e2f877b2b08daa4a3 comment=True
[2026-08-08T00:56:57.688765+00:00] WORKING 6a712fa97713201aff8593c9 Track YouTube ad revenue in Revenue_Stream_Plan.md
[2026-08-08T00:56:58.024707+00:00] COMPLETED 6a712fa97713201aff8593c9 comment=True
[2026-08-08T00:57:43.031037+00:00] WORKING 6a74c9687092a2d64af38d45 📞 Research: Free business phone/answering service setup
[2026-08-08T00:57:43.436951+00:00] COMPLETED 6a74c9687092a2d64af38d45 comment=True
[2026-08-08T00:58:28.443984+00:00] WORKING 6a75894ee6538a4dae6cbecd 📨 [INBOX] sirgreen dashboard endpoints status sirgreen 20260806
[2026-08-08T00:58:28.857747+00:00] BLOCKED 6a75894ee6538a4dae6cbecd comment=True
[2026-08-08T00:59:13.864149+00:00] WORKING 6a7589396e91985679185d83 📨 verify claimed changes and asks sirgreen 20260806T0645Z
[2026-08-08T00:59:14.263625+00:00] COMPLETED 6a7589396e91985679185d83 comment=True
[2026-08-08T00:59:59.271502+00:00] WORKING 6a7589431523f0fa490f9d09 📨 [INBOX] pinkcady dashboard test commands sirgreen 20260806
[2026-08-08T00:59:59.642443+00:00] COMPLETED 6a7589431523f0fa490f9d09 comment=True
[2026-08-08T01:00:44.648112+00:00] WORKING 6a758985d6df54b8623fe79e Automate AI image/video asset generation
[2026-08-08T01:00:45.037979+00:00] BLOCKED 6a758985d6df54b8623fe79e comment=True
[2026-08-08T01:01:30.042950+00:00] WORKING 6a75896a3632d256d23b49f9 Deep vault audit completed
[2026-08-08T01:01:30.600424+00:00] COMPLETED 6a75896a3632d256d23b49f9 comment=True
[2026-08-08T01:02:15.630073+00:00] WORKING 6a70f8cb64512854cb6cca1e Enable obsidian-git in community-plugins.json
[2026-08-08T01:02:16.373451+00:00] COMPLETED 6a70f8cb64512854cb6cca1e comment=True
[2026-08-08T01:03:01.380738+00:00] WORKING 6a75899bb7cf1af4adfc2c26 GitHub: add Miss Pink as VOIDPirateTrade collaborator with push access
[2026-08-08T01:03:01.755688+00:00] BLOCKED 6a75899bb7cf1af4adfc2c26 comment=True
[2026-08-08T01:03:46.792026+00:00] WORKING 6a70f8cb50d5e5c87c22ff3c Install Obsidian Git plugin
[2026-08-08T01:03:47.253798+00:00] COMPLETED 6a70f8cb50d5e5c87c22ff3c comment=True
[2026-08-08T01:04:32.282080+00:00] WORKING 6a70c2e98ca3bfb0ad902c5b Link social media accounts — Facebook + Pinterest handles
[2026-08-08T01:04:32.633384+00:00] COMPLETED 6a70c2e98ca3bfb0ad902c5b comment=True
[2026-08-08T01:05:17.665987+00:00] WORKING 6a70f3aaa5e9659c8bb799e1 Post consistent content across platforms
[2026-08-08T01:05:18.122538+00:00] BLOCKED 6a70f3aaa5e9659c8bb799e1 comment=True
[2026-08-08T01:06:03.131316+00:00] WORKING 6a70a351c98f4292654148bc Review Obsidian Plugins
[2026-08-08T01:06:03.484431+00:00] COMPLETED 6a70a351c98f4292654148bc comment=True
[2026-08-08T01:06:48.491996+00:00] WORKING 6a75895e41d6fe7d98b265ee Setup Google Analytics
[2026-08-08T01:06:48.805495+00:00] COMPLETED 6a75895e41d6fe7d98b265ee comment=True
[2026-08-08T01:07:33.812204+00:00] WORKING 6a7589604e605ff5499c5686 Setup Obsidian Vault
[2026-08-08T01:07:34.122627+00:00] COMPLETED 6a7589604e605ff5499c5686 comment=True
[2026-08-08T01:08:19.129100+00:00] WORKING 6a75899756307560a3089f1c Setup: install GitHub CLI on Miss Pink Rig (PINKCADY)
[2026-08-08T01:08:19.575684+00:00] COMPLETED 6a75899756307560a3089f1c comment=True
[2026-08-08T01:09:04.581916+00:00] WORKING 6a75899158086af488986c16 Sir Green ↔ Miss Pink checks and balances system
[2026-08-08T01:09:04.895757+00:00] BLOCKED 6a75899158086af488986c16 comment=True
[2026-08-08T01:09:49.902690+00:00] WORKING 6a70da7a476d98a030620c9c Website Content - Product Descriptions
[2026-08-08T01:09:50.198639+00:00] BLOCKED 6a70da7a476d98a030620c9c comment=True
[2026-08-08T01:10:35.204530+00:00] WORKING 6a7589651b1414b7bc8d08d5 [P1] Sir Green: add /api/rig-report route to dashboard_server.py
[2026-08-08T01:10:35.541075+00:00] BLOCKED 6a7589651b1414b7bc8d08d5 comment=True
[2026-08-08T01:11:20.546478+00:00] WORKING 6a717fb91a29e733c5c4a403 torus-inventory image built
[2026-08-08T01:11:21.004868+00:00] BLOCKED 6a717fb91a29e733c5c4a403 comment=True
[2026-08-08T01:12:06.039006+00:00] WORKING 6a7394042cde48d50291cb01 📋 Configure VOID team tiers: void-crew, void-ops, void-captain
[2026-08-08T01:12:06.381237+00:00] COMPLETED 6a7394042cde48d50291cb01 comment=True
[2026-08-08T01:12:51.406011+00:00] WORKING 6a73e0c0df49153b5f295bf5 📨 RE PINKCADY VIRTUALIZATION SETUP PLAN 20260806T010000Z captain.msg
[2026-08-08T01:12:51.737956+00:00] COMPLETED 6a73e0c0df49153b5f295bf5 comment=True
[2026-08-08T01:13:36.764939+00:00] WORKING 6a7589273e0a40eec984f1cf 📨 [INBOX] SIR GREEN BOT AND WATCHER VERIFIED END TO END BRIDGE LIVE 20260806T041200Z sirgreen.msg
[2026-08-08T01:13:37.145327+00:00] BLOCKED 6a7589273e0a40eec984f1cf comment=True
[2026-08-08T01:14:22.151339+00:00] WORKING 6a75892c4631fddbd3b9cbca 📨 [INBOX] dashboard improvements sirgreen 20260806
[2026-08-08T01:14:22.517167+00:00] BLOCKED 6a75892c4631fddbd3b9cbca comment=True
[2026-08-08T01:15:07.524490+00:00] WORKING 6a75893f48fa1255ad221200 📨 [INBOX] miss pink dashboard top10 trello voidops ask sirgreen 20260806
[2026-08-08T01:15:07.844486+00:00] BLOCKED 6a75893f48fa1255ad221200 comment=True
[2026-08-08T01:15:52.849757+00:00] WORKING 6a758935db524f747a60a6b5 📨 [INBOX] ooda plugin automation complete sirgreen 20260806T0624Z
[2026-08-08T01:15:53.234580+00:00] BLOCKED 6a758935db524f747a60a6b5 comment=True
[2026-08-08T01:16:38.240941+00:00] WORKING 6a75894f16641f96753c5632 📨 [INBOX] sirgreen dashboard endpoints still 404 sirgreen 20260806
[2026-08-08T01:16:38.572661+00:00] BLOCKED 6a75894f16641f96753c5632 comment=True
[2026-08-08T01:17:23.579690+00:00] WORKING 6a758955885daf8362120646 📨 [INBOX] sirgreen docker progress and actions sirgreen 20260806
[2026-08-08T01:17:23.932190+00:00] BLOCKED 6a758955885daf8362120646 comment=True
[2026-08-08T01:18:08.942482+00:00] WORKING 6a758946dcd672c874807b0f 📨 [INBOX] sirgreen share trello automation setup sirgreen 20260806
[2026-08-08T01:18:09.259522+00:00] COMPLETED 6a758946dcd672c874807b0f comment=True
[2026-08-08T01:18:54.268139+00:00] WORKING 6a758947bd13dbbd1036fccd 📨 [INBOX] sirgreen trello setup automation questions sirgreen 20260806
[2026-08-08T01:18:54.851460+00:00] COMPLETED 6a758947bd13dbbd1036fccd comment=True
[2026-08-08T01:19:39.856893+00:00] WORKING 6a7589300fc3534da52dddd0 📨 [INBOX] torus dashboard multistage push sirgreen 20260806
[2026-08-08T01:19:40.225338+00:00] BLOCKED 6a7589300fc3534da52dddd0 comment=True
[2026-08-08T01:20:25.233947+00:00] WORKING 6a738f523974a0974bb285b1 🔐 Store GitHub PAT in vault secrets
[2026-08-08T01:20:25.615038+00:00] BLOCKED 6a738f523974a0974bb285b1 comment=True
[2026-08-08T01:21:10.622754+00:00] WORKING 6a73bed4108ae9ed24d66457 🤖 Discord bot token + Torus Coffee server invite
[2026-08-08T01:21:11.061726+00:00] BLOCKED 6a73bed4108ae9ed24d66457 comment=True
[2026-08-08T01:21:56.069786+00:00] WORKING 6a75899de72bd0cf31beb36f Test Critical System Alert
[2026-08-08T01:21:56.595578+00:00] COMPLETED 6a75899de72bd0cf31beb36f comment=True
[2026-08-08T01:22:41.602499+00:00] WORKING 6a75897ba83a8991d4fa62c0 Build Obsidian vault watcher daemon
[2026-08-08T01:22:41.978047+00:00] COMPLETED 6a75897ba83a8991d4fa62c0 comment=True
[2026-08-08T01:23:26.985795+00:00] WORKING 6a758979784c7081f7ef5ff3 Build inventory dashboard widget
[2026-08-08T01:23:27.345081+00:00] COMPLETED 6a758979784c7081f7ef5ff3 comment=True
[2026-08-08T01:24:12.351729+00:00] WORKING 6a75898a2e530ff316871ff7 Miss Pink: build Discord bot for VOID Pirate server
[2026-08-08T01:24:12.691379+00:00] COMPLETED 6a75898a2e530ff316871ff7 comment=True
[2026-08-08T01:24:57.701969+00:00] WORKING 6a70f8ce24dcd595547c33c6 Setup Zapier account
[2026-08-08T01:24:58.037959+00:00] COMPLETED 6a70f8ce24dcd595547c33c6 comment=True
[2026-08-08T01:25:43.046688+00:00] WORKING 6a75890de46716eda3d00dfe 📋 Build OODA tasklist from Trello + Obsidian inbox
[2026-08-08T01:25:43.460633+00:00] COMPLETED 6a75890de46716eda3d00dfe comment=True
[2026-08-08T01:26:28.467948+00:00] WORKING 6a70f1b222a6bcea1ae81154 Create/verify TikTok account
[2026-08-08T01:26:28.859256+00:00] COMPLETED 6a70f1b222a6bcea1ae81154 comment=True
[2026-08-08T01:27:13.864334+00:00] WORKING 6a70a3509e558a293bbd1aa5 Pricing Sheet Update — Q4 Menu
[2026-08-08T01:27:14.205584+00:00] COMPLETED 6a70a3509e558a293bbd1aa5 comment=True
[2026-08-08T01:27:59.213422+00:00] WORKING 6a713b0e8c32f74a1db77099 Root layout updated
[2026-08-08T01:27:59.578283+00:00] COMPLETED 6a713b0e8c32f74a1db77099 comment=True
[2026-08-08T01:28:44.584550+00:00] WORKING 6a75bf3eee7e2cd1b2c9afe9 Sync Facebook business account with other social accounts
[2026-08-08T01:28:44.982380+00:00] BLOCKED 6a75bf3eee7e2cd1b2c9afe9 comment=True
[2026-08-08T01:29:29.987752+00:00] WORKING 6a712fa8b87992ca53526858 Track flea market sales in Revenue_Stream_Plan.md
[2026-08-08T01:29:30.345803+00:00] COMPLETED 6a712fa8b87992ca53526858 comment=True
[2026-08-08T01:30:15.351402+00:00] WORKING 6a712faa3770fa51827b7073 Track sponsorships/brand deals in Revenue_Stream_Plan.md
[2026-08-08T01:30:15.732929+00:00] COMPLETED 6a712faa3770fa51827b7073 comment=True
[2026-08-08T01:31:00.738612+00:00] WORKING 6a712fa9b9a2a4f8f045261c Track website orders in Revenue_Stream_Plan.md
[2026-08-08T01:31:01.092368+00:00] COMPLETED 6a712fa9b9a2a4f8f045261c comment=True
[2026-08-08T01:31:46.100158+00:00] WORKING 6a710d0f316fa756a26b179e Update X/Twitter profile photo and banner
[2026-08-08T01:31:46.482104+00:00] COMPLETED 6a710d0f316fa756a26b179e comment=True
[2026-08-08T01:32:31.488627+00:00] WORKING 6a7124327fade6e133c8a2cc Verify all 16 Task Scheduler jobs execute correctly
[2026-08-08T01:32:31.913054+00:00] COMPLETED 6a7124327fade6e133c8a2cc comment=True
[2026-08-08T01:33:16.920554+00:00] WORKING 6a741fc73041dff74dcbc651 ✅ IN PROGRESS: torus-website Next.js build fixed, Dockerfile created
[2026-08-08T01:33:17.263374+00:00] COMPLETED 6a741fc73041dff74dcbc651 comment=True
[2026-08-08T01:34:02.269852+00:00] WORKING 6a761b8e4d865d7d9382518f [TEST] Auto-sort verification: Sir Green queue test
[2026-08-08T01:34:02.671277+00:00] COMPLETED 6a761b8e4d865d7d9382518f comment=True
[2026-08-08T01:34:47.679451+00:00] WORKING 6a713b1005cf8432cd8035b4 Add product images
[2026-08-08T01:34:48.075776+00:00] BLOCKED 6a713b1005cf8432cd8035b4 comment=True
[2026-08-08T01:35:33.083781+00:00] WORKING 6a712433b3967cbd8bcac68b Add success/failure logging to Task Scheduler jobs
[2026-08-08T01:35:33.438825+00:00] BLOCKED 6a712433b3967cbd8bcac68b comment=True
[2026-08-08T01:36:18.445574+00:00] WORKING 6a715c001d8423b2a0988108 Finalize legal pages for review
[2026-08-08T01:36:18.802277+00:00] COMPLETED 6a715c001d8423b2a0988108 comment=True
[2026-08-08T01:37:03.809706+00:00] WORKING 6a70da7f61b451cfa8e0abd9 Review and finalize all brand assets
[2026-08-08T01:37:04.197686+00:00] COMPLETED 6a70da7f61b451cfa8e0abd9 comment=True
[2026-08-08T01:37:49.203617+00:00] WORKING 6a742528f39eb723b86ed54c [P1] Import QuickAdd macros from quickadd_macros.json into active data.json
[2026-08-08T01:37:49.526931+00:00] BLOCKED 6a742528f39eb723b86ed54c comment=True
[2026-08-08T01:38:34.534082+00:00] WORKING 6a74252aa4669a765afe7b1d [P2] Scan vault for broken wikilinks and duplicate names
[2026-08-08T01:38:34.837661+00:00] COMPLETED 6a74252aa4669a765afe7b1d comment=True
[2026-08-08T01:39:19.843456+00:00] WORKING 6a74a5f4d826bdb078119f3b 📨 [INBOX] sirgreen dashboard 502 regression sirgreen 20260806
[2026-08-08T01:39:20.203703+00:00] BLOCKED 6a74a5f4d826bdb078119f3b comment=True
[2026-08-08T01:40:05.212585+00:00] WORKING 6a71242c73bba0f679205c2f Add Buffer retry/error handling
[2026-08-08T01:40:05.568263+00:00] BLOCKED 6a71242c73bba0f679205c2f comment=True
[2026-08-08T01:40:50.573272+00:00] WORKING 6a713b0d23e2645c0b00cddd Contact page created
[2026-08-08T01:40:50.924498+00:00] BLOCKED 6a713b0d23e2645c0b00cddd comment=True
[2026-08-08T01:41:35.930797+00:00] WORKING 6a70c92da63c4219a335e3aa Create Brand Style Guide
[2026-08-08T01:41:36.353640+00:00] COMPLETED 6a70c92da63c4219a335e3aa comment=True
[2026-08-08T01:42:21.358892+00:00] WORKING 6a70fd63d0d5590389cf4398 Create Calendly account
[2026-08-08T01:42:21.719100+00:00] COMPLETED 6a70fd63d0d5590389cf4398 comment=True
[2026-08-08T01:43:06.726614+00:00] WORKING 6a70f3a59ea2bed14bffb2d8 Create Facebook verification guide
[2026-08-08T01:43:07.291638+00:00] COMPLETED 6a70f3a59ea2bed14bffb2d8 comment=True
[2026-08-08T01:43:52.298286+00:00] WORKING 6a710d0c194aceae34b21f51 Create LinkedIn company page: Torus Coffee Company LLC
[2026-08-08T01:43:52.623904+00:00] COMPLETED 6a710d0c194aceae34b21f51 comment=True
[2026-08-08T01:44:37.634377+00:00] WORKING 6a710d0b054d5707632b658a Create TikTok account @toruscoffeecompany
[2026-08-08T01:44:38.055496+00:00] COMPLETED 6a710d0b054d5707632b658a comment=True
[2026-08-08T01:45:23.060845+00:00] WORKING 6a70c92fa9e5c8da39d4bd02 Create Vendor Booth Backdrop Design
[2026-08-08T01:45:23.395654+00:00] COMPLETED 6a70c92fa9e5c8da39d4bd02 comment=True
[2026-08-08T01:46:08.403472+00:00] WORKING 6a70f8cb3533c87d44d546b6 Create Zapier integration guide
[2026-08-08T01:46:08.794775+00:00] COMPLETED 6a70f8cb3533c87d44d546b6 comment=True
[2026-08-08T01:46:53.802167+00:00] WORKING 6a71399acef27acfa0742c6b Created 3 missing stub scripts
[2026-08-08T01:46:54.178262+00:00] BLOCKED 6a71399acef27acfa0742c6b comment=True
[2026-08-08T01:47:39.185792+00:00] WORKING 6a713b0d0fb1e3197509db31 Legal pages created
[2026-08-08T01:47:39.516537+00:00] BLOCKED 6a713b0d0fb1e3197509db31 comment=True
[2026-08-08T01:48:24.523247+00:00] WORKING 6a710d119d1611288789675f Test Buffer scheduling with 1 post
[2026-08-08T01:48:24.914627+00:00] COMPLETED 6a710d119d1611288789675f comment=True
[2026-08-08T01:49:09.920565+00:00] WORKING 6a71398329acb03582813149 Test Card
[2026-08-08T01:49:10.251901+00:00] COMPLETED 6a71398329acb03582813149 comment=True
[2026-08-08T01:49:55.260298+00:00] WORKING 6a710d128612b8eae811dc74 Test HubSpot contact import
[2026-08-08T01:49:55.719824+00:00] COMPLETED 6a710d128612b8eae811dc74 comment=True
[2026-08-08T01:50:40.725845+00:00] WORKING 6a710d1125d6490ee7057a8f Test Zapier webhook end-to-end
[2026-08-08T01:50:41.359007+00:00] COMPLETED 6a710d1125d6490ee7057a8f comment=True
[2026-08-08T01:51:26.365359+00:00] WORKING 6a714fb9d84c90b29411e2ba Test order manager end-to-end
[2026-08-08T01:51:26.689380+00:00] COMPLETED 6a714fb9d84c90b29411e2ba comment=True
[2026-08-08T01:52:11.696321+00:00] WORKING 6a70f8d118bb4650352a010b Test webhook receiver
[2026-08-08T01:52:12.044662+00:00] COMPLETED 6a70f8d118bb4650352a010b comment=True
[2026-08-08T01:52:57.051580+00:00] WORKING 6a70dc3c5cd3fc4d731e3915 Amazon GTIN exemption
[2026-08-08T01:52:57.578318+00:00] BLOCKED 6a70dc3c5cd3fc4d731e3915 comment=True
[2026-08-08T01:53:42.584560+00:00] WORKING 6a70cc2afd0a5550cc79a8f5 Complete Brand Style Guide
[2026-08-08T01:53:43.021601+00:00] BLOCKED 6a70cc2afd0a5550cc79a8f5 comment=True
[2026-08-08T01:54:28.028809+00:00] WORKING 6a70c2e82e09b1a0974ab913 Draft vendor applications — Iowa City + Cedar Rapids + all markets
[2026-08-08T01:54:28.434848+00:00] COMPLETED 6a70c2e82e09b1a0974ab913 comment=True
[2026-08-08T01:55:13.441278+00:00] WORKING 6a70d706a87b229beb981d9c Email Signature Graphics - Sara Jane
[2026-08-08T01:55:13.841211+00:00] BLOCKED 6a70d706a87b229beb981d9c comment=True
[2026-08-08T01:55:58.852311+00:00] WORKING 6a70a3464a5ebd81c36c6ae0 Equipment Maintenance Schedule
[2026-08-08T01:55:59.227217+00:00] BLOCKED 6a70a3464a5ebd81c36c6ae0 comment=True
[2026-08-08T01:56:44.236396+00:00] WORKING 6a70da7db362387e490501eb Finalize email signatures for Gmail/Outlook
[2026-08-08T01:56:44.612082+00:00] COMPLETED 6a70da7db362387e490501eb comment=True
[2026-08-08T01:57:29.619003+00:00] WORKING 6a714aef36e57261521011fe Gmail spam filter verified
[2026-08-08T01:57:29.962324+00:00] BLOCKED 6a714aef36e57261521011fe comment=True
[2026-08-08T01:58:14.971355+00:00] WORKING 6a70a34710b8a23e38c01583 Hire Staff
[2026-08-08T01:58:15.317562+00:00] BLOCKED 6a70a34710b8a23e38c01583 comment=True
[2026-08-08T01:59:00.344044+00:00] WORKING 6a70dc38f4e27d15632b017a Iowa State Fair 2026 Application
[2026-08-08T01:59:00.708106+00:00] BLOCKED 6a70dc38f4e27d15632b017a comment=True
[2026-08-08T01:59:45.714054+00:00] WORKING 6a70a34706dee7f76c37476e Launch Email Marketing
[2026-08-08T01:59:46.053461+00:00] BLOCKED 6a70a34706dee7f76c37476e comment=True
[2026-08-08T02:00:31.059408+00:00] WORKING 6a70d708501c31fd40a2080e Orbit Cream Crunch Photo Set - ALL PHOTOS
[2026-08-08T02:00:31.859564+00:00] BLOCKED 6a70d708501c31fd40a2080e comment=True
[2026-08-08T02:01:16.866813+00:00] WORKING 6a70c928a958e047ece24d0b Product images — Apple Cinnamon Comets (TCC-ACC-115)
[2026-08-08T02:01:17.262863+00:00] BLOCKED 6a70c928a958e047ece24d0b comment=True
[2026-08-08T02:02:02.268207+00:00] WORKING 6a70c929e723e4e90f94da44 Product images — Aurora Berryalis (TCC-ARB-26)
[2026-08-08T02:02:02.596129+00:00] BLOCKED 6a70c929e723e4e90f94da44 comment=True
[2026-08-08T02:02:47.602450+00:00] WORKING 6a70c92bdddadbf13fd3ec0d Product images — Cosmic Bananas (TCC-CB-155)
[2026-08-08T02:02:48.042651+00:00] BLOCKED 6a70c92bdddadbf13fd3ec0d comment=True
[2026-08-08T02:03:33.050602+00:00] WORKING 6a70c928bc93eb271c7ae735 Product images — Orbit Cream Crunch (TCC-OCC-200)
[2026-08-08T02:03:33.439845+00:00] BLOCKED 6a70c928bc93eb271c7ae735 comment=True
[2026-08-08T02:04:18.445404+00:00] WORKING 6a70c929210ecc4a3cfe53bb Product images — Sour Aurora Bites (TCC-SAB-26)
[2026-08-08T02:04:18.931490+00:00] BLOCKED 6a70c929210ecc4a3cfe53bb comment=True
[2026-08-08T02:05:03.939464+00:00] WORKING 6a70a34dc63e3712a4959b98 QC Coffee Cupping — New Ethiopian Lot
[2026-08-08T02:05:04.397152+00:00] BLOCKED 6a70a34dc63e3712a4959b98 comment=True
[2026-08-08T02:05:49.404423+00:00] WORKING 6a71399dda9e0484be2cb86d Replaced os.popen with subprocess.run
[2026-08-08T02:05:49.741502+00:00] BLOCKED 6a71399dda9e0484be2cb86d comment=True
[2026-08-08T02:06:34.749893+00:00] WORKING 6a70f8d11c23b84460a50564 Schedule first week of social posts
[2026-08-08T02:06:35.118405+00:00] BLOCKED 6a70f8d11c23b84460a50564 comment=True
[2026-08-08T02:07:20.129981+00:00] WORKING 6a715f710f00a09c3ceb52f9 Set up Torus crew communications system
[2026-08-08T02:07:20.549138+00:00] BLOCKED 6a715f710f00a09c3ceb52f9 comment=True
[2026-08-08T02:08:05.556672+00:00] WORKING 6a714aee198366506a3b45ad Share code via Shared_With_Pink bridge
[2026-08-08T02:08:05.941747+00:00] BLOCKED 6a714aee198366506a3b45ad comment=True
[2026-08-08T02:08:50.948645+00:00] WORKING 6a70a34911ff089693e043e2 Staff Training Plan — Q4
[2026-08-08T02:08:51.275481+00:00] COMPLETED 6a70a34911ff089693e043e2 comment=True
[2026-08-08T02:09:36.282716+00:00] WORKING 6a70a3532fccce7d903765ff Vault Cleanup & Organization
[2026-08-08T02:09:36.639688+00:00] BLOCKED 6a70a3532fccce7d903765ff comment=True
[2026-08-08T02:10:21.647696+00:00] WORKING 6a742143059b59ffe6d2c68a [P2] TROUBLESHOOTING_GUIDE.md
[2026-08-08T02:10:22.005690+00:00] BLOCKED 6a742143059b59ffe6d2c68a comment=True
[2026-08-08T02:11:07.011335+00:00] WORKING 6a737d9b827ebbde4c405716 🔄 Execute OODA Cycle 140 tasks
[2026-08-08T02:11:07.393183+00:00] BLOCKED 6a737d9b827ebbde4c405716 comment=True
[2026-08-08T02:11:52.401554+00:00] WORKING 6a73e04a10d0cd5794e0f0c3 🔧 [P1] Post-boot: enable Hyper-V + WSL2 + Containers
[2026-08-08T02:11:52.718676+00:00] COMPLETED 6a73e04a10d0cd5794e0f0c3 comment=True
[2026-08-08T02:12:37.724710+00:00] WORKING 6a73e04924a4fc2d382bb859 🧠 [P1] Enable XMP/DOCP for Corsair 3200 RAM
[2026-08-08T02:12:38.034683+00:00] COMPLETED 6a73e04924a4fc2d382bb859 comment=True
[2026-08-08T02:13:23.041666+00:00] WORKING 6a71088ffaf8003fc0a68a19 Connect Buffer to Facebook + Twitter + Instagram
[2026-08-08T02:13:23.458593+00:00] BLOCKED 6a71088ffaf8003fc0a68a19 comment=True
[2026-08-08T02:14:08.466983+00:00] WORKING 6a70f8cf667828b0d8116214 Connect Zapier to Trello
[2026-08-08T02:14:08.777810+00:00] BLOCKED 6a70f8cf667828b0d8116214 comment=True
[2026-08-08T02:14:53.783695+00:00] WORKING 6a71089111eac7787a2f0ca0 Import vendor/customer contacts into HubSpot
[2026-08-08T02:14:54.092808+00:00] BLOCKED 6a71089111eac7787a2f0ca0 comment=True
[2026-08-08T02:15:39.099026+00:00] WORKING 6a710d1002e51f5dc12af585 Install HubSpot mobile app (optional)
[2026-08-08T02:15:39.463474+00:00] COMPLETED 6a710d1002e51f5dc12af585 comment=True
[2026-08-08T02:16:24.470617+00:00] WORKING 6a712bc273c4f5853e1985e6 Integrate HubSpot CRM into website
[2026-08-08T02:16:24.804402+00:00] BLOCKED 6a712bc273c4f5853e1985e6 comment=True
98b88c106927 Requires manual action or external access.
[2026-08-08T00:20:38.790077+00:00] WORKING 6a74c9687092a2d64af38d45 📞 Research: Free business phone/answering service setup
[2026-08-08T00:20:38.790257+00:00] SKIP_RETRY_LATER 6a74c9687092a2d64af38d45 Requires manual action or external access.
[2026-08-08T00:20:38.793634+00:00] WORKING 6a75892804fa658f4a1d29fa 📨 [INBOX] STATUS UPDATE MISS PINK BUILDING TORUS DOCKER CONTAINERS DASHBOARD 8089 AND YOUR ACTIONS 20260806T042400Z sirgreen.msg
[2026-08-08T00:20:38.793812+00:00] SKIP_RETRY_LATER 6a75892804fa658f4a1d29fa Requires manual action or external access.
[2026-08-08T00:20:38.796398+00:00] WORKING 6a758933b0bba34d34f69d65 📨 [INBOX] ooda plugin automation update sirgreen 20260806T0624Z
[2026-08-08T00:20:38.796551+00:00] SKIP_RETRY_LATER 6a758933b0bba34d34f69d65 Requires manual action or external access.
[2026-08-08T00:20:38.799101+00:00] WORKING 6a75894ee6538a4dae6cbecd 📨 [INBOX] sirgreen dashboard endpoints status sirgreen 20260806
[2026-08-08T00:20:38.799309+00:00] SKIP_RETRY_LATER 6a75894ee6538a4dae6cbecd Requires manual action or external access.
[2026-08-08T00:20:38.801979+00:00] WORKING 6a75893aff4bd4d8b2768a71 📨 [INBOX] verify claimed changes and asks sirgreen 20260806T0645Z
[2026-08-08T00:20:38.802126+00:00] SKIP_RETRY_LATER 6a75893aff4bd4d8b2768a71 Requires manual action or external access.
[2026-08-08T00:20:38.804683+00:00] WORKING 6a75893137f4e0714a23179c 📨 ooda plugin automation update sirgreen 20260806T0624Z
[2026-08-08T00:20:38.804864+00:00] SKIP_RETRY_LATER 6a75893137f4e0714a23179c Requires manual action or external access.
[2026-08-08T00:20:38.807529+00:00] WORKING 6a7589396e91985679185d83 📨 verify claimed changes and asks sirgreen 20260806T0645Z
[2026-08-08T00:20:38.807684+00:00] SKIP_RETRY_LATER 6a7589396e91985679185d83 Requires manual action or external access.
[2026-08-08T00:20:38.810226+00:00] WORKING 6a758966eb976286a02dc3d0 Test freeze-dried SOP in production
[2026-08-08T00:20:38.810374+00:00] SKIP_RETRY_LATER 6a758966eb976286a02dc3d0 Requires manual action or external access.
[2026-08-08T00:20:38.813030+00:00] WORKING 6a7589292e626a0cacace543 📨 [INBOX] TORUS FLEET LIVE ON PINKCADY DOCKER MESH STEPS AND DASHBOARD RETEST 20260806T031500Z sirgreen.msg
[2026-08-08T00:20:38.813213+00:00] SKIP_RETRY_LATER 6a7589292e626a0cacace543 Requires manual action or external access.
[2026-08-08T00:20:38.815986+00:00] WORKING 6a7589431523f0fa490f9d09 📨 [INBOX] pinkcady dashboard test commands sirgreen 20260806
[2026-08-08T00:20:38.816178+00:00] SKIP_RETRY_LATER 6a7589431523f0fa490f9d09 Requires manual action or external access.
[2026-08-08T00:20:38.818852+00:00] WORKING 6a7589103196cfb8339ed071 🔔 Build inbox-to-Trello/GitHub alert automation
[2026-08-08T00:20:39.131680+00:00] COMPLETED 6a7589103196cfb8339ed071 comment=True
[2026-08-08T00:21:24.157426+00:00] WORKING 6a70cc2c813f2eea45f37bec Create Product Photo tracking spreadsheet
[2026-08-08T00:21:24.157643+00:00] SKIP_RETRY_LATER 6a70cc2c813f2eea45f37bec Requires manual action or external access.
[2026-08-08T00:21:24.160336+00:00] WORKING 6a712fa7b5b7d143099f316a Create Revenue_Stream_Plan.md in 03_Financials
[2026-08-08T00:21:24.559926+00:00] COMPLETED 6a712fa7b5b7d143099f316a comment=True
[2026-08-08T00:22:09.582682+00:00] WORKING 6a75bf3eee7e2cd1b2c9afe9 Sync Facebook business account with other social accounts
[2026-08-08T00:22:09.582973+00:00] SKIP_RETRY_LATER 6a75bf3eee7e2cd1b2c9afe9 Requires manual action or external access.
[2026-08-08T00:22:09.586312+00:00] WORKING 6a71242fb7197bb4e02ae791 Test HubSpot deal creation/update
[2026-08-08T00:22:09.586466+00:00] SKIP_RETRY_LATER 6a71242fb7197bb4e02ae791 Requires manual action or external access.
[2026-08-08T00:22:09.589273+00:00] WORKING 6a712fa9bf02acbd07393f67 Track Amazon FBA/FBM sales in Revenue_Stream_Plan.md
[2026-08-08T00:22:09.589464+00:00] SKIP_RETRY_LATER 6a712fa9bf02acbd07393f67 Requires manual action or external access.
[2026-08-08T00:22:09.592842+00:00] WORKING 6a712fa8b87992ca53526858 Track flea market sales in Revenue_Stream_Plan.md
[2026-08-08T00:22:09.593019+00:00] SKIP_RETRY_LATER 6a712fa8b87992ca53526858 Requires manual action or external access.
[2026-08-08T00:22:09.596868+00:00] WORKING 6a712fabf7600ec68b50e1e3 Track local delivery revenue in Revenue_Stream_Plan.md
[2026-08-08T00:22:09.597045+00:00] SKIP_RETRY_LATER 6a712fabf7600ec68b50e1e3 Requires manual action or external access.
[2026-08-08T00:22:09.600167+00:00] WORKING 6a712faa3770fa51827b7073 Track sponsorships/brand deals in Revenue_Stream_Plan.md
[2026-08-08T00:22:09.600430+00:00] SKIP_RETRY_LATER 6a712faa3770fa51827b7073 Requires manual action or external access.
[2026-08-08T00:22:09.603646+00:00] WORKING 6a712faa0a49729bce0cb0a5 Track subscription box revenue in Revenue_Stream_Plan.md
[2026-08-08T00:22:09.603836+00:00] SKIP_RETRY_LATER 6a712faa0a49729bce0cb0a5 Requires manual action or external access.
[2026-08-08T00:22:09.606589+00:00] WORKING 6a712fa9b9a2a4f8f045261c Track website orders in Revenue_Stream_Plan.md
[2026-08-08T00:22:09.606776+00:00] SKIP_RETRY_LATER 6a712fa9b9a2a4f8f045261c Requires manual action or external access.
[2026-08-08T00:22:09.609659+00:00] WORKING 6a712fa8b1e5ac88066e2dbf Track wholesale accounts in Revenue_Stream_Plan.md
[2026-08-08T00:22:09.609792+00:00] SKIP_RETRY_LATER 6a712fa8b1e5ac88066e2dbf Requires manual action or external access.
[2026-08-08T00:22:09.612579+00:00] WORKING 6a710d0f316fa756a26b179e Update X/Twitter profile photo and banner
[2026-08-08T00:22:09.612738+00:00] SKIP_RETRY_LATER 6a710d0f316fa756a26b179e Requires manual action or external access.
[2026-08-08T00:22:09.615639+00:00] WORKING 6a70f3a95647e3d736bb9d81 Update X/Twitter profile/banner
[2026-08-08T00:22:09.615783+00:00] SKIP_RETRY_LATER 6a70f3a95647e3d736bb9d81 Requires manual action or external access.
[2026-08-08T00:22:09.618343+00:00] WORKING 6a7124327fade6e133c8a2cc Verify all 16 Task Scheduler jobs execute correctly
[2026-08-08T00:22:09.618480+00:00] SKIP_RETRY_LATER 6a7124327fade6e133c8a2cc Requires manual action or external access.
[2026-08-08T00:22:09.620996+00:00] WORKING 6a7425296ba4d189552269e9 [P2] Verify all Windows Task Scheduler jobs point to real scripts
[2026-08-08T00:22:09.621177+00:00] SKIP_RETRY_LATER 6a7425296ba4d189552269e9 Requires manual action or external access.
[2026-08-08T00:22:09.623563+00:00] WORKING 6a741fc73041dff74dcbc651 ✅ IN PROGRESS: torus-website Next.js build fixed, Dockerfile created
[2026-08-08T00:22:09.623716+00:00] SKIP_RETRY_LATER 6a741fc73041dff74dcbc651 Requires manual action or external access.
[2026-08-08T00:22:09.626235+00:00] WORKING 6a737f7fc40b5a5f65ec562b 🧪 Verify OODA loop traceback logging + runtime stability
[2026-08-08T00:22:09.626377+00:00] SKIP_RETRY_LATER 6a737f7fc40b5a5f65ec562b Requires manual action or external access.
[2026-08-08T00:22:09.628960+00:00] WORKING 6a761b8e4d865d7d9382518f [TEST] Auto-sort verification: Sir Green queue test
[2026-08-08T00:22:09.629098+00:00] SKIP_RETRY_LATER 6a761b8e4d865d7d9382518f Requires manual action or external access.
[2026-08-08T00:22:09.631959+00:00] WORKING 6a713b1071e6fea36475b9dc Add Google Analytics
[2026-08-08T00:22:09.632159+00:00] SKIP_RETRY_LATER 6a713b1071e6fea36475b9dc Requires manual action or external access.
[2026-08-08T00:22:09.634930+00:00] WORKING 6a713b1005cf8432cd8035b4 Add product images
[2026-08-08T00:22:09.635072+00:00] SKIP_RETRY_LATER 6a713b1005cf8432cd8035b4 Requires manual action or external access.
[2026-08-08T00:22:09.638238+00:00] WORKING 6a712432080a953558b00fcd Add retry logic and error handling to all scripts
[2026-08-08T00:22:09.638425+00:00] SKIP_RETRY_LATER 6a712432080a953558b00fcd Requires manual action or external access.
[2026-08-08T00:22:09.641493+00:00] WORKING 6a712433b3967cbd8bcac68b Add success/failure logging to Task Scheduler jobs
[2026-08-08T00:22:09.641694+00:00] SKIP_RETRY_LATER 6a712433b3967cbd8bcac68b Requires manual action or external access.
[2026-08-08T00:22:09.645431+00:00] WORKING 6a71399cebf904e6b201dae9 Added requirements.txt for venv
[2026-08-08T00:22:09.645571+00:00] SKIP_RETRY_LATER 6a71399cebf904e6b201dae9 Requires manual action or external access.
[2026-08-08T00:22:09.648050+00:00] WORKING 6a715c001d8423b2a0988108 Finalize legal pages for review
[2026-08-08T00:22:09.648184+00:00] SKIP_RETRY_LATER 6a715c001d8423b2a0988108 Requires manual action or external access.
[2026-08-08T00:22:09.650673+00:00] WORKING 6a71088de3dde89e2bc01b0d Fix Task Scheduler jobs to use C:\Python314
[2026-08-08T00:22:09.650814+00:00] SKIP_RETRY_LATER 6a71088de3dde89e2bc01b0d Requires manual action or external access.
[2026-08-08T00:22:09.653395+00:00] WORKING 6a70da7f61b451cfa8e0abd9 Review and finalize all brand assets
[2026-08-08T00:22:09.653585+00:00] SKIP_RETRY_LATER 6a70da7f61b451cfa8e0abd9 Requires manual action or external access.
[2026-08-08T00:22:09.656800+00:00] WORKING 6a714fbba57781472bf136b6 Review legal pages
[2026-08-08T00:22:09.656966+00:00] SKIP_RETRY_LATER 6a714fbba57781472bf136b6 Requires manual action or external access.
[2026-08-08T00:22:09.660523+00:00] WORKING 6a742528f39eb723b86ed54c [P1] Import QuickAdd macros from quickadd_macros.json into active data.json
[2026-08-08T00:22:09.660706+00:00] SKIP_RETRY_LATER 6a742528f39eb723b86ed54c Requires manual action or external access.
[2026-08-08T00:22:09.664383+00:00] WORKING 6a742529ef011b6da7537444 [P2] Fix Templater + Periodic Notes template paths
[2026-08-08T00:22:09.664555+00:00] SKIP_RETRY_LATER 6a742529ef011b6da7537444 Requires manual action or external access.
[2026-08-08T00:22:09.668134+00:00] WORKING 6a74252aa4669a765afe7b1d [P2] Scan vault for broken wikilinks and duplicate names
[2026-08-08T00:22:09.668298+00:00] SKIP_RETRY_LATER 6a74252aa4669a765afe7b1d Requires manual action or external access.
[2026-08-08T00:22:09.670893+00:00] WORKING 6a73e04a2c2bbdf27b302dfe ⚡ [P2] Precision Boost Overdrive / Curve Optimizer
[2026-08-08T00:22:09.671041+00:00] SKIP_RETRY_LATER 6a73e04a2c2bbdf27b302dfe Requires manual action or external access.
[2026-08-08T00:22:09.673799+00:00] WORKING 6a74a5f4d826bdb078119f3b 📨 [INBOX] sirgreen dashboard 502 regression sirgreen 20260806
[2026-08-08T00:22:09.673986+00:00] SKIP_RETRY_LATER 6a74a5f4d826bdb078119f3b Requires manual action or external access.
[2026-08-08T00:22:09.676984+00:00] WORKING 6a74af3a25f666660d8c180e 📨 [INBOX] sirgreen dashboard 502 second regression sirgreen 20260806
[2026-08-08T00:22:09.677198+00:00] SKIP_RETRY_LATER 6a74af3a25f666660d8c180e Requires manual action or external access.
[2026-08-08T00:22:09.680671+00:00] WORKING 6a71242c73bba0f679205c2f Add Buffer retry/error handling
[2026-08-08T00:22:09.680960+00:00] SKIP_RETRY_LATER 6a71242c73bba0f679205c2f Requires manual action or external access.
[2026-08-08T00:22:09.684961+00:00] WORKING 6a713b0defc24984d5e001fa About page created
[2026-08-08T00:22:09.685144+00:00] SKIP_RETRY_LATER 6a713b0defc24984d5e001fa Requires manual action or external access.
[2026-08-08T00:22:09.689217+00:00] WORKING 6a713b0d23e2645c0b00cddd Contact page created
[2026-08-08T00:22:09.689636+00:00] SKIP_RETRY_LATER 6a713b0d23e2645c0b00cddd Requires manual action or external access.
[2026-08-08T00:22:09.694240+00:00] WORKING 6a710d0ffd0a320344aa32e1 Convert Instagram @glvwriter to business OR create @toruscoffeecompany
[2026-08-08T00:22:09.694448+00:00] SKIP_RETRY_LATER 6a710d0ffd0a320344aa32e1 Requires manual action or external access.
[2026-08-08T00:22:09.698609+00:00] WORKING 6a70c92da63c4219a335e3aa Create Brand Style Guide
[2026-08-08T00:22:09.698956+00:00] SKIP_RETRY_LATER 6a70c92da63c4219a335e3aa Requires manual action or external access.
[2026-08-08T00:22:09.703184+00:00] WORKING 6a70fd603fca14ff8b43d1a5 Create Buffer account
[2026-08-08T00:22:09.703505+00:00] SKIP_RETRY_LATER 6a70fd603fca14ff8b43d1a5 Requires manual action or external access.
[2026-08-08T00:22:09.707477+00:00] WORKING 6a70fd63d0d5590389cf4398 Create Calendly account
[2026-08-08T00:22:09.707829+00:00] SKIP_RETRY_LATER 6a70fd63d0d5590389cf4398 Requires manual action or external access.
[2026-08-08T00:22:09.712478+00:00] WORKING 6a70c92f633aab641f597f6f Create Email Signature Graphics
[2026-08-08T00:22:09.712864+00:00] SKIP_RETRY_LATER 6a70c92f633aab641f597f6f Requires manual action or external access.
[2026-08-08T00:22:09.716734+00:00] WORKING 6a70f3a59ea2bed14bffb2d8 Create Facebook verification guide
[2026-08-08T00:22:09.717076+00:00] SKIP_RETRY_LATER 6a70f3a59ea2bed14bffb2d8 Requires manual action or external access.
[2026-08-08T00:22:09.721249+00:00] WORKING 6a70fd5f36d61f648be9359c Create Free_Tools_Reference.md with all findings
[2026-08-08T00:22:10.086760+00:00] COMPLETED 6a70fd5f36d61f648be9359c comment=True
[2026-08-08T00:22:55.112046+00:00] WORKING 6a740381c3a44cf1d463dcf8 📨 ACK TORUS FLEET LIVE PLUGIN AUDIT AND DASHBOARD RETEST STILL NEEDED 20260806T031500Z sirgreen.msg
[2026-08-08T00:22:55.112258+00:00] SKIP_RETRY_LATER 6a740381c3a44cf1d463dcf8 Requires manual action or external access.
[2026-08-08T00:22:55.115236+00:00] WORKING 6a710d119d1611288789675f Test Buffer scheduling with 1 post
[2026-08-08T00:22:55.115382+00:00] SKIP_RETRY_LATER 6a710d119d1611288789675f Requires manual action or external access.
[2026-08-08T00:22:55.118203+00:00] WORKING 6a71242b353146d037a7b9d7 Test Buffer scheduling with real post
[2026-08-08T00:22:55.118396+00:00] SKIP_RETRY_LATER 6a71242b353146d037a7b9d7 Requires manual action or external access.
[2026-08-08T00:22:55.121256+00:00] WORKING 6a71398329acb03582813149 Test Card
[2026-08-08T00:22:55.121432+00:00] SKIP_RETRY_LATER 6a71398329acb03582813149 Requires manual action or external access.
[2026-08-08T00:22:55.124340+00:00] WORKING 6a71242e5f35dafee7b9f6c8 Test HubSpot contact creation via API
[2026-08-08T00:22:55.124500+00:00] SKIP_RETRY_LATER 6a71242e5f35dafee7b9f6c8 Requires manual action or external access.
[2026-08-08T00:22:55.127711+00:00] WORKING 6a710d128612b8eae811dc74 Test HubSpot contact import
[2026-08-08T00:22:55.127926+00:00] SKIP_RETRY_LATER 6a710d128612b8eae811dc74 Requires manual action or external access.
[2026-08-08T00:22:55.130726+00:00] WORKING 6a710d1234ff949e11f9bfcb Test Meta Business Suite scheduling
[2026-08-08T00:22:55.130889+00:00] SKIP_RETRY_LATER 6a710d1234ff949e11f9bfcb Requires manual action or external access.
[2026-08-08T00:22:55.133533+00:00] WORKING 6a710d1125d6490ee7057a8f Test Zapier webhook end-to-end
[2026-08-08T00:22:55.133688+00:00] SKIP_RETRY_LATER 6a710d1125d6490ee7057a8f Requires manual action or external access.
[2026-08-08T00:22:55.136373+00:00] WORKING 6a71242cde079c5bc0e77f1a Test Zapier webhook end-to-end with sample payload
[2026-08-08T00:22:55.136545+00:00] SKIP_RETRY_LATER 6a71242cde079c5bc0e77f1a Requires manual action or external access.
[2026-08-08T00:22:55.139105+00:00] WORKING 6a714fb9d84c90b29411e2ba Test order manager end-to-end
[2026-08-08T00:22:55.139283+00:00] SKIP_RETRY_LATER 6a714fb9d84c90b29411e2ba Requires manual action or external access.
[2026-08-08T00:22:55.142281+00:00] WORKING 6a71399ecb5c7a6a2fbb6aa7 Test suite: 10/10 PASS (100%)
[2026-08-08T00:22:55.142480+00:00] SKIP_RETRY_LATER 6a71399ecb5c7a6a2fbb6aa7 Requires manual action or external access.
[2026-08-08T00:22:55.145248+00:00] WORKING 6a70f8d118bb4650352a010b Test webhook receiver
[2026-08-08T00:22:55.145426+00:00] SKIP_RETRY_LATER 6a70f8d118bb4650352a010b Requires manual action or external access.
[2026-08-08T00:22:55.148323+00:00] WORKING 6a74c96b03e085cc334229ce 🧪 Test call flow: GV -> wife cell -> voicemail -> transcription
[2026-08-08T00:22:55.148539+00:00] SKIP_RETRY_LATER 6a74c96b03e085cc334229ce Requires manual action or external access.
[2026-08-08T00:22:55.151638+00:00] WORKING 6a70dc3c5cd3fc4d731e3915 Amazon GTIN exemption
[2026-08-08T00:22:55.151831+00:00] SKIP_RETRY_LATER 6a70dc3c5cd3fc4d731e3915 Requires manual action or external access.
[2026-08-08T00:22:55.154806+00:00] WORKING 6a70d70788d98bbf077e9c8e Aurora Bites Photo Set - Complete Missing
[2026-08-08T00:22:55.154981+00:00] SKIP_RETRY_LATER 6a70d70788d98bbf077e9c8e Requires manual action or external access.
[2026-08-08T00:22:55.158566+00:00] WORKING 6a70cc2afd0a5550cc79a8f5 Complete Brand Style Guide
[2026-08-08T00:22:55.158718+00:00] SKIP_RETRY_LATER 6a70cc2afd0a5550cc79a8f5 Requires manual action or external access.
[2026-08-08T00:22:55.161598+00:00] WORKING 6a70a34d62d923fbb7007d01 Customer Order Fulfillment — July Batch
[2026-08-08T00:22:55.161834+00:00] SKIP_RETRY_LATER 6a70a34d62d923fbb7007d01 Requires manual action or external access.
[2026-08-08T00:22:55.165285+00:00] WORKING 6a70c2e82e09b1a0974ab913 Draft vendor applications — Iowa City + Cedar Rapids + all markets
[2026-08-08T00:22:55.165476+00:00] SKIP_RETRY_LATER 6a70c2e82e09b1a0974ab913 Requires manual action or external access.
[2026-08-08T00:22:55.168727+00:00] WORKING 6a70d70613fdbf67f920df70 Email Signature Graphics - Miss Pink
[2026-08-08T00:22:55.168929+00:00] SKIP_RETRY_LATER 6a70d70613fdbf67f920df70 Requires manual action or external access.
[2026-08-08T00:22:55.172691+00:00] WORKING 6a70d706a87b229beb981d9c Email Signature Graphics - Sara Jane
[2026-08-08T00:22:55.172892+00:00] SKIP_RETRY_LATER 6a70d706a87b229beb981d9c Requires manual action or external access.
[2026-08-08T00:22:55.175995+00:00] WORKING 6a715f7223aa117f6248b4ed End-to-end verification of all Torus systems
[2026-08-08T00:22:55.176214+00:00] SKIP_RETRY_LATER 6a715f7223aa117f6248b4ed Requires manual action or external access.
[2026-08-08T00:22:55.179126+00:00] WORKING 6a70a3464a5ebd81c36c6ae0 Equipment Maintenance Schedule
[2026-08-08T00:22:55.179274+00:00] SKIP_RETRY_LATER 6a70a3464a5ebd81c36c6ae0 Requires manual action or external access.
[2026-08-08T00:22:55.182109+00:00] WORKING 6a751520d659623cb7fd81a8 File Iowa state taxes — GovConnectIowa (monthly reminder)
[2026-08-08T00:22:55.182286+00:00] SKIP_RETRY_LATER 6a751520d659623cb7fd81a8 Requires manual action or external access.
[2026-08-08T00:22:55.185378+00:00] WORKING 6a70da7db362387e490501eb Finalize email signatures for Gmail/Outlook
[2026-08-08T00:22:55.185549+00:00] SKIP_RETRY_LATER 6a70da7db362387e490501eb Requires manual action or external access.
[2026-08-08T00:22:55.188972+00:00] WORKING 6a70dc3a3f6cebc0d3940f6c Finalize vendor applications
[2026-08-08T00:22:55.189128+00:00] SKIP_RETRY_LATER 6a70dc3a3f6cebc0d3940f6c Requires manual action or external access.
[2026-08-08T00:22:55.192098+00:00] WORKING 6a714aef36e57261521011fe Gmail spam filter verified
[2026-08-08T00:22:55.192285+00:00] SKIP_RETRY_LATER 6a714aef36e57261521011fe Requires manual action or external access.
[2026-08-08T00:22:55.195366+00:00] WORKING 6a713ee3d922b64ac4f030a4 Gordon identity discovered: AI Quartermaster
[2026-08-08T00:22:55.195549+00:00] SKIP_RETRY_LATER 6a713ee3d922b64ac4f030a4 Requires manual action or external access.
[2026-08-08T00:22:55.198345+00:00] WORKING 6a70a34710b8a23e38c01583 Hire Staff
[2026-08-08T00:22:55.198522+00:00] SKIP_RETRY_LATER 6a70a34710b8a23e38c01583 Requires manual action or external access.
[2026-08-08T00:22:55.201651+00:00] WORKING 6a710d117fd7bf22e52dfdcf Install Meta Business Suite app (optional)
[2026-08-08T00:22:55.201809+00:00] SKIP_RETRY_LATER 6a710d117fd7bf22e52dfdcf Requires manual action or external access.
[2026-08-08T00:22:55.206283+00:00] WORKING 6a70dc38f4e27d15632b017a Iowa State Fair 2026 Application
[2026-08-08T00:22:55.206461+00:00] SKIP_RETRY_LATER 6a70dc38f4e27d15632b017a Requires manual action or external access.
[2026-08-08T00:22:55.209340+00:00] WORKING 6a70a352bdeba243777cf69b June Payroll Processing
[2026-08-08T00:22:55.209529+00:00] SKIP_RETRY_LATER 6a70a352bdeba243777cf69b Requires manual action or external access.
[2026-08-08T00:22:55.212478+00:00] WORKING 6a70a34706dee7f76c37476e Launch Email Marketing
[2026-08-08T00:22:55.212622+00:00] SKIP_RETRY_LATER 6a70a34706dee7f76c37476e Requires manual action or external access.
[2026-08-08T00:22:55.215271+00:00] WORKING 6a70a3484d662eadb7d73be1 Lease Commercial Space
[2026-08-08T00:22:55.215471+00:00] SKIP_RETRY_LATER 6a70a3484d662eadb7d73be1 Requires manual action or external access.
[2026-08-08T00:22:55.218491+00:00] WORKING 6a70d708501c31fd40a2080e Orbit Cream Crunch Photo Set - ALL PHOTOS
[2026-08-08T00:22:55.218632+00:00] SKIP_RETRY_LATER 6a70d708501c31fd40a2080e Requires manual action or external access.
[2026-08-08T00:22:55.221350+00:00] WORKING 6a70cc2b4e8f1d0ad4bb8d6b Organize existing product photos into vault
[2026-08-08T00:22:55.221503+00:00] SKIP_RETRY_LATER 6a70cc2b4e8f1d0ad4bb8d6b Requires manual action or external access.
[2026-08-08T00:22:55.224483+00:00] WORKING 6a70c928a958e047ece24d0b Product images — Apple Cinnamon Comets (TCC-ACC-115)
[2026-08-08T00:22:55.224701+00:00] SKIP_RETRY_LATER 6a70c928a958e047ece24d0b Requires manual action or external access.
[2026-08-08T00:22:55.228738+00:00] WORKING 6a70c92c96bc4a26639b681f Product images — Apple Zephyr Chips (TCC-AZC-115)
[2026-08-08T00:22:55.229018+00:00] SKIP_RETRY_LATER 6a70c92c96bc4a26639b681f Requires manual action or external access.
[2026-08-08T00:22:55.235132+00:00] WORKING 6a70c929e723e4e90f94da44 Product images — Aurora Berryalis (TCC-ARB-26)
[2026-08-08T00:22:55.235362+00:00] SKIP_RETRY_LATER 6a70c929e723e4e90f94da44 Requires manual action or external access.
[2026-08-08T00:22:55.239987+00:00] WORKING 6a70c92b0db3cff4cd93a2d0 Product images — Aurora Bites (TCC-AB-26)
[2026-08-08T00:22:55.240214+00:00] SKIP_RETRY_LATER 6a70c92b0db3cff4cd93a2d0 Requires manual action or external access.
[2026-08-08T00:22:55.245355+00:00] WORKING 6a70c92bdddadbf13fd3ec0d Product images — Cosmic Bananas (TCC-CB-155)
[2026-08-08T00:22:55.245686+00:00] SKIP_RETRY_LATER 6a70c92bdddadbf13fd3ec0d Requires manual action or external access.
[2026-08-08T00:22:55.250780+00:00] WORKING 6a70c927f4468b0587d2a6df Product images — Neapolitan Orbit Cream Crunch (TCC-NOCC-200)
[2026-08-08T00:22:55.251267+00:00] SKIP_RETRY_LATER 6a70c927f4468b0587d2a6df Requires manual action or external access.
[2026-08-08T00:22:55.255625+00:00] WORKING 6a70c928bc93eb271c7ae735 Product images — Orbit Cream Crunch (TCC-OCC-200)
[2026-08-08T00:22:55.255947+00:00] SKIP_RETRY_LATER 6a70c928bc93eb271c7ae735 Requires manual action or external access.
[2026-08-08T00:22:55.261463+00:00] WORKING 6a70c92a45c5fbc4b69417ab Product images — Solar Strawberries (TCC-SS-05)
[2026-08-08T00:22:55.261675+00:00] SKIP_RETRY_LATER 6a70c92a45c5fbc4b69417ab Requires manual action or external access.
[2026-08-08T00:22:55.266698+00:00] WORKING 6a70c929210ecc4a3cfe53bb Product images — Sour Aurora Bites (TCC-SAB-26)
[2026-08-08T00:22:55.267162+00:00] SKIP_RETRY_LATER 6a70c929210ecc4a3cfe53bb Requires manual action or external access.
[2026-08-08T00:22:55.271278+00:00] WORKING 6a70c9283ce88eda267142c5 Product images — Star-Dusted Banana Crunch (TCC-SDB-115)
[2026-08-08T00:22:55.271504+00:00] SKIP_RETRY_LATER 6a70c9283ce88eda267142c5 Requires manual action or external access.
[2026-08-08T00:22:55.275915+00:00] WORKING 6a70a34dc63e3712a4959b98 QC Coffee Cupping — New Ethiopian Lot
[2026-08-08T00:22:55.276318+00:00] SKIP_RETRY_LATER 6a70a34dc63e3712a4959b98 Requires manual action or external access.
[2026-08-08T00:22:55.280961+00:00] WORKING 6a71088c68341b4e6174adaa Repair C:\Python314\python.exe install
[2026-08-08T00:22:55.281266+00:00] SKIP_RETRY_LATER 6a71088c68341b4e6174adaa Requires manual action or external access.
[2026-08-08T00:22:55.285746+00:00] WORKING 6a71399dda9e0484be2cb86d Replaced os.popen with subprocess.run
[2026-08-08T00:22:55.286012+00:00] SKIP_RETRY_LATER 6a71399dda9e0484be2cb86d Requires manual action or external access.
[2026-08-08T00:22:55.290953+00:00] WORKING 6a70a34a55c66e3104697b64 Run Batch — Cold Brew Reserve
[2026-08-08T00:22:55.291224+00:00] SKIP_RETRY_LATER 6a70a34a55c66e3104697b64 Requires manual action or external access.
[2026-08-08T00:22:55.296403+00:00] WORKING 6a70f8d11c23b84460a50564 Schedule first week of social posts
[2026-08-08T00:22:55.296629+00:00] SKIP_RETRY_LATER 6a70f8d11c23b84460a50564 Requires manual action or external access.
[2026-08-08T00:22:55.300856+00:00] WORKING 6a70da7ebb27e2061e6d0d33 Send vendor pricing sheet to markets
[2026-08-08T00:22:55.301086+00:00] SKIP_RETRY_LATER 6a70da7ebb27e2061e6d0d33 Requires manual action or external access.
[2026-08-08T00:22:55.304791+00:00] WORKING 6a715f710f00a09c3ceb52f9 Set up Torus crew communications system
[2026-08-08T00:22:55.304983+00:00] SKIP_RETRY_LATER 6a715f710f00a09c3ceb52f9 Requires manual action or external access.
[2026-08-08T00:22:55.308806+00:00] WORKING 6a715c0371fe26b9eb72983d Set up Wave Accounting
[2026-08-08T00:22:55.309045+00:00] SKIP_RETRY_LATER 6a715c0371fe26b9eb72983d Requires manual action or external access.
[2026-08-08T00:22:55.313007+00:00] WORKING 6a714aee198366506a3b45ad Share code via Shared_With_Pink bridge
[2026-08-08T00:22:55.313299+00:00] SKIP_RETRY_LATER 6a714aee198366506a3b45ad Requires manual action or external access.
[2026-08-08T00:22:55.316929+00:00] WORKING 6a70d708c1a72f0f064d8e3d Sour Aurora Bites Photo Set - Complete Missing
[2026-08-08T00:22:55.317138+00:00] SKIP_RETRY_LATER 6a70d708c1a72f0f064d8e3d Requires manual action or external access.
[2026-08-08T00:22:55.320117+00:00] WORKING 6a70a34911ff089693e043e2 Staff Training Plan — Q4
[2026-08-08T00:22:55.320299+00:00] SKIP_RETRY_LATER 6a70a34911ff089693e043e2 Requires manual action or external access.
[2026-08-08T00:22:55.323157+00:00] WORKING 6a70a349556e13858649d988 Supplier Contract Renewal — Green Coffee Imports
[2026-08-08T00:22:55.323307+00:00] SKIP_RETRY_LATER 6a70a349556e13858649d988 Requires manual action or external access.
[2026-08-08T00:22:55.326192+00:00] WORKING 6a70a3532fccce7d903765ff Vault Cleanup & Organization
[2026-08-08T00:22:55.326328+00:00] SKIP_RETRY_LATER 6a70a3532fccce7d903765ff Requires manual action or external access.
[2026-08-08T00:22:55.328993+00:00] WORKING 6a70da79f9c343975b0d70a8 Vendor Pricing Sheet - Complete
[2026-08-08T00:22:55.329133+00:00] SKIP_RETRY_LATER 6a70da79f9c343975b0d70a8 Requires manual action or external access.
[2026-08-08T00:22:55.331970+00:00] WORKING 6a742143059b59ffe6d2c68a [P2] TROUBLESHOOTING_GUIDE.md
[2026-08-08T00:22:55.332180+00:00] SKIP_RETRY_LATER 6a742143059b59ffe6d2c68a Requires manual action or external access.
[2026-08-08T00:22:55.335054+00:00] WORKING 6a73f5a03041dff74d8e234f 📨 RE PINKCADY BIOS SVM XMP STEPS 20260806T011500Z misspink.msg
[2026-08-08T00:22:55.335241+00:00] SKIP_RETRY_LATER 6a73f5a03041dff74d8e234f Requires manual action or external access.
[2026-08-08T00:22:55.338259+00:00] WORKING 6a737d9b827ebbde4c405716 🔄 Execute OODA Cycle 140 tasks
[2026-08-08T00:22:55.338520+00:00] SKIP_RETRY_LATER 6a737d9b827ebbde4c405716 Requires manual action or external access.
[2026-08-08T00:22:55.341512+00:00] WORKING 6a73c24d93a43a89e3cd58f1 🔒 Admin elevation required for choco install on PINKCADY
[2026-08-08T00:22:55.341722+00:00] SKIP_RETRY_LATER 6a73c24d93a43a89e3cd58f1 Requires manual action or external access.
[2026-08-08T00:22:55.345241+00:00] WORKING 6a73e04a10d0cd5794e0f0c3 🔧 [P1] Post-boot: enable Hyper-V + WSL2 + Containers
[2026-08-08T00:22:55.345424+00:00] SKIP_RETRY_LATER 6a73e04a10d0cd5794e0f0c3 Requires manual action or external access.
[2026-08-08T00:22:55.348310+00:00] WORKING 6a73e048bcd17a1224a23f1c 🖥️ [P1] Reboot PINKCADY + enable SVM Mode in BIOS
[2026-08-08T00:22:55.348463+00:00] SKIP_RETRY_LATER 6a73e048bcd17a1224a23f1c Requires manual action or external access.
[2026-08-08T00:22:55.351019+00:00] WORKING 6a73e04924a4fc2d382bb859 🧠 [P1] Enable XMP/DOCP for Corsair 3200 RAM
[2026-08-08T00:22:55.351197+00:00] SKIP_RETRY_LATER 6a73e04924a4fc2d382bb859 Requires manual action or external access.
[2026-08-08T00:22:55.354002+00:00] WORKING 6a737f7c8fab91fbb60889a2 🧹 Clean duplicate sections in 00_Vault_Home.md
[2026-08-08T00:22:55.828164+00:00] COMPLETED 6a737f7c8fab91fbb60889a2 comment=True
[2026-08-08T00:23:40.833872+00:00] WORKING 6a71088ffaf8003fc0a68a19 Connect Buffer to Facebook + Twitter + Instagram
[2026-08-08T00:23:41.203355+00:00] BLOCKED 6a71088ffaf8003fc0a68a19 comment=True
[2026-08-08T00:24:26.225937+00:00] WORKING 6a70f8cf667828b0d8116214 Connect Zapier to Trello
[2026-08-08T00:24:26.585776+00:00] BLOCKED 6a70f8cf667828b0d8116214 comment=True
[2026-08-08T00:25:11.603644+00:00] WORKING 6a71089111eac7787a2f0ca0 Import vendor/customer contacts into HubSpot
[2026-08-08T00:25:11.933231+00:00] BLOCKED 6a71089111eac7787a2f0ca0 comment=True
[2026-08-08T00:25:56.953154+00:00] WORKING 6a712bc042b16192a0e67f22 Integrate Buffer API into website
[2026-08-08T00:25:57.278236+00:00] BLOCKED 6a712bc042b16192a0e67f22 comment=True
[2026-08-08T00:26:42.295847+00:00] WORKING 6a712bc288b7b8dc510594e1 Integrate Zapier webhook into website
[2026-08-08T00:26:42.640827+00:00] BLOCKED 6a712bc288b7b8dc510594e1 comment=True
[2026-08-08T00:27:27.667255+00:00] WORKING 6a758914570bb5e64769122a 📨 [INBOX] STATUS UPDATE DASHBOARD 8080 FIXED PLUGIN AUDIT PENDING AND DISCORD TOKEN BLOCKER 20260806T024500Z sirgreen.msg
[2026-08-08T00:27:27.667636+00:00] SKIP_RETRY_LATER 6a758914570bb5e64769122a Requires manual action or external access.
[2026-08-08T00:27:27.670315+00:00] WORKING 6a71b462b21cd08f9f3f6eb9 Master OODA Execution Tasklist — P0-P3
[2026-08-08T00:27:27.670481+00:00] SKIP_RETRY_LATER 6a71b462b21cd08f9f3f6eb9 Requires manual action or external access.
[2026-08-08T00:27:27.673170+00:00] WORKING 6a7499631c1a36043e1059e2 [P1] Sir Green: add /api/security-docs route to dashboard_server.py
[2026-08-08T00:27:27.673355+00:00] SKIP_RETRY_LATER 6a7499631c1a36043e1059e2 Requires manual action or external access.
[2026-08-08T00:27:27.675711+00:00] WORKING 6a712bc79bc50687e977187a Deploy website to free hosting
[2026-08-08T00:27:27.675853+00:00] SKIP_RETRY_LATER 6a712bc79bc50687e977187a Requires manual action or external access.
[2026-08-08T00:27:27.678232+00:00] WORKING 6a762813839d409994d663e5 torus-inventory deployment blocked
[2026-08-08T00:27:27.678390+00:00] SKIP_RETRY_LATER 6a762813839d409994d663e5 Requires manual action or external access.
[2026-08-08T00:27:27.680696+00:00] WORKING 6a762819694f94ec8ae35ba5 📨 ALERT ROUTER REPO EXISTS BUT SQUIDSTATION LACKS WRITE PERMISSION 20260806T042900Z sirgreen.msg
[2026-08-08T00:27:27.680884+00:00] SKIP_RETRY_LATER 6a762819694f94ec8ae35ba5 Requires manual action or external access.
[2026-08-08T00:27:27.683628+00:00] WORKING 6a76281c1833984386f186a9 📨 CODING ORDER DOCKER HUB WRITE ACCESS FOR ALERT ROUTER 20260806T051400Z sirgreen.msg
[2026-08-08T00:27:27.683802+00:00] SKIP_RETRY_LATER 6a76281c1833984386f186a9 Requires manual action or external access.
[2026-08-08T00:27:27.686176+00:00] WORKING 6a76281735fbe026273b3460 📨 DOCKER HUB PUSH RESULTS 5 OF 6 IMAGES PUSHED ALERT ROUTER BLOCKED 20260806T042800Z sirgreen.msg
[2026-08-08T00:27:27.686325+00:00] SKIP_RETRY_LATER 6a76281735fbe026273b3460 Requires manual action or external access.
[2026-08-08T00:27:27.688781+00:00] WORKING 6a762818d5da329fde279451 📨 DOCKER HUB PUSH STATUS SQUIDSTATION IMAGES PUSH BLOCKED BY AUTH 20260806T042700Z sirgreen.msg
[2026-08-08T00:27:27.688978+00:00] SKIP_RETRY_LATER 6a762818d5da329fde279451 Requires manual action or external access.
[2026-08-08T00:27:27.691701+00:00] WORKING 6a76281b6f4e3f7f50a9fbcf 📨 ONE ACTION GRANT WRITE ACCESS OR PROVIDE PAT FOR ALERT ROUTER 20260806T043000Z sirgreen.msg
[2026-08-08T00:27:27.691871+00:00] SKIP_RETRY_LATER 6a76281b6f4e3f7f50a9fbcf Requires manual action or external access.
[2026-08-08T00:27:27.694593+00:00] WORKING 6a762811c5882873a4d3fab3 📨 [INBOX] RE DISCORD BOT GITHUB ACCESS AND WINDOWS UPDATE REMINDER 20260805T235900Z misspink.msg
[2026-08-08T00:27:27.694795+00:00] SKIP_RETRY_LATER 6a762811c5882873a4d3fab3 Requires manual action or external access.
[2026-08-08T00:27:27.698411+00:00] WORKING 6a762810cf4143153a5250b7 📨 [INBOX] RE HARDWARE TAB AND ISSUE OWNERSHIP ACK 20260805T233800Z misspink.msg
[2026-08-08T00:27:27.698618+00:00] SKIP_RETRY_LATER 6a762810cf4143153a5250b7 Requires manual action or external access.
[2026-08-08T00:27:27.702072+00:00] WORKING 6a76281e35758521a2952345 🚨 [P1] Dashboard image blocked — need Docker Hub auth
[2026-08-08T00:27:27.702278+00:00] SKIP_RETRY_LATER 6a76281e35758521a2952345 Requires manual action or external access.
[2026-08-08T00:27:27.704800+00:00] WORKING 6a714fb82b64998c93bdbad4 Build inventory → website sync
[2026-08-08T00:27:27.704977+00:00] SKIP_RETRY_LATER 6a714fb82b64998c93bdbad4 Requires manual action or external access.
[2026-08-08T00:27:27.707655+00:00] WORKING 6a712bc34298c12f247a9079 Build vault sync status widget
[2026-08-08T00:27:27.707835+00:00] SKIP_RETRY_LATER 6a712bc34298c12f247a9079 Requires manual action or external access.
[2026-08-08T00:27:27.710518+00:00] WORKING 6a7124389e62f6bd1c35b508 Create Automation_Runbook.md with troubleshooting
[2026-08-08T00:27:27.710666+00:00] SKIP_RETRY_LATER 6a7124389e62f6bd1c35b508 Requires manual action or external access.
[2026-08-08T00:27:27.713214+00:00] WORKING 6a71088d9ef81a4a480dee43 Create Buffer setup guide + buffer_automation.py
[2026-08-08T00:27:28.150641+00:00] COMPLETED 6a71088d9ef81a4a480dee43 comment=True
[2026-08-08T00:28:13.156473+00:00] WORKING 6a713b0f7fec1de4568f6906 DEPLOY.md created
[2026-08-08T00:28:13.736402+00:00] COMPLETED 6a713b0f7fec1de4568f6906 comment=True
[2026-08-08T00:28:58.741994+00:00] WORKING 6a712438ca3780f35985256d Update 00_Vault_Home.md with build status
[2026-08-08T00:28:59.088394+00:00] COMPLETED 6a712438ca3780f35985256d comment=True
[2026-08-08T00:29:44.094790+00:00] WORKING 6a71088fa7caec75b7864bf8 Verify all automation scripts run end-to-end
[2026-08-08T00:29:44.095055+00:00] SKIP_RETRY_LATER 6a71088fa7caec75b7864bf8 Requires manual action or external access.
[2026-08-08T00:29:44.099210+00:00] WORKING 6a7499661942762c5b6e744d [P1] Miss Pink: commit orders.json and automation_status changes
[2026-08-08T00:29:44.099585+00:00] SKIP_RETRY_LATER 6a7499661942762c5b6e744d Requires manual action or external access.
[2026-08-08T00:29:44.103344+00:00] WORKING 6a7425288e8aadeb76919bde [P1] Reinstall missing Obsidian plugins: periodic-notes, table-editor-obsidian, obsidian-livesync
[2026-08-08T00:29:44.103549+00:00] SKIP_RETRY_LATER 6a7425288e8aadeb76919bde Requires manual action or external access.
[2026-08-08T00:29:44.107408+00:00] WORKING 6a74b2324042ade05400ed4d ✅ FIXED: Redis cross-protocol attacks stopped
[2026-08-08T00:29:44.107724+00:00] SKIP_RETRY_LATER 6a74b2324042ade05400ed4d Requires manual action or external access.
[2026-08-08T00:29:44.111778+00:00] WORKING 6a737f7c8714ca5b28fb892e 🧭 Wire Miss Pink persona attributes into vault docs/automation
[2026-08-08T00:29:44.112346+00:00] SKIP_RETRY_LATER 6a737f7c8714ca5b28fb892e Requires manual action or external access.
[2026-08-08T00:29:44.117155+00:00] WORKING 6a71243471edb3eff4f49bc3 Bug hunt buffer_automation.py
[2026-08-08T00:29:44.587792+00:00] COMPLETED 6a71243471edb3eff4f49bc3 comment=True
[2026-08-08T00:30:29.594417+00:00] WORKING 6a7124373711a67b1299cbcb Bug hunt monthly_review_automation.py
[2026-08-08T00:30:30.339150+00:00] COMPLETED 6a7124373711a67b1299cbcb comment=True
[2026-08-08T00:31:15.365305+00:00] WORKING 6a7124349aa52ada3776768e Bug hunt zapier_automation.py
[2026-08-08T00:31:15.833347+00:00] COMPLETED 6a7124349aa52ada3776768e comment=True
[2026-08-08T00:32:00.857362+00:00] WORKING 6a714fb860bbdbb20853d4a4 Build order management workflow
[2026-08-08T00:32:01.270953+00:00] COMPLETED 6a714fb860bbdbb20853d4a4 comment=True
[2026-08-08T00:32:46.300191+00:00] WORKING 6a715c01e0c5b1f394020f9a Choose payment processor alternative
[2026-08-08T00:32:46.627252+00:00] COMPLETED 6a715c01e0c5b1f394020f9a comment=True
[2026-08-08T00:33:31.654183+00:00] WORKING 6a742142c4eea9f50d2c583b [P2] DEPLOYMENT_RUNBOOK.md
[2026-08-08T00:33:31.654382+00:00] SKIP_RETRY_LATER 6a742142c4eea9f50d2c583b Requires manual action or external access.
[2026-08-08T00:33:31.657238+00:00] WORKING 6a7124348c36b1c39bf1a721 Bug hunt inventory_tracker.py
[2026-08-08T00:33:31.657468+00:00] SKIP_RETRY_LATER 6a7124348c36b1c39bf1a721 Requires manual action or external access.
[2026-08-08T00:33:31.659888+00:00] WORKING 6a75897d9951a3cb70e164b1 Build content pipeline: Substack + X + AI assets
[2026-08-08T00:33:31.660110+00:00] SKIP_RETRY_LATER 6a75897d9951a3cb70e164b1 Requires manual action or external access.
[2026-08-08T00:33:31.662560+00:00] WORKING 6a70f8cd15b7431f30fe4d61 Create Buffer setup guide
[2026-08-08T00:33:31.662761+00:00] SKIP_RETRY_LATER 6a70f8cd15b7431f30fe4d61 Requires manual action or external access.
[2026-08-08T00:33:31.665139+00:00] WORKING 6a71088e99bafbc680c241af Create Free_Tools_Reference.md with 2026 research
[2026-08-08T00:33:32.000307+00:00] COMPLETED 6a71088e99bafbc680c241af comment=True
[2026-08-08T00:34:17.025648+00:00] WORKING 6a712fa7b5b7d143099f316a Create Revenue_Stream_Plan.md in 03_Financials
[2026-08-08T00:34:17.645474+00:00] COMPLETED 6a712fa7b5b7d143099f316a comment=True
[2026-08-08T00:35:02.671900+00:00] WORKING 6a712fa9bf02acbd07393f67 Track Amazon FBA/FBM sales in Revenue_Stream_Plan.md
[2026-08-08T00:35:02.672126+00:00] SKIP_RETRY_LATER 6a712fa9bf02acbd07393f67 Requires manual action or external access.
[2026-08-08T00:35:02.674403+00:00] WORKING 6a712fa8b87992ca53526858 Track flea market sales in Revenue_Stream_Plan.md
[2026-08-08T00:35:02.674561+00:00] SKIP_RETRY_LATER 6a712fa8b87992ca53526858 Requires manual action or external access.
[2026-08-08T00:35:02.676787+00:00] WORKING 6a712fabf7600ec68b50e1e3 Track local delivery revenue in Revenue_Stream_Plan.md
[2026-08-08T00:35:02.677034+00:00] SKIP_RETRY_LATER 6a712fabf7600ec68b50e1e3 Requires manual action or external access.
[2026-08-08T00:35:02.679804+00:00] WORKING 6a712faa3770fa51827b7073 Track sponsorships/brand deals in Revenue_Stream_Plan.md
[2026-08-08T00:35:02.679995+00:00] SKIP_RETRY_LATER 6a712faa3770fa51827b7073 Requires manual action or external access.
[2026-08-08T00:35:02.682491+00:00] WORKING 6a712faa0a49729bce0cb0a5 Track subscription box revenue in Revenue_Stream_Plan.md
[2026-08-08T00:35:02.682682+00:00] SKIP_RETRY_LATER 6a712faa0a49729bce0cb0a5 Requires manual action or external access.
[2026-08-08T00:35:02.685726+00:00] WORKING 6a712fa9b9a2a4f8f045261c Track website orders in Revenue_Stream_Plan.md
[2026-08-08T00:35:02.686099+00:00] SKIP_RETRY_LATER 6a712fa9b9a2a4f8f045261c Requires manual action or external access.
[2026-08-08T00:35:02.689597+00:00] WORKING 6a712fa8b1e5ac88066e2dbf Track wholesale accounts in Revenue_Stream_Plan.md
[2026-08-08T00:35:02.689837+00:00] SKIP_RETRY_LATER 6a712fa8b1e5ac88066e2dbf Requires manual action or external access.
[2026-08-08T00:35:02.692628+00:00] WORKING 6a710d0f316fa756a26b179e Update X/Twitter profile photo and banner
[2026-08-08T00:35:02.692817+00:00] SKIP_RETRY_LATER 6a710d0f316fa756a26b179e Requires manual action or external access.
[2026-08-08T00:35:02.695629+00:00] WORKING 6a70f3a95647e3d736bb9d81 Update X/Twitter profile/banner
[2026-08-08T00:35:02.695833+00:00] SKIP_RETRY_LATER 6a70f3a95647e3d736bb9d81 Requires manual action or external access.
[2026-08-08T00:35:02.698367+00:00] WORKING 6a7124327fade6e133c8a2cc Verify all 16 Task Scheduler jobs execute correctly
[2026-08-08T00:35:02.698537+00:00] SKIP_RETRY_LATER 6a7124327fade6e133c8a2cc Requires manual action or external access.
[2026-08-08T00:35:02.700911+00:00] WORKING 6a7425296ba4d189552269e9 [P2] Verify all Windows Task Scheduler jobs point to real scripts
[2026-08-08T00:35:02.701085+00:00] SKIP_RETRY_LATER 6a7425296ba4d189552269e9 Requires manual action or external access.
[2026-08-08T00:35:02.703478+00:00] WORKING 6a741fc73041dff74dcbc651 ✅ IN PROGRESS: torus-website Next.js build fixed, Dockerfile created
[2026-08-08T00:35:02.703623+00:00] SKIP_RETRY_LATER 6a741fc73041dff74dcbc651 Requires manual action or external access.
[2026-08-08T00:35:02.705945+00:00] WORKING 6a737f7fc40b5a5f65ec562b 🧪 Verify OODA loop traceback logging + runtime stability
[2026-08-08T00:35:02.706138+00:00] SKIP_RETRY_LATER 6a737f7fc40b5a5f65ec562b Requires manual action or external access.
[2026-08-08T00:35:02.709319+00:00] WORKING 6a761b8e4d865d7d9382518f [TEST] Auto-sort verification: Sir Green queue test
[2026-08-08T00:35:02.709482+00:00] SKIP_RETRY_LATER 6a761b8e4d865d7d9382518f Requires manual action or external access.
[2026-08-08T00:35:02.711842+00:00] WORKING 6a713b1071e6fea36475b9dc Add Google Analytics
[2026-08-08T00:35:02.712014+00:00] SKIP_RETRY_LATER 6a713b1071e6fea36475b9dc Requires manual action or external access.
[2026-08-08T00:35:02.714351+00:00] WORKING 6a713b1005cf8432cd8035b4 Add product images
[2026-08-08T00:35:02.714534+00:00] SKIP_RETRY_LATER 6a713b1005cf8432cd8035b4 Requires manual action or external access.
[2026-08-08T00:35:02.717098+00:00] WORKING 6a712432080a953558b00fcd Add retry logic and error handling to all scripts
[2026-08-08T00:35:02.717291+00:00] SKIP_RETRY_LATER 6a712432080a953558b00fcd Requires manual action or external access.
[2026-08-08T00:35:02.719660+00:00] WORKING 6a712433b3967cbd8bcac68b Add success/failure logging to Task Scheduler jobs
[2026-08-08T00:35:02.719804+00:00] SKIP_RETRY_LATER 6a712433b3967cbd8bcac68b Requires manual action or external access.
[2026-08-08T00:35:02.722267+00:00] WORKING 6a71399cebf904e6b201dae9 Added requirements.txt for venv
[2026-08-08T00:35:02.722448+00:00] SKIP_RETRY_LATER 6a71399cebf904e6b201dae9 Requires manual action or external access.
[2026-08-08T00:35:02.724623+00:00] WORKING 6a715c001d8423b2a0988108 Finalize legal pages for review
[2026-08-08T00:35:02.724770+00:00] SKIP_RETRY_LATER 6a715c001d8423b2a0988108 Requires manual action or external access.
[2026-08-08T00:35:02.727384+00:00] WORKING 6a71088de3dde89e2bc01b0d Fix Task Scheduler jobs to use C:\Python314
[2026-08-08T00:35:02.727528+00:00] SKIP_RETRY_LATER 6a71088de3dde89e2bc01b0d Requires manual action or external access.
[2026-08-08T00:35:02.729940+00:00] WORKING 6a70da7f61b451cfa8e0abd9 Review and finalize all brand assets
[2026-08-08T00:35:02.730127+00:00] SKIP_RETRY_LATER 6a70da7f61b451cfa8e0abd9 Requires manual action or external access.
[2026-08-08T00:35:02.732373+00:00] WORKING 6a714fbba57781472bf136b6 Review legal pages
[2026-08-08T00:35:02.732521+00:00] SKIP_RETRY_LATER 6a714fbba57781472bf136b6 Requires manual action or external access.
[2026-08-08T00:35:02.735075+00:00] WORKING 6a742528f39eb723b86ed54c [P1] Import QuickAdd macros from quickadd_macros.json into active data.json
[2026-08-08T00:35:02.735221+00:00] SKIP_RETRY_LATER 6a742528f39eb723b86ed54c Requires manual action or external access.
[2026-08-08T00:35:02.737675+00:00] WORKING 6a742529ef011b6da7537444 [P2] Fix Templater + Periodic Notes template paths
[2026-08-08T00:35:02.737833+00:00] SKIP_RETRY_LATER 6a742529ef011b6da7537444 Requires manual action or external access.
[2026-08-08T00:35:02.739922+00:00] WORKING 6a74252aa4669a765afe7b1d [P2] Scan vault for broken wikilinks and duplicate names
[2026-08-08T00:35:02.740083+00:00] SKIP_RETRY_LATER 6a74252aa4669a765afe7b1d Requires manual action or external access.
[2026-08-08T00:35:02.742415+00:00] WORKING 6a73e04a2c2bbdf27b302dfe ⚡ [P2] Precision Boost Overdrive / Curve Optimizer
[2026-08-08T00:35:02.742607+00:00] SKIP_RETRY_LATER 6a73e04a2c2bbdf27b302dfe Requires manual action or external access.
[2026-08-08T00:35:02.744852+00:00] WORKING 6a74a5f4d826bdb078119f3b 📨 [INBOX] sirgreen dashboard 502 regression sirgreen 20260806
[2026-08-08T00:35:02.745020+00:00] SKIP_RETRY_LATER 6a74a5f4d826bdb078119f3b Requires manual action or external access.
[2026-08-08T00:35:02.747248+00:00] WORKING 6a74af3a25f666660d8c180e 📨 [INBOX] sirgreen dashboard 502 second regression sirgreen 20260806
[2026-08-08T00:35:02.747407+00:00] SKIP_RETRY_LATER 6a74af3a25f666660d8c180e Requires manual action or external access.
[2026-08-08T00:35:02.749799+00:00] WORKING 6a71242c73bba0f679205c2f Add Buffer retry/error handling
[2026-08-08T00:35:02.749962+00:00] SKIP_RETRY_LATER 6a71242c73bba0f679205c2f Requires manual action or external access.
[2026-08-08T00:35:02.752440+00:00] WORKING 6a713b0defc24984d5e001fa About page created
[2026-08-08T00:35:02.752632+00:00] SKIP_RETRY_LATER 6a713b0defc24984d5e001fa Requires manual action or external access.
[2026-08-08T00:35:02.755755+00:00] WORKING 6a713b0d23e2645c0b00cddd Contact page created
[2026-08-08T00:35:02.755975+00:00] SKIP_RETRY_LATER 6a713b0d23e2645c0b00cddd Requires manual action or external access.
[2026-08-08T00:35:02.758456+00:00] WORKING 6a710d0ffd0a320344aa32e1 Convert Instagram @glvwriter to business OR create @toruscoffeecompany
[2026-08-08T00:35:02.758634+00:00] SKIP_RETRY_LATER 6a710d0ffd0a320344aa32e1 Requires manual action or external access.
[2026-08-08T00:35:02.760977+00:00] WORKING 6a70c92da63c4219a335e3aa Create Brand Style Guide
[2026-08-08T00:35:02.761195+00:00] SKIP_RETRY_LATER 6a70c92da63c4219a335e3aa Requires manual action or external access.
[2026-08-08T00:35:02.763861+00:00] WORKING 6a70fd603fca14ff8b43d1a5 Create Buffer account
[2026-08-08T00:35:02.764088+00:00] SKIP_RETRY_LATER 6a70fd603fca14ff8b43d1a5 Requires manual action or external access.
[2026-08-08T00:35:02.766762+00:00] WORKING 6a70fd63d0d5590389cf4398 Create Calendly account
[2026-08-08T00:35:02.766898+00:00] SKIP_RETRY_LATER 6a70fd63d0d5590389cf4398 Requires manual action or external access.
[2026-08-08T00:35:02.769046+00:00] WORKING 6a70c92f633aab641f597f6f Create Email Signature Graphics
[2026-08-08T00:35:02.769192+00:00] SKIP_RETRY_LATER 6a70c92f633aab641f597f6f Requires manual action or external access.
[2026-08-08T00:35:02.771862+00:00] WORKING 6a70f3a59ea2bed14bffb2d8 Create Facebook verification guide
[2026-08-08T00:35:02.772038+00:00] SKIP_RETRY_LATER 6a70f3a59ea2bed14bffb2d8 Requires manual action or external access.
[2026-08-08T00:35:02.775613+00:00] WORKING 6a70fd5f36d61f648be9359c Create Free_Tools_Reference.md with all findings
[2026-08-08T00:35:03.102043+00:00] COMPLETED 6a70fd5f36d61f648be9359c comment=True
[2026-08-08T00:35:48.133500+00:00] WORKING 6a710d119d1611288789675f Test Buffer scheduling with 1 post
[2026-08-08T00:35:48.133810+00:00] SKIP_RETRY_LATER 6a710d119d1611288789675f Requires manual action or external access.
[2026-08-08T00:35:48.137209+00:00] WORKING 6a71242b353146d037a7b9d7 Test Buffer scheduling with real post
[2026-08-08T00:35:48.137402+00:00] SKIP_RETRY_LATER 6a71242b353146d037a7b9d7 Requires manual action or external access.
[2026-08-08T00:35:48.141272+00:00] WORKING 6a71398329acb03582813149 Test Card
[2026-08-08T00:35:48.141491+00:00] SKIP_RETRY_LATER 6a71398329acb03582813149 Requires manual action or external access.
[2026-08-08T00:35:48.144801+00:00] WORKING 6a71242e5f35dafee7b9f6c8 Test HubSpot contact creation via API
[2026-08-08T00:35:48.144996+00:00] SKIP_RETRY_LATER 6a71242e5f35dafee7b9f6c8 Requires manual action or external access.
[2026-08-08T00:35:48.148255+00:00] WORKING 6a710d128612b8eae811dc74 Test HubSpot contact import
[2026-08-08T00:35:48.148428+00:00] SKIP_RETRY_LATER 6a710d128612b8eae811dc74 Requires manual action or external access.
[2026-08-08T00:35:48.151918+00:00] WORKING 6a710d1234ff949e11f9bfcb Test Meta Business Suite scheduling
[2026-08-08T00:35:48.152088+00:00] SKIP_RETRY_LATER 6a710d1234ff949e11f9bfcb Requires manual action or external access.
[2026-08-08T00:35:48.155420+00:00] WORKING 6a710d1125d6490ee7057a8f Test Zapier webhook end-to-end
[2026-08-08T00:35:48.155608+00:00] SKIP_RETRY_LATER 6a710d1125d6490ee7057a8f Requires manual action or external access.
[2026-08-08T00:35:48.160720+00:00] WORKING 6a71242cde079c5bc0e77f1a Test Zapier webhook end-to-end with sample payload
[2026-08-08T00:35:48.161231+00:00] SKIP_RETRY_LATER 6a71242cde079c5bc0e77f1a Requires manual action or external access.
[2026-08-08T00:35:48.165826+00:00] WORKING 6a714fb9d84c90b29411e2ba Test order manager end-to-end
[2026-08-08T00:35:48.166047+00:00] SKIP_RETRY_LATER 6a714fb9d84c90b29411e2ba Requires manual action or external access.
[2026-08-08T00:35:48.170691+00:00] WORKING 6a71399ecb5c7a6a2fbb6aa7 Test suite: 10/10 PASS (100%)
[2026-08-08T00:35:48.170948+00:00] SKIP_RETRY_LATER 6a71399ecb5c7a6a2fbb6aa7 Requires manual action or external access.
[2026-08-08T00:35:48.176476+00:00] WORKING 6a70f8d118bb4650352a010b Test webhook receiver
[2026-08-08T00:35:48.176663+00:00] SKIP_RETRY_LATER 6a70f8d118bb4650352a010b Requires manual action or external access.
[2026-08-08T00:35:48.180382+00:00] WORKING 6a74c96b03e085cc334229ce 🧪 Test call flow: GV -> wife cell -> voicemail -> transcription
[2026-08-08T00:35:48.180629+00:00] SKIP_RETRY_LATER 6a74c96b03e085cc334229ce Requires manual action or external access.
[2026-08-08T00:35:48.184051+00:00] WORKING 6a70dc3c5cd3fc4d731e3915 Amazon GTIN exemption
[2026-08-08T00:35:48.184252+00:00] SKIP_RETRY_LATER 6a70dc3c5cd3fc4d731e3915 Requires manual action or external access.
[2026-08-08T00:35:48.188012+00:00] WORKING 6a70d70788d98bbf077e9c8e Aurora Bites Photo Set - Complete Missing
[2026-08-08T00:35:48.188322+00:00] SKIP_RETRY_LATER 6a70d70788d98bbf077e9c8e Requires manual action or external access.
[2026-08-08T00:35:48.191881+00:00] WORKING 6a70cc2afd0a5550cc79a8f5 Complete Brand Style Guide
[2026-08-08T00:35:48.192094+00:00] SKIP_RETRY_LATER 6a70cc2afd0a5550cc79a8f5 Requires manual action or external access.
[2026-08-08T00:35:48.195784+00:00] WORKING 6a70a34d62d923fbb7007d01 Customer Order Fulfillment — July Batch
[2026-08-08T00:35:48.196062+00:00] SKIP_RETRY_LATER 6a70a34d62d923fbb7007d01 Requires manual action or external access.
[2026-08-08T00:35:48.200665+00:00] WORKING 6a70c2e82e09b1a0974ab913 Draft vendor applications — Iowa City + Cedar Rapids + all markets
[2026-08-08T00:35:48.200862+00:00] SKIP_RETRY_LATER 6a70c2e82e09b1a0974ab913 Requires manual action or external access.
[2026-08-08T00:35:48.204074+00:00] WORKING 6a70d70613fdbf67f920df70 Email Signature Graphics - Miss Pink
[2026-08-08T00:35:48.204254+00:00] SKIP_RETRY_LATER 6a70d70613fdbf67f920df70 Requires manual action or external access.
[2026-08-08T00:35:48.207472+00:00] WORKING 6a70d706a87b229beb981d9c Email Signature Graphics - Sara Jane
[2026-08-08T00:35:48.207757+00:00] SKIP_RETRY_LATER 6a70d706a87b229beb981d9c Requires manual action or external access.
[2026-08-08T00:35:48.211182+00:00] WORKING 6a715f7223aa117f6248b4ed End-to-end verification of all Torus systems
[2026-08-08T00:35:48.211373+00:00] SKIP_RETRY_LATER 6a715f7223aa117f6248b4ed Requires manual action or external access.
[2026-08-08T00:35:48.214938+00:00] WORKING 6a70a3464a5ebd81c36c6ae0 Equipment Maintenance Schedule
[2026-08-08T00:35:48.215137+00:00] SKIP_RETRY_LATER 6a70a3464a5ebd81c36c6ae0 Requires manual action or external access.
[2026-08-08T00:35:48.218646+00:00] WORKING 6a751520d659623cb7fd81a8 File Iowa state taxes — GovConnectIowa (monthly reminder)
[2026-08-08T00:35:48.218912+00:00] SKIP_RETRY_LATER 6a751520d659623cb7fd81a8 Requires manual action or external access.
[2026-08-08T00:35:48.222264+00:00] WORKING 6a70da7db362387e490501eb Finalize email signatures for Gmail/Outlook
[2026-08-08T00:35:48.222494+00:00] SKIP_RETRY_LATER 6a70da7db362387e490501eb Requires manual action or external access.
[2026-08-08T00:35:48.225624+00:00] WORKING 6a70dc3a3f6cebc0d3940f6c Finalize vendor applications
[2026-08-08T00:35:48.225831+00:00] SKIP_RETRY_LATER 6a70dc3a3f6cebc0d3940f6c Requires manual action or external access.
[2026-08-08T00:35:48.229772+00:00] WORKING 6a714aef36e57261521011fe Gmail spam filter verified
[2026-08-08T00:35:48.229972+00:00] SKIP_RETRY_LATER 6a714aef36e57261521011fe Requires manual action or external access.
[2026-08-08T00:35:48.233568+00:00] WORKING 6a713ee3d922b64ac4f030a4 Gordon identity discovered: AI Quartermaster
[2026-08-08T00:35:48.233836+00:00] SKIP_RETRY_LATER 6a713ee3d922b64ac4f030a4 Requires manual action or external access.
[2026-08-08T00:35:48.237474+00:00] WORKING 6a70a34710b8a23e38c01583 Hire Staff
[2026-08-08T00:35:48.237677+00:00] SKIP_RETRY_LATER 6a70a34710b8a23e38c01583 Requires manual action or external access.
[2026-08-08T00:35:48.241196+00:00] WORKING 6a710d117fd7bf22e52dfdcf Install Meta Business Suite app (optional)
[2026-08-08T00:35:48.241369+00:00] SKIP_RETRY_LATER 6a710d117fd7bf22e52dfdcf Requires manual action or external access.
[2026-08-08T00:35:48.249002+00:00] WORKING 6a70dc38f4e27d15632b017a Iowa State Fair 2026 Application
[2026-08-08T00:35:48.249285+00:00] SKIP_RETRY_LATER 6a70dc38f4e27d15632b017a Requires manual action or external access.
[2026-08-08T00:35:48.252614+00:00] WORKING 6a70a352bdeba243777cf69b June Payroll Processing
[2026-08-08T00:35:48.252789+00:00] SKIP_RETRY_LATER 6a70a352bdeba243777cf69b Requires manual action or external access.
[2026-08-08T00:35:48.255332+00:00] WORKING 6a70a34706dee7f76c37476e Launch Email Marketing
[2026-08-08T00:35:48.255487+00:00] SKIP_RETRY_LATER 6a70a34706dee7f76c37476e Requires manual action or external access.
[2026-08-08T00:35:48.258489+00:00] WORKING 6a70a3484d662eadb7d73be1 Lease Commercial Space
[2026-08-08T00:35:48.258676+00:00] SKIP_RETRY_LATER 6a70a3484d662eadb7d73be1 Requires manual action or external access.
[2026-08-08T00:35:48.261325+00:00] WORKING 6a70d708501c31fd40a2080e Orbit Cream Crunch Photo Set - ALL PHOTOS
[2026-08-08T00:35:48.261468+00:00] SKIP_RETRY_LATER 6a70d708501c31fd40a2080e Requires manual action or external access.
[2026-08-08T00:35:48.264462+00:00] WORKING 6a70cc2b4e8f1d0ad4bb8d6b Organize existing product photos into vault
[2026-08-08T00:35:48.264653+00:00] SKIP_RETRY_LATER 6a70cc2b4e8f1d0ad4bb8d6b Requires manual action or external access.
[2026-08-08T00:35:48.267414+00:00] WORKING 6a70c928a958e047ece24d0b Product images — Apple Cinnamon Comets (TCC-ACC-115)
[2026-08-08T00:35:48.267721+00:00] SKIP_RETRY_LATER 6a70c928a958e047ece24d0b Requires manual action or external access.
[2026-08-08T00:35:48.271091+00:00] WORKING 6a70c92c96bc4a26639b681f Product images — Apple Zephyr Chips (TCC-AZC-115)
[2026-08-08T00:35:48.271284+00:00] SKIP_RETRY_LATER 6a70c92c96bc4a26639b681f Requires manual action or external access.
[2026-08-08T00:35:48.273971+00:00] WORKING 6a70c929e723e4e90f94da44 Product images — Aurora Berryalis (TCC-ARB-26)
[2026-08-08T00:35:48.274126+00:00] SKIP_RETRY_LATER 6a70c929e723e4e90f94da44 Requires manual action or external access.
[2026-08-08T00:35:48.277077+00:00] WORKING 6a70c92b0db3cff4cd93a2d0 Product images — Aurora Bites (TCC-AB-26)
[2026-08-08T00:35:48.277282+00:00] SKIP_RETRY_LATER 6a70c92b0db3cff4cd93a2d0 Requires manual action or external access.
[2026-08-08T00:35:48.280282+00:00] WORKING 6a70c92bdddadbf13fd3ec0d Product images — Cosmic Bananas (TCC-CB-155)
[2026-08-08T00:35:48.280475+00:00] SKIP_RETRY_LATER 6a70c92bdddadbf13fd3ec0d Requires manual action or external access.
[2026-08-08T00:35:48.283027+00:00] WORKING 6a70c927f4468b0587d2a6df Product images — Neapolitan Orbit Cream Crunch (TCC-NOCC-200)
[2026-08-08T00:35:48.283209+00:00] SKIP_RETRY_LATER 6a70c927f4468b0587d2a6df Requires manual action or external access.
[2026-08-08T00:35:48.285696+00:00] WORKING 6a70c928bc93eb271c7ae735 Product images — Orbit Cream Crunch (TCC-OCC-200)
[2026-08-08T00:35:48.285886+00:00] SKIP_RETRY_LATER 6a70c928bc93eb271c7ae735 Requires manual action or external access.
[2026-08-08T00:35:48.288389+00:00] WORKING 6a70c92a45c5fbc4b69417ab Product images — Solar Strawberries (TCC-SS-05)
[2026-08-08T00:35:48.288584+00:00] SKIP_RETRY_LATER 6a70c92a45c5fbc4b69417ab Requires manual action or external access.
[2026-08-08T00:35:48.291223+00:00] WORKING 6a70c929210ecc4a3cfe53bb Product images — Sour Aurora Bites (TCC-SAB-26)
[2026-08-08T00:35:48.291425+00:00] SKIP_RETRY_LATER 6a70c929210ecc4a3cfe53bb Requires manual action or external access.
[2026-08-08T00:35:48.295645+00:00] WORKING 6a70c9283ce88eda267142c5 Product images — Star-Dusted Banana Crunch (TCC-SDB-115)
[2026-08-08T00:35:48.295942+00:00] SKIP_RETRY_LATER 6a70c9283ce88eda267142c5 Requires manual action or external access.
[2026-08-08T00:35:48.300437+00:00] WORKING 6a70a34dc63e3712a4959b98 QC Coffee Cupping — New Ethiopian Lot
[2026-08-08T00:35:48.300677+00:00] SKIP_RETRY_LATER 6a70a34dc63e3712a4959b98 Requires manual action or external access.
[2026-08-08T00:35:48.304561+00:00] WORKING 6a71088c68341b4e6174adaa Repair C:\Python314\python.exe install
[2026-08-08T00:35:48.304788+00:00] SKIP_RETRY_LATER 6a71088c68341b4e6174adaa Requires manual action or external access.
[2026-08-08T00:35:48.308355+00:00] WORKING 6a71399dda9e0484be2cb86d Replaced os.popen with subprocess.run
[2026-08-08T00:35:48.308551+00:00] SKIP_RETRY_LATER 6a71399dda9e0484be2cb86d Requires manual action or external access.
[2026-08-08T00:35:48.314218+00:00] WORKING 6a70a34a55c66e3104697b64 Run Batch — Cold Brew Reserve
[2026-08-08T00:35:48.314428+00:00] SKIP_RETRY_LATER 6a70a34a55c66e3104697b64 Requires manual action or external access.
[2026-08-08T00:35:48.319129+00:00] WORKING 6a70f8d11c23b84460a50564 Schedule first week of social posts
[2026-08-08T00:35:48.319319+00:00] SKIP_RETRY_LATER 6a70f8d11c23b84460a50564 Requires manual action or external access.
[2026-08-08T00:35:48.324145+00:00] WORKING 6a70da7ebb27e2061e6d0d33 Send vendor pricing sheet to markets
[2026-08-08T00:35:48.324355+00:00] SKIP_RETRY_LATER 6a70da7ebb27e2061e6d0d33 Requires manual action or external access.
[2026-08-08T00:35:48.328047+00:00] WORKING 6a715f710f00a09c3ceb52f9 Set up Torus crew communications system
[2026-08-08T00:35:48.328255+00:00] SKIP_RETRY_LATER 6a715f710f00a09c3ceb52f9 Requires manual action or external access.
[2026-08-08T00:35:48.331938+00:00] WORKING 6a715c0371fe26b9eb72983d Set up Wave Accounting
[2026-08-08T00:35:48.332128+00:00] SKIP_RETRY_LATER 6a715c0371fe26b9eb72983d Requires manual action or external access.
[2026-08-08T00:35:48.343175+00:00] WORKING 6a714aee198366506a3b45ad Share code via Shared_With_Pink bridge
[2026-08-08T00:35:48.343437+00:00] SKIP_RETRY_LATER 6a714aee198366506a3b45ad Requires manual action or external access.
[2026-08-08T00:35:48.347577+00:00] WORKING 6a70d708c1a72f0f064d8e3d Sour Aurora Bites Photo Set - Complete Missing
[2026-08-08T00:35:48.347883+00:00] SKIP_RETRY_LATER 6a70d708c1a72f0f064d8e3d Requires manual action or external access.
[2026-08-08T00:35:48.352576+00:00] WORKING 6a70a34911ff089693e043e2 Staff Training Plan — Q4
[2026-08-08T00:35:48.352773+00:00] SKIP_RETRY_LATER 6a70a34911ff089693e043e2 Requires manual action or external access.
[2026-08-08T00:35:48.356844+00:00] WORKING 6a70a349556e13858649d988 Supplier Contract Renewal — Green Coffee Imports
[2026-08-08T00:35:48.357192+00:00] SKIP_RETRY_LATER 6a70a349556e13858649d988 Requires manual action or external access.
[2026-08-08T00:35:48.361090+00:00] WORKING 6a70a3532fccce7d903765ff Vault Cleanup & Organization
[2026-08-08T00:35:48.361278+00:00] SKIP_RETRY_LATER 6a70a3532fccce7d903765ff Requires manual action or external access.
[2026-08-08T00:35:48.364532+00:00] WORKING 6a70da79f9c343975b0d70a8 Vendor Pricing Sheet - Complete
[2026-08-08T00:35:48.364760+00:00] SKIP_RETRY_LATER 6a70da79f9c343975b0d70a8 Requires manual action or external access.
[2026-08-08T00:35:48.367780+00:00] WORKING 6a742143059b59ffe6d2c68a [P2] TROUBLESHOOTING_GUIDE.md
[2026-08-08T00:35:48.367959+00:00] SKIP_RETRY_LATER 6a742143059b59ffe6d2c68a Requires manual action or external access.
[2026-08-08T00:35:48.370667+00:00] WORKING 6a73f5a03041dff74d8e234f 📨 RE PINKCADY BIOS SVM XMP STEPS 20260806T011500Z misspink.msg
[2026-08-08T00:35:48.370874+00:00] SKIP_RETRY_LATER 6a73f5a03041dff74d8e234f Requires manual action or external access.
[2026-08-08T00:35:48.373892+00:00] WORKING 6a737d9b827ebbde4c405716 🔄 Execute OODA Cycle 140 tasks
[2026-08-08T00:35:48.374087+00:00] SKIP_RETRY_LATER 6a737d9b827ebbde4c405716 Requires manual action or external access.
[2026-08-08T00:35:48.376950+00:00] WORKING 6a73c24d93a43a89e3cd58f1 🔒 Admin elevation required for choco install on PINKCADY
[2026-08-08T00:35:48.377112+00:00] SKIP_RETRY_LATER 6a73c24d93a43a89e3cd58f1 Requires manual action or external access.
[2026-08-08T00:35:48.379765+00:00] WORKING 6a73e04a10d0cd5794e0f0c3 🔧 [P1] Post-boot: enable Hyper-V + WSL2 + Containers
[2026-08-08T00:35:48.379983+00:00] SKIP_RETRY_LATER 6a73e04a10d0cd5794e0f0c3 Requires manual action or external access.
[2026-08-08T00:35:48.383264+00:00] WORKING 6a73e048bcd17a1224a23f1c 🖥️ [P1] Reboot PINKCADY + enable SVM Mode in BIOS
[2026-08-08T00:35:48.383524+00:00] SKIP_RETRY_LATER 6a73e048bcd17a1224a23f1c Requires manual action or external access.
[2026-08-08T00:35:48.386608+00:00] WORKING 6a73e04924a4fc2d382bb859 🧠 [P1] Enable XMP/DOCP for Corsair 3200 RAM
[2026-08-08T00:35:48.386788+00:00] SKIP_RETRY_LATER 6a73e04924a4fc2d382bb859 Requires manual action or external access.
[2026-08-08T00:35:48.389916+00:00] WORKING 6a737f7c8fab91fbb60889a2 🧹 Clean duplicate sections in 00_Vault_Home.md
[2026-08-08T00:35:48.760174+00:00] COMPLETED 6a737f7c8fab91fbb60889a2 comment=True
[2026-08-08T00:36:33.788951+00:00] WORKING 6a71242b00b312cd0e56ce9d Test Buffer queue/channel listing
[2026-08-08T00:36:34.154736+00:00] BLOCKED 6a71242b00b312cd0e56ce9d comment=True
[2026-08-08T00:37:19.160953+00:00] WORKING 6a70d7064c086cda47655562 Q1 2027 Campaign: Valentine's Day
[2026-08-08T00:37:19.499525+00:00] BLOCKED 6a70d7064c086cda47655562 comment=True
[2026-08-08T00:38:04.533120+00:00] WORKING 6a70d705c5850f87134e7f01 Q4 2026 Campaign: Holiday Season
[2026-08-08T00:38:04.965025+00:00] BLOCKED 6a70d705c5850f87134e7f01 comment=True
[2026-08-08T00:38:49.996370+00:00] WORKING 6a738f5122f88700f8084207 📡 Run crew connectivity monitor on PINKCADY
[2026-08-08T00:38:50.340058+00:00] BLOCKED 6a738f5122f88700f8084207 comment=True
[2026-08-08T00:39:35.365690+00:00] WORKING 6a74c96a4ce9ac108bd600a0 📱 Set up SMS/text automation for business number
[2026-08-08T00:39:35.687707+00:00] BLOCKED 6a74c96a4ce9ac108bd600a0 comment=True
[2026-08-08T00:40:20.720066+00:00] WORKING 6a7499631c1a36043e1059e2 [P1] Sir Green: add /api/security-docs route to dashboard_server.py
[2026-08-08T00:40:21.228922+00:00] BLOCKED 6a7499631c1a36043e1059e2 comment=True
[2026-08-08T00:41:06.252515+00:00] WORKING 6a762819694f94ec8ae35ba5 📨 ALERT ROUTER REPO EXISTS BUT SQUIDSTATION LACKS WRITE PERMISSION 20260806T042900Z sirgreen.msg
[2026-08-08T00:41:06.611770+00:00] BLOCKED 6a762819694f94ec8ae35ba5 comment=True
[2026-08-08T00:41:51.637040+00:00] WORKING 6a762818d5da329fde279451 📨 DOCKER HUB PUSH STATUS SQUIDSTATION IMAGES PUSH BLOCKED BY AUTH 20260806T042700Z sirgreen.msg
[2026-08-08T00:41:52.018975+00:00] BLOCKED 6a762818d5da329fde279451 comment=True
[2026-08-08T00:42:37.042335+00:00] WORKING 6a762810cf4143153a5250b7 📨 [INBOX] RE HARDWARE TAB AND ISSUE OWNERSHIP ACK 20260805T233800Z misspink.msg
[2026-08-08T00:42:37.361151+00:00] BLOCKED 6a762810cf4143153a5250b7 comment=True
[2026-08-08T00:43:22.393489+00:00] WORKING 6a712bc34298c12f247a9079 Build vault sync status widget
[2026-08-08T00:43:22.782237+00:00] BLOCKED 6a712bc34298c12f247a9079 comment=True
[2026-08-08T00:44:07.805330+00:00] WORKING 6a70da7b4daf4656cdb03d72 Daily Ops Automation - Scripts Created
[2026-08-08T00:44:08.114980+00:00] BLOCKED 6a70da7b4daf4656cdb03d72 comment=True
[2026-08-08T00:44:53.139393+00:00] WORKING 6a7185ef9104a8818420b19a TORUS_DOCKER_CONTAINER_REQUIREMENTS.md created
[2026-08-08T00:44:53.512255+00:00] BLOCKED 6a7185ef9104a8818420b19a comment=True
[2026-08-08T00:45:38.541864+00:00] WORKING 6a71088fa7caec75b7864bf8 Verify all automation scripts run end-to-end
[2026-08-08T00:45:38.886742+00:00] BLOCKED 6a71088fa7caec75b7864bf8 comment=True
[2026-08-08T00:46:23.915643+00:00] WORKING 6a74b2324042ade05400ed4d ✅ FIXED: Redis cross-protocol attacks stopped
[2026-08-08T00:46:24.241890+00:00] BLOCKED 6a74b2324042ade05400ed4d comment=True
[2026-08-08T00:47:09.270862+00:00] WORKING 6a715c0370ee36715d579861 Full automation audit complete
[2026-08-08T00:47:09.651959+00:00] COMPLETED 6a715c0370ee36715d579861 comment=True
[2026-08-08T00:47:54.675593+00:00] WORKING 6a742144d5fed79046f6772f [P3] Max out Docker automation: webhooks, logs, volumes, Kubernetes
[2026-08-08T00:47:54.998963+00:00] BLOCKED 6a742144d5fed79046f6772f comment=True
[2026-08-08T00:48:40.022617+00:00] WORKING 6a758919687b61bbb3db9255 📨 [INBOX] trello api 401 invalid key blocker sirgreen 20260806
[2026-08-08T00:48:40.369286+00:00] BLOCKED 6a758919687b61bbb3db9255 comment=True
[2026-08-08T00:49:25.394221+00:00] WORKING 6a715f7078eae68a030a1b2b Build Torus Discord bot designs
[2026-08-08T00:49:25.780185+00:00] BLOCKED 6a715f7078eae68a030a1b2b comment=True
[2026-08-08T00:50:10.808700+00:00] WORKING 6a715f7095b8d80e80b99d94 Build role-based automation scripts
[2026-08-08T00:50:11.192324+00:00] BLOCKED 6a715f7095b8d80e80b99d94 comment=True
[2026-08-08T00:50:56.227631+00:00] WORKING 6a713b0fb03e554f1e2090e7 Connect real payment/shop
[2026-08-08T00:50:56.536533+00:00] BLOCKED 6a713b0fb03e554f1e2090e7 comment=True
[2026-08-08T00:51:41.563461+00:00] WORKING 6a71242e3f23db4fb69d7c9b Wire HubSpot Service Key into CRM automation
[2026-08-08T00:51:42.025307+00:00] BLOCKED 6a71242e3f23db4fb69d7c9b comment=True
[2026-08-08T00:52:27.047110+00:00] WORKING 6a75897d9951a3cb70e164b1 Build content pipeline: Substack + X + AI assets
[2026-08-08T00:52:27.385290+00:00] BLOCKED 6a75897d9951a3cb70e164b1 comment=True
[2026-08-08T00:53:12.414027+00:00] WORKING 6a70dc3ce8d914e66a89ebcc Create Supplier Agreement Template
[2026-08-08T00:53:12.751920+00:00] BLOCKED 6a70dc3ce8d914e66a89ebcc comment=True
[2026-08-08T00:53:57.783433+00:00] WORKING 6a75896c4039d3f60daf96fa Created dashboard_launcher.py + startup shortcut
[2026-08-08T00:53:58.107163+00:00] BLOCKED 6a75896c4039d3f60daf96fa comment=True
[2026-08-08T00:54:43.154363+00:00] WORKING 6a71398e99bafbc680093df1 Hermes backend config updated
[2026-08-08T00:54:43.545335+00:00] BLOCKED 6a71398e99bafbc680093df1 comment=True
[2026-08-08T00:55:28.574436+00:00] WORKING 6a70fd5e79c07a7a4176ed47 Research free CRM options (HubSpot/Zoho/Bitrix24)
[2026-08-08T00:55:28.899362+00:00] BLOCKED 6a70fd5e79c07a7a4176ed47 comment=True
[2026-08-08T00:56:13.927015+00:00] WORKING 6a717fb98b37f9b171200f1c SIR_PINK setup script created
[2026-08-08T00:56:14.271146+00:00] BLOCKED 6a717fb98b37f9b171200f1c comment=True
[2026-08-08T00:56:59.279605+00:00] WORKING 6a70dc38b1d094fb7520c275 Winter 2026 Venue Research
[2026-08-08T00:56:59.619233+00:00] BLOCKED 6a70dc38b1d094fb7520c275 comment=True
[2026-08-08T00:57:44.647243+00:00] WORKING 6a75892804fa658f4a1d29fa 📨 [INBOX] STATUS UPDATE MISS PINK BUILDING TORUS DOCKER CONTAINERS DASHBOARD 8089 AND YOUR ACTIONS 20260806T042400Z sirgreen.msg
[2026-08-08T00:57:44.960006+00:00] BLOCKED 6a75892804fa658f4a1d29fa comment=True
[2026-08-08T00:58:29.983819+00:00] WORKING 6a75893aff4bd4d8b2768a71 📨 [INBOX] verify claimed changes and asks sirgreen 20260806T0645Z
[2026-08-08T00:58:30.393219+00:00] BLOCKED 6a75893aff4bd4d8b2768a71 comment=True
[2026-08-08T00:59:15.399345+00:00] WORKING 6a758966eb976286a02dc3d0 Test freeze-dried SOP in production
[2026-08-08T00:59:15.805396+00:00] BLOCKED 6a758966eb976286a02dc3d0 comment=True
[2026-08-08T01:00:00.847527+00:00] WORKING 6a7589103196cfb8339ed071 🔔 Build inbox-to-Trello/GitHub alert automation
[2026-08-08T01:00:01.205395+00:00] COMPLETED 6a7589103196cfb8339ed071 comment=True
[2026-08-08T01:00:46.231650+00:00] WORKING 6a7589838f9aa9c752547871 Automate YouTube production workflow
[2026-08-08T01:00:46.626622+00:00] BLOCKED 6a7589838f9aa9c752547871 comment=True
[2026-08-08T01:01:31.656610+00:00] WORKING 6a75897500a81337aa31dfea Design website architecture: Next.js + dashboard
[2026-08-08T01:01:32.043975+00:00] BLOCKED 6a75897500a81337aa31dfea comment=True
[2026-08-08T01:02:17.081279+00:00] WORKING 6a75896b1b6a8bdbe9d6db90 Fixed dashboard credentials.ts path
[2026-08-08T01:02:17.606500+00:00] BLOCKED 6a75896b1b6a8bdbe9d6db90 comment=True
[2026-08-08T01:03:02.633291+00:00] WORKING 6a7589964dc16b0037f9d5ab Gmail: opsec-safe email triage automation — read, organize, delete, archive
[2026-08-08T01:03:02.960643+00:00] BLOCKED 6a7589964dc16b0037f9d5ab comment=True
[2026-08-08T01:03:47.996702+00:00] WORKING 6a70dc3b050af2fa80c256aa Link social media accounts
[2026-08-08T01:03:48.416199+00:00] BLOCKED 6a70dc3b050af2fa80c256aa comment=True
[2026-08-08T01:04:33.452644+00:00] WORKING 6a7589943bcf75d5aa78272d Miss Pink Rig: full hardware/software inventory pass
[2026-08-08T01:04:34.054807+00:00] BLOCKED 6a7589943bcf75d5aa78272d comment=True
[2026-08-08T01:05:19.085868+00:00] WORKING 6a70da7e81e778646cc01051 Publish website content
[2026-08-08T01:05:19.452221+00:00] BLOCKED 6a70da7e81e778646cc01051 comment=True
[2026-08-08T01:06:04.504346+00:00] WORKING 6a70fd6215d81dccfafc6721 Setup Cloudflare DNS/CDN
[2026-08-08T01:06:04.826887+00:00] BLOCKED 6a70fd6215d81dccfafc6721 comment=True
[2026-08-08T01:06:49.861165+00:00] WORKING 6a70a35373ba21fdb97ed1a9 Setup Google Workspace
[2026-08-08T01:06:50.196493+00:00] BLOCKED 6a70a35373ba21fdb97ed1a9 comment=True
[2026-08-08T01:07:35.221070+00:00] WORKING 6a70a34cc24aac226c72a44e Setup Social Media Accounts
[2026-08-08T01:07:35.527848+00:00] BLOCKED 6a70a34cc24aac226c72a44e comment=True
[2026-08-08T01:08:20.556480+00:00] WORKING 6a75898828efd0016885aca5 Sir Green Discord bot: watcher auto-restart/crash recovery
[2026-08-08T01:08:20.881770+00:00] BLOCKED 6a75898828efd0016885aca5 comment=True
[2026-08-08T01:09:05.890141+00:00] WORKING 6a70da7a9863bd022c98fb5c Website Content - About Page
[2026-08-08T01:09:06.258055+00:00] BLOCKED 6a70da7a9863bd022c98fb5c comment=True
[2026-08-08T01:09:51.286402+00:00] WORKING 6a75895c5a59d77cb8f7d609 [P1] Sir Green: add /api/fleet route to dashboard_server.py
[2026-08-08T01:09:51.627382+00:00] BLOCKED 6a75895c5a59d77cb8f7d609 comment=True
[2026-08-08T01:10:36.651921+00:00] WORKING 6a75896164c5703182d4e899 [P1] Sir Green: add /api/tools route to dashboard_server.py
[2026-08-08T01:10:36.999580+00:00] BLOCKED 6a75896164c5703182d4e899 comment=True
[2026-08-08T01:11:22.025701+00:00] WORKING 6a7589529fe332d70beb136d ✅ FIXED: Prometheus scrape config cleaned
[2026-08-08T01:11:22.359814+00:00] BLOCKED 6a7589529fe332d70beb136d comment=True
[2026-08-08T01:12:07.387670+00:00] WORKING 6a75890e8dc27defd0a1ca9c 📨 Auto-alert when new PINKCADY inbox messages arrive
[2026-08-08T01:12:07.712729+00:00] COMPLETED 6a75890e8dc27defd0a1ca9c comment=True
[2026-08-08T01:12:52.739179+00:00] WORKING 6a758924a3655c36e6f0f736 📨 [INBOX] RE UNIFIED DASHBOARD DECISION ONE DASHBOARD ONLY 20260806T012800Z sirgreen.msg
[2026-08-08T01:12:53.042433+00:00] BLOCKED 6a758924a3655c36e6f0f736 comment=True
[2026-08-08T01:13:38.066307+00:00] WORKING 6a75893b799e5f22d21430ab 📨 [INBOX] board audit obsidian deepdive and asks sirgreen 20260806
[2026-08-08T01:13:38.382854+00:00] BLOCKED 6a75893b799e5f22d21430ab comment=True
[2026-08-08T01:14:23.407596+00:00] WORKING 6a7589360e047def4cece7fc 📨 [INBOX] dashboard port and swarm decision sirgreen 20260806
[2026-08-08T01:14:23.741371+00:00] BLOCKED 6a7589360e047def4cece7fc comment=True
[2026-08-08T01:15:08.770879+00:00] WORKING 6a75892fdcd672c874804a71 📨 [INBOX] new trello git cards for docker webhooks k8s sirgreen 20260806
[2026-08-08T01:15:09.099149+00:00] BLOCKED 6a75892fdcd672c874804a71 comment=True
[2026-08-08T01:15:54.126765+00:00] WORKING 6a7589405f861bb6e84ba6b7 📨 [INBOX] pinkcady dashboard connectivity checklist sirgreen 20260806
[2026-08-08T01:15:54.453378+00:00] BLOCKED 6a7589405f861bb6e84ba6b7 comment=True
[2026-08-08T01:16:39.488234+00:00] WORKING 6a758949ef623d2eed8038cf 📨 [INBOX] sirgreen dashboard recommendations local network monitor sirgreen 20260806
[2026-08-08T01:16:39.808916+00:00] BLOCKED 6a758949ef623d2eed8038cf comment=True
[2026-08-08T01:17:24.841098+00:00] WORKING 6a7589516535c08f6d2c5d8f 📨 [INBOX] sirgreen final ooda summary sirgreen 20260806
[2026-08-08T01:17:25.222406+00:00] BLOCKED 6a7589516535c08f6d2c5d8f comment=True
[2026-08-08T01:18:10.249995+00:00] WORKING 6a75894130db92bea127ca7e 📨 [INBOX] sirgreen trello automation questions sirgreen 20260806
[2026-08-08T01:18:10.568634+00:00] BLOCKED 6a75894130db92bea127ca7e comment=True
[2026-08-08T01:18:55.592473+00:00] WORKING 6a75894c8bb5fbc09929d8ae 📨 [INBOX] sirgreen verifier flags dashboard 8089 and rig report 404 sirgreen 20260806
[2026-08-08T01:18:55.935271+00:00] BLOCKED 6a75894c8bb5fbc09929d8ae comment=True
[2026-08-08T01:19:40.958752+00:00] WORKING 6a7589459dc3122cb7d3df39 📨 [INBOX] vault audit progress dashboard recommendations sirgreen 20260806
[2026-08-08T01:19:41.292221+00:00] BLOCKED 6a7589459dc3122cb7d3df39 comment=True
[2026-08-08T01:20:26.321821+00:00] WORKING 6a73ddaf54ccdd15e1367c37 🖥️ PINKCADY virtualization setup: enable AMD-V/SVM in BIOS
[2026-08-08T01:20:26.704911+00:00] BLOCKED 6a73ddaf54ccdd15e1367c37 comment=True
[2026-08-08T01:21:11.733982+00:00] WORKING 6a737f7e62239d8d15fe9507 🤖 Finish Discord bot token + invite to Torus Coffee server
[2026-08-08T01:21:12.134227+00:00] BLOCKED 6a737f7e62239d8d15fe9507 comment=True
[2026-08-08T01:21:57.162915+00:00] WORKING 6a758958088d9a304d8498da 📨 [INBOX] sirgreen docker hub and dashboard request sirgreen 20260806
[2026-08-08T01:21:57.555343+00:00] BLOCKED 6a758958088d9a304d8498da comment=True
[2026-08-08T01:22:42.583768+00:00] WORKING 6a75897837f4e0714a23594f Build automation dashboard page
[2026-08-08T01:22:42.934753+00:00] BLOCKED 6a75897837f4e0714a23594f comment=True
[2026-08-08T01:23:27.964127+00:00] WORKING 6a75896ee1d84453c52ff789 Deploy website to Vercel
[2026-08-08T01:23:28.376448+00:00] BLOCKED 6a75896ee1d84453c52ff789 comment=True
[2026-08-08T01:24:13.411559+00:00] WORKING 6a70f8cef53e66596583fb68 Setup Buffer account
[2026-08-08T01:24:13.721811+00:00] BLOCKED 6a70f8cef53e66596583fb68 comment=True
[2026-08-08T01:24:58.752798+00:00] WORKING 6a758974a237f8eedb391c85 torus-inventory fixed and deployed
[2026-08-08T01:24:59.095979+00:00] BLOCKED 6a758974a237f8eedb391c85 comment=True
[2026-08-08T01:25:44.133470+00:00] WORKING 6a758938570bb5e6476995fb 📨 [INBOX] pink docker build push and single ask sirgreen 20260806
[2026-08-08T01:25:44.513113+00:00] BLOCKED 6a758938570bb5e6476995fb comment=True
[2026-08-08T01:26:29.538522+00:00] WORKING 6a712fa779f75a27d760cacf Launch revenue stream tracking in vault and Trello
[2026-08-08T01:26:29.859539+00:00] BLOCKED 6a712fa779f75a27d760cacf comment=True
[2026-08-08T01:27:14.896252+00:00] WORKING 6a70d707920c145749b2f4ed Product Photo Tracking Spreadsheet
[2026-08-08T01:27:15.258249+00:00] BLOCKED 6a70d707920c145749b2f4ed comment=True
[2026-08-08T01:28:00.288288+00:00] WORKING 6a70a34e88d5b5f7ebf055f0 Safety Protocol Update — Kitchen Equipment
[2026-08-08T01:28:00.813750+00:00] BLOCKED 6a70a34e88d5b5f7ebf055f0 comment=True
[2026-08-08T01:28:45.839202+00:00] WORKING 6a712fa9bf02acbd07393f67 Track Amazon FBA/FBM sales in Revenue_Stream_Plan.md
[2026-08-08T01:28:46.247825+00:00] BLOCKED 6a712fa9bf02acbd07393f67 comment=True
[2026-08-08T01:29:31.292166+00:00] WORKING 6a712fabf7600ec68b50e1e3 Track local delivery revenue in Revenue_Stream_Plan.md
[2026-08-08T01:29:31.656589+00:00] BLOCKED 6a712fabf7600ec68b50e1e3 comment=True
[2026-08-08T01:30:16.687169+00:00] WORKING 6a712faa0a49729bce0cb0a5 Track subscription box revenue in Revenue_Stream_Plan.md
[2026-08-08T01:30:17.138658+00:00] BLOCKED 6a712faa0a49729bce0cb0a5 comment=True
[2026-08-08T01:31:02.171087+00:00] WORKING 6a712fa8b1e5ac88066e2dbf Track wholesale accounts in Revenue_Stream_Plan.md
[2026-08-08T01:31:02.475090+00:00] BLOCKED 6a712fa8b1e5ac88066e2dbf comment=True
[2026-08-08T01:31:47.506176+00:00] WORKING 6a70f3a95647e3d736bb9d81 Update X/Twitter profile/banner
[2026-08-08T01:31:47.853637+00:00] BLOCKED 6a70f3a95647e3d736bb9d81 comment=True
[2026-08-08T01:32:32.893764+00:00] WORKING 6a7425296ba4d189552269e9 [P2] Verify all Windows Task Scheduler jobs point to real scripts
[2026-08-08T01:32:33.208764+00:00] BLOCKED 6a7425296ba4d189552269e9 comment=True
[2026-08-08T01:33:18.248603+00:00] WORKING 6a737f7fc40b5a5f65ec562b 🧪 Verify OODA loop traceback logging + runtime stability
[2026-08-08T01:33:18.585664+00:00] BLOCKED 6a737f7fc40b5a5f65ec562b comment=True
[2026-08-08T01:34:03.616028+00:00] WORKING 6a713b1071e6fea36475b9dc Add Google Analytics
[2026-08-08T01:34:04.065098+00:00] BLOCKED 6a713b1071e6fea36475b9dc comment=True
[2026-08-08T01:34:49.091110+00:00] WORKING 6a712432080a953558b00fcd Add retry logic and error handling to all scripts
[2026-08-08T01:34:49.456403+00:00] BLOCKED 6a712432080a953558b00fcd comment=True
[2026-08-08T01:35:34.480353+00:00] WORKING 6a71399cebf904e6b201dae9 Added requirements.txt for venv
[2026-08-08T01:35:34.810087+00:00] BLOCKED 6a71399cebf904e6b201dae9 comment=True
[2026-08-08T01:36:19.844718+00:00] WORKING 6a71088de3dde89e2bc01b0d Fix Task Scheduler jobs to use C:\Python314
[2026-08-08T01:36:20.166546+00:00] BLOCKED 6a71088de3dde89e2bc01b0d comment=True
[2026-08-08T01:37:05.210543+00:00] WORKING 6a714fbba57781472bf136b6 Review legal pages
[2026-08-08T01:37:05.544219+00:00] BLOCKED 6a714fbba57781472bf136b6 comment=True
[2026-08-08T01:37:50.572273+00:00] WORKING 6a742529ef011b6da7537444 [P2] Fix Templater + Periodic Notes template paths
[2026-08-08T01:37:50.915832+00:00] BLOCKED 6a742529ef011b6da7537444 comment=True
[2026-08-08T01:38:35.948833+00:00] WORKING 6a73e04a2c2bbdf27b302dfe ⚡ [P2] Precision Boost Overdrive / Curve Optimizer
[2026-08-08T01:38:36.265486+00:00] BLOCKED 6a73e04a2c2bbdf27b302dfe comment=True
[2026-08-08T01:39:21.291852+00:00] WORKING 6a74af3a25f666660d8c180e 📨 [INBOX] sirgreen dashboard 502 second regression sirgreen 20260806
[2026-08-08T01:39:21.696025+00:00] BLOCKED 6a74af3a25f666660d8c180e comment=True
[2026-08-08T01:40:06.724298+00:00] WORKING 6a713b0defc24984d5e001fa About page created
[2026-08-08T01:40:07.062742+00:00] BLOCKED 6a713b0defc24984d5e001fa comment=True
[2026-08-08T01:40:52.071436+00:00] WORKING 6a710d0ffd0a320344aa32e1 Convert Instagram @glvwriter to business OR create @toruscoffeecompany
[2026-08-08T01:40:52.468630+00:00] BLOCKED 6a710d0ffd0a320344aa32e1 comment=True
[2026-08-08T01:41:37.512125+00:00] WORKING 6a70fd603fca14ff8b43d1a5 Create Buffer account
[2026-08-08T01:41:37.840746+00:00] BLOCKED 6a70fd603fca14ff8b43d1a5 comment=True
[2026-08-08T01:42:22.881151+00:00] WORKING 6a70c92f633aab641f597f6f Create Email Signature Graphics
[2026-08-08T01:42:23.314887+00:00] BLOCKED 6a70c92f633aab641f597f6f comment=True
[2026-08-08T01:43:08.348939+00:00] WORKING 6a70f3a93eaccbc40f76275b Create LinkedIn company page
[2026-08-08T01:43:08.677511+00:00] BLOCKED 6a70f3a93eaccbc40f76275b comment=True
[2026-08-08T01:43:53.718621+00:00] WORKING 6a710d0b00a317e0c600244b Create Pinterest business account @toruscoffeecompany
[2026-08-08T01:43:54.060463+00:00] BLOCKED 6a710d0b00a317e0c600244b comment=True
[2026-08-08T01:44:39.088414+00:00] WORKING 6a70f3a84e41187fc7023da2 Create TikTok business account
[2026-08-08T01:44:39.395462+00:00] BLOCKED 6a70f3a84e41187fc7023da2 comment=True
[2026-08-08T01:45:24.424640+00:00] WORKING 6a70fd615ee0938a5479fa2c Create Zapier account
[2026-08-08T01:45:24.927759+00:00] BLOCKED 6a70fd615ee0938a5479fa2c comment=True
[2026-08-08T01:46:09.960560+00:00] WORKING 6a712bbfb71d16375aadae83 Create website folder structure and routing
[2026-08-08T01:46:10.400036+00:00] BLOCKED 6a712bbfb71d16375aadae83 comment=True
[2026-08-08T01:46:55.424000+00:00] WORKING 6a71088cd3e3537db248738f Install packages into C:\Python314 cleanly
[2026-08-08T01:46:55.827759+00:00] BLOCKED 6a71088cd3e3537db248738f comment=True
[2026-08-08T01:47:40.855737+00:00] WORKING 6a713b0c24a06402ad38beff Products page created
[2026-08-08T01:47:41.212775+00:00] BLOCKED 6a713b0c24a06402ad38beff comment=True
[2026-08-08T01:48:26.242066+00:00] WORKING 6a71242b353146d037a7b9d7 Test Buffer scheduling with real post
[2026-08-08T01:48:26.627950+00:00] BLOCKED 6a71242b353146d037a7b9d7 comment=True
[2026-08-08T01:49:11.655680+00:00] WORKING 6a71242e5f35dafee7b9f6c8 Test HubSpot contact creation via API
[2026-08-08T01:49:12.030911+00:00] BLOCKED 6a71242e5f35dafee7b9f6c8 comment=True
[2026-08-08T01:49:57.073424+00:00] WORKING 6a710d1234ff949e11f9bfcb Test Meta Business Suite scheduling
[2026-08-08T01:49:57.413501+00:00] BLOCKED 6a710d1234ff949e11f9bfcb comment=True
[2026-08-08T01:50:42.441923+00:00] WORKING 6a71242cde079c5bc0e77f1a Test Zapier webhook end-to-end with sample payload
[2026-08-08T01:50:42.865845+00:00] BLOCKED 6a71242cde079c5bc0e77f1a comment=True
[2026-08-08T01:51:27.876438+00:00] WORKING 6a71399ecb5c7a6a2fbb6aa7 Test suite: 10/10 PASS (100%)
[2026-08-08T01:51:28.224159+00:00] BLOCKED 6a71399ecb5c7a6a2fbb6aa7 comment=True
[2026-08-08T01:52:13.259265+00:00] WORKING 6a74c96b03e085cc334229ce 🧪 Test call flow: GV -> wife cell -> voicemail -> transcription
[2026-08-08T01:52:13.624259+00:00] BLOCKED 6a74c96b03e085cc334229ce comment=True
[2026-08-08T01:52:58.653179+00:00] WORKING 6a70d70788d98bbf077e9c8e Aurora Bites Photo Set - Complete Missing
[2026-08-08T01:52:58.966299+00:00] BLOCKED 6a70d70788d98bbf077e9c8e comment=True
[2026-08-08T01:53:43.994646+00:00] WORKING 6a70a34d62d923fbb7007d01 Customer Order Fulfillment — July Batch
[2026-08-08T01:53:44.355121+00:00] BLOCKED 6a70a34d62d923fbb7007d01 comment=True
[2026-08-08T01:54:29.400652+00:00] WORKING 6a70d70613fdbf67f920df70 Email Signature Graphics - Miss Pink
[2026-08-08T01:54:29.752656+00:00] BLOCKED 6a70d70613fdbf67f920df70 comment=True
[2026-08-08T01:55:14.786356+00:00] WORKING 6a715f7223aa117f6248b4ed End-to-end verification of all Torus systems
[2026-08-08T01:55:15.212289+00:00] BLOCKED 6a715f7223aa117f6248b4ed comment=True
[2026-08-08T01:56:00.245660+00:00] WORKING 6a751520d659623cb7fd81a8 File Iowa state taxes — GovConnectIowa (monthly reminder)
[2026-08-08T01:56:00.580941+00:00] BLOCKED 6a751520d659623cb7fd81a8 comment=True
[2026-08-08T01:56:45.600004+00:00] WORKING 6a70dc3a3f6cebc0d3940f6c Finalize vendor applications
[2026-08-08T01:56:45.921807+00:00] BLOCKED 6a70dc3a3f6cebc0d3940f6c comment=True
[2026-08-08T01:57:30.959786+00:00] WORKING 6a713ee3d922b64ac4f030a4 Gordon identity discovered: AI Quartermaster
[2026-08-08T01:57:31.278159+00:00] BLOCKED 6a713ee3d922b64ac4f030a4 comment=True
[2026-08-08T01:58:16.308873+00:00] WORKING 6a710d117fd7bf22e52dfdcf Install Meta Business Suite app (optional)
[2026-08-08T01:58:16.686107+00:00] BLOCKED 6a710d117fd7bf22e52dfdcf comment=True
[2026-08-08T01:59:01.713888+00:00] WORKING 6a70a352bdeba243777cf69b June Payroll Processing
[2026-08-08T01:59:02.039382+00:00] BLOCKED 6a70a352bdeba243777cf69b comment=True
[2026-08-08T01:59:47.061338+00:00] WORKING 6a70a3484d662eadb7d73be1 Lease Commercial Space
[2026-08-08T01:59:47.405136+00:00] BLOCKED 6a70a3484d662eadb7d73be1 comment=True
[2026-08-08T02:00:32.430534+00:00] WORKING 6a70cc2b4e8f1d0ad4bb8d6b Organize existing product photos into vault
[2026-08-08T02:00:32.801418+00:00] BLOCKED 6a70cc2b4e8f1d0ad4bb8d6b comment=True
[2026-08-08T02:01:17.826227+00:00] WORKING 6a70c92c96bc4a26639b681f Product images — Apple Zephyr Chips (TCC-AZC-115)
[2026-08-08T02:01:18.370411+00:00] BLOCKED 6a70c92c96bc4a26639b681f comment=True
[2026-08-08T02:02:03.395951+00:00] WORKING 6a70c92b0db3cff4cd93a2d0 Product images — Aurora Bites (TCC-AB-26)
[2026-08-08T02:02:03.741644+00:00] BLOCKED 6a70c92b0db3cff4cd93a2d0 comment=True
[2026-08-08T02:02:48.777600+00:00] WORKING 6a70c927f4468b0587d2a6df Product images — Neapolitan Orbit Cream Crunch (TCC-NOCC-200)
[2026-08-08T02:02:49.131271+00:00] BLOCKED 6a70c927f4468b0587d2a6df comment=True
[2026-08-08T02:03:34.165969+00:00] WORKING 6a70c92a45c5fbc4b69417ab Product images — Solar Strawberries (TCC-SS-05)
[2026-08-08T02:03:34.523686+00:00] BLOCKED 6a70c92a45c5fbc4b69417ab comment=True
[2026-08-08T02:04:19.583540+00:00] WORKING 6a70c9283ce88eda267142c5 Product images — Star-Dusted Banana Crunch (TCC-SDB-115)
[2026-08-08T02:04:20.013036+00:00] BLOCKED 6a70c9283ce88eda267142c5 comment=True
[2026-08-08T02:05:05.021009+00:00] WORKING 6a71088c68341b4e6174adaa Repair C:\Python314\python.exe install
[2026-08-08T02:05:05.513628+00:00] BLOCKED 6a71088c68341b4e6174adaa comment=True
[2026-08-08T02:05:50.543743+00:00] WORKING 6a70a34a55c66e3104697b64 Run Batch — Cold Brew Reserve
[2026-08-08T02:05:50.888576+00:00] BLOCKED 6a70a34a55c66e3104697b64 comment=True
[2026-08-08T02:06:35.916277+00:00] WORKING 6a70da7ebb27e2061e6d0d33 Send vendor pricing sheet to markets
[2026-08-08T02:06:36.336020+00:00] BLOCKED 6a70da7ebb27e2061e6d0d33 comment=True
[2026-08-08T02:07:21.362859+00:00] WORKING 6a715c0371fe26b9eb72983d Set up Wave Accounting
[2026-08-08T02:07:21.796348+00:00] BLOCKED 6a715c0371fe26b9eb72983d comment=True
[2026-08-08T02:08:06.831228+00:00] WORKING 6a70d708c1a72f0f064d8e3d Sour Aurora Bites Photo Set - Complete Missing
[2026-08-08T02:08:07.144493+00:00] BLOCKED 6a70d708c1a72f0f064d8e3d comment=True
[2026-08-08T02:08:52.174655+00:00] WORKING 6a70a349556e13858649d988 Supplier Contract Renewal — Green Coffee Imports
[2026-08-08T02:08:52.479420+00:00] BLOCKED 6a70a349556e13858649d988 comment=True
[2026-08-08T02:09:37.504656+00:00] WORKING 6a70da79f9c343975b0d70a8 Vendor Pricing Sheet - Complete
[2026-08-08T02:09:37.806109+00:00] BLOCKED 6a70da79f9c343975b0d70a8 comment=True
[2026-08-08T02:10:22.833249+00:00] WORKING 6a73f5a03041dff74d8e234f 📨 RE PINKCADY BIOS SVM XMP STEPS 20260806T011500Z misspink.msg
[2026-08-08T02:10:23.178179+00:00] BLOCKED 6a73f5a03041dff74d8e234f comment=True
[2026-08-08T02:11:08.203305+00:00] WORKING 6a73c24d93a43a89e3cd58f1 🔒 Admin elevation required for choco install on PINKCADY
[2026-08-08T02:11:08.555165+00:00] BLOCKED 6a73c24d93a43a89e3cd58f1 comment=True
[2026-08-08T02:11:53.581123+00:00] WORKING 6a73e048bcd17a1224a23f1c 🖥️ [P1] Reboot PINKCADY + enable SVM Mode in BIOS
[2026-08-08T02:11:53.921768+00:00] BLOCKED 6a73e048bcd17a1224a23f1c comment=True
[2026-08-08T02:12:38.967267+00:00] WORKING 6a714261497a74d5c08db6fc Clean up Zapier Zaps in UI
[2026-08-08T02:12:39.287274+00:00] BLOCKED 6a714261497a74d5c08db6fc comment=True
[2026-08-08T02:13:24.353070+00:00] WORKING 6a70f8d05fe4b044e08e7ba6 Connect Buffer to social channels
[2026-08-08T02:13:24.756690+00:00] BLOCKED 6a70f8d05fe4b044e08e7ba6 comment=True
[2026-08-08T02:14:09.789980+00:00] WORKING 6a714260a52b6b7b6b52d389 Disabled Zapier auto-send
[2026-08-08T02:14:10.179394+00:00] BLOCKED 6a714260a52b6b7b6b52d389 comment=True
[2026-08-08T02:14:55.212282+00:00] WORKING 6a710d10982ed4f96b55c3aa Install Buffer browser extension (optional)
[2026-08-08T02:14:55.521764+00:00] BLOCKED 6a710d10982ed4f96b55c3aa comment=True
[2026-08-08T02:15:40.561459+00:00] WORKING 6a712bc042b16192a0e67f22 Integrate Buffer API into website
[2026-08-08T02:15:40.981867+00:00] BLOCKED 6a712bc042b16192a0e67f22 comment=True
[2026-08-08T02:16:26.009607+00:00] WORKING 6a712bc288b7b8dc510594e1 Integrate Zapier webhook into website
[2026-08-08T02:16:26.479509+00:00] BLOCKED 6a712bc288b7b8dc510594e1 comment=True
-08-08T00:33:49.815876+00:00] SKIP_RETRY_LATER 6a75899bb7cf1af4adfc2c26 Requires manual action or external access.
[2026-08-08T00:33:49.819637+00:00] WORKING 6a7589964dc16b0037f9d5ab Gmail: opsec-safe email triage automation — read, organize, delete, archive
[2026-08-08T00:33:49.819965+00:00] SKIP_RETRY_LATER 6a7589964dc16b0037f9d5ab Requires manual action or external access.
[2026-08-08T00:33:49.823383+00:00] WORKING 6a758970843030183a361c45 Gordon caught Sir Green's overclaim
[2026-08-08T00:33:49.823650+00:00] SKIP_RETRY_LATER 6a758970843030183a361c45 Requires manual action or external access.
[2026-08-08T00:33:49.827026+00:00] WORKING 6a70f8cb50d5e5c87c22ff3c Install Obsidian Git plugin
[2026-08-08T00:33:49.827213+00:00] SKIP_RETRY_LATER 6a70f8cb50d5e5c87c22ff3c Requires manual action or external access.
[2026-08-08T00:33:49.830517+00:00] WORKING 6a70dc3b050af2fa80c256aa Link social media accounts
[2026-08-08T00:33:49.830840+00:00] SKIP_RETRY_LATER 6a70dc3b050af2fa80c256aa Requires manual action or external access.
[2026-08-08T00:33:49.833750+00:00] WORKING 6a70b75c8eb09699eac6d51e Link social media accounts to vault
[2026-08-08T00:33:49.834045+00:00] SKIP_RETRY_LATER 6a70b75c8eb09699eac6d51e Requires manual action or external access.
[2026-08-08T00:33:49.838398+00:00] WORKING 6a70c2e98ca3bfb0ad902c5b Link social media accounts — Facebook + Pinterest handles
[2026-08-08T00:33:49.838594+00:00] SKIP_RETRY_LATER 6a70c2e98ca3bfb0ad902c5b Requires manual action or external access.
[2026-08-08T00:33:49.843752+00:00] WORKING 6a7589943bcf75d5aa78272d Miss Pink Rig: full hardware/software inventory pass
[2026-08-08T00:33:49.844076+00:00] SKIP_RETRY_LATER 6a7589943bcf75d5aa78272d Requires manual action or external access.
[2026-08-08T00:33:49.847997+00:00] WORKING 6a758993681f6baa5d0bb753 Miss Pink: confirm PINKCADY Tailscale + bridge + inbox watcher
[2026-08-08T00:33:49.848358+00:00] SKIP_RETRY_LATER 6a758993681f6baa5d0bb753 Requires manual action or external access.
[2026-08-08T00:33:49.853083+00:00] WORKING 6a70f3aaa5e9659c8bb799e1 Post consistent content across platforms
[2026-08-08T00:33:49.853315+00:00] SKIP_RETRY_LATER 6a70f3aaa5e9659c8bb799e1 Requires manual action or external access.
[2026-08-08T00:33:49.858760+00:00] WORKING 6a70da7e81e778646cc01051 Publish website content
[2026-08-08T00:33:49.858977+00:00] SKIP_RETRY_LATER 6a70da7e81e778646cc01051 Requires manual action or external access.
[2026-08-08T00:33:49.863692+00:00] WORKING 6a7124397d476d7f408e40f6 Push all changes to GitHub
[2026-08-08T00:33:49.864032+00:00] SKIP_RETRY_LATER 6a7124397d476d7f408e40f6 Requires manual action or external access.
[2026-08-08T00:33:49.869371+00:00] WORKING 6a70a351c98f4292654148bc Review Obsidian Plugins
[2026-08-08T00:33:49.869780+00:00] SKIP_RETRY_LATER 6a70a351c98f4292654148bc Requires manual action or external access.
[2026-08-08T00:33:49.873460+00:00] WORKING 6a70fd6215d81dccfafc6721 Setup Cloudflare DNS/CDN
[2026-08-08T00:33:49.873805+00:00] SKIP_RETRY_LATER 6a70fd6215d81dccfafc6721 Requires manual action or external access.
[2026-08-08T00:33:49.877038+00:00] WORKING 6a70a34ef5f5861a589dbc13 Setup GitHub Repos
[2026-08-08T00:33:49.877226+00:00] SKIP_RETRY_LATER 6a70a34ef5f5861a589dbc13 Requires manual action or external access.
[2026-08-08T00:33:49.880753+00:00] WORKING 6a75895e41d6fe7d98b265ee Setup Google Analytics
[2026-08-08T00:33:49.881035+00:00] SKIP_RETRY_LATER 6a75895e41d6fe7d98b265ee Requires manual action or external access.
[2026-08-08T00:33:49.885183+00:00] WORKING 6a70a35373ba21fdb97ed1a9 Setup Google Workspace
[2026-08-08T00:33:49.885530+00:00] SKIP_RETRY_LATER 6a70a35373ba21fdb97ed1a9 Requires manual action or external access.
[2026-08-08T00:33:49.888269+00:00] WORKING 6a70fd6168484eac3e8f306a Setup Meta Business Suite
[2026-08-08T00:33:49.888401+00:00] SKIP_RETRY_LATER 6a70fd6168484eac3e8f306a Requires manual action or external access.
[2026-08-08T00:33:49.891568+00:00] WORKING 6a7589604e605ff5499c5686 Setup Obsidian Vault
[2026-08-08T00:33:49.891764+00:00] SKIP_RETRY_LATER 6a7589604e605ff5499c5686 Requires manual action or external access.
[2026-08-08T00:33:49.895150+00:00] WORKING 6a70a34cc24aac226c72a44e Setup Social Media Accounts
[2026-08-08T00:33:49.896028+00:00] SKIP_RETRY_LATER 6a70a34cc24aac226c72a44e Requires manual action or external access.
[2026-08-08T00:33:49.899583+00:00] WORKING 6a70da7fcd2379a3f1dc482a Setup daily ops Task Scheduler jobs
[2026-08-08T00:33:49.899767+00:00] SKIP_RETRY_LATER 6a70da7fcd2379a3f1dc482a Requires manual action or external access.
[2026-08-08T00:33:49.902516+00:00] WORKING 6a75899756307560a3089f1c Setup: install GitHub CLI on Miss Pink Rig (PINKCADY)
[2026-08-08T00:33:49.902664+00:00] SKIP_RETRY_LATER 6a75899756307560a3089f1c Requires manual action or external access.
[2026-08-08T00:33:49.905295+00:00] WORKING 6a75898828efd0016885aca5 Sir Green Discord bot: watcher auto-restart/crash recovery
[2026-08-08T00:33:49.905501+00:00] SKIP_RETRY_LATER 6a75898828efd0016885aca5 Requires manual action or external access.
[2026-08-08T00:33:49.908749+00:00] WORKING 6a75898eff44ddf98f028712 Sir Green watcher auto-restart/crash recovery
[2026-08-08T00:33:49.908952+00:00] SKIP_RETRY_LATER 6a75898eff44ddf98f028712 Requires manual action or external access.
[2026-08-08T00:33:49.911187+00:00] WORKING 6a75899158086af488986c16 Sir Green ↔ Miss Pink checks and balances system
[2026-08-08T00:33:49.911339+00:00] SKIP_RETRY_LATER 6a75899158086af488986c16 Requires manual action or external access.
[2026-08-08T00:33:49.913793+00:00] WORKING 6a70da7a9863bd022c98fb5c Website Content - About Page
[2026-08-08T00:33:49.913972+00:00] SKIP_RETRY_LATER 6a70da7a9863bd022c98fb5c Requires manual action or external access.
[2026-08-08T00:33:49.916498+00:00] WORKING 6a70da7bc6d7955609b51884 Website Content - Legal Pages
[2026-08-08T00:33:49.916715+00:00] SKIP_RETRY_LATER 6a70da7bc6d7955609b51884 Requires manual action or external access.
[2026-08-08T00:33:49.919887+00:00] WORKING 6a70da7a476d98a030620c9c Website Content - Product Descriptions
[2026-08-08T00:33:49.920062+00:00] SKIP_RETRY_LATER 6a70da7a476d98a030620c9c Requires manual action or external access.
[2026-08-08T00:33:49.922589+00:00] WORKING 6a75895c5a59d77cb8f7d609 [P1] Sir Green: add /api/fleet route to dashboard_server.py
[2026-08-08T00:33:49.922729+00:00] SKIP_RETRY_LATER 6a75895c5a59d77cb8f7d609 Requires manual action or external access.
[2026-08-08T00:33:49.925204+00:00] WORKING 6a75896450f950c1b08407ad [P1] Sir Green: add /api/hw route to dashboard_server.py
[2026-08-08T00:33:49.925330+00:00] SKIP_RETRY_LATER 6a75896450f950c1b08407ad Requires manual action or external access.
[2026-08-08T00:33:49.928518+00:00] WORKING 6a7589651b1414b7bc8d08d5 [P1] Sir Green: add /api/rig-report route to dashboard_server.py
[2026-08-08T00:33:49.928738+00:00] SKIP_RETRY_LATER 6a7589651b1414b7bc8d08d5 Requires manual action or external access.
[2026-08-08T00:33:49.932064+00:00] WORKING 6a75896164c5703182d4e899 [P1] Sir Green: add /api/tools route to dashboard_server.py
[2026-08-08T00:33:49.932245+00:00] SKIP_RETRY_LATER 6a75896164c5703182d4e899 Requires manual action or external access.
[2026-08-08T00:33:49.935548+00:00] WORKING 6a74252bd046248f139d03ec [P3] Obsidian vault audit report + remediation
[2026-08-08T00:33:49.935732+00:00] SKIP_RETRY_LATER 6a74252bd046248f139d03ec Requires manual action or external access.
[2026-08-08T00:33:49.938868+00:00] WORKING 6a717fb91a29e733c5c4a403 torus-inventory image built
[2026-08-08T00:33:49.939325+00:00] SKIP_RETRY_LATER 6a717fb91a29e733c5c4a403 Requires manual action or external access.
[2026-08-08T00:33:49.942344+00:00] WORKING 6a7589529fe332d70beb136d ✅ FIXED: Prometheus scrape config cleaned
[2026-08-08T00:33:49.942529+00:00] SKIP_RETRY_LATER 6a7589529fe332d70beb136d Requires manual action or external access.
[2026-08-08T00:33:49.945249+00:00] WORKING 6a7589637b1c05cf671a13d9 👥 Sir Green: invite limited toruscoffeecompany collaborators
[2026-08-08T00:33:49.945432+00:00] SKIP_RETRY_LATER 6a7589637b1c05cf671a13d9 Requires manual action or external access.
[2026-08-08T00:33:49.947910+00:00] WORKING 6a7394042cde48d50291cb01 📋 Configure VOID team tiers: void-crew, void-ops, void-captain
[2026-08-08T00:33:49.948105+00:00] SKIP_RETRY_LATER 6a7394042cde48d50291cb01 Requires manual action or external access.
[2026-08-08T00:33:49.951405+00:00] WORKING 6a75890e8dc27defd0a1ca9c 📨 Auto-alert when new PINKCADY inbox messages arrive
[2026-08-08T00:33:49.951609+00:00] SKIP_RETRY_LATER 6a75890e8dc27defd0a1ca9c Requires manual action or external access.
[2026-08-08T00:33:49.954837+00:00] WORKING 6a73e0bdfa6e0cdc6b681f29 📨 RE PINKCADY VIRTUALIZATION SETUP PLAN 20260806T002500Z misspink.msg
[2026-08-08T00:33:49.955000+00:00] SKIP_RETRY_LATER 6a73e0bdfa6e0cdc6b681f29 Requires manual action or external access.
[2026-08-08T00:33:49.957172+00:00] WORKING 6a73e0c0df49153b5f295bf5 📨 RE PINKCADY VIRTUALIZATION SETUP PLAN 20260806T010000Z captain.msg
[2026-08-08T00:33:49.957317+00:00] SKIP_RETRY_LATER 6a73e0c0df49153b5f295bf5 Requires manual action or external access.
[2026-08-08T00:33:49.959800+00:00] WORKING 6a758924a3655c36e6f0f736 📨 [INBOX] RE UNIFIED DASHBOARD DECISION ONE DASHBOARD ONLY 20260806T012800Z sirgreen.msg
[2026-08-08T00:33:49.960049+00:00] SKIP_RETRY_LATER 6a758924a3655c36e6f0f736 Requires manual action or external access.
[2026-08-08T00:33:49.963128+00:00] WORKING 6a758926d9b6f4a300fec792 📨 [INBOX] REMINDER DOCKER DESKTOP TAILSCALE AND DASHBOARD EVIDENCE STILL NEEDED 20260806T042700Z sirgreen.msg
[2026-08-08T00:33:49.963340+00:00] SKIP_RETRY_LATER 6a758926d9b6f4a300fec792 Requires manual action or external access.
[2026-08-08T00:33:49.965976+00:00] WORKING 6a7589273e0a40eec984f1cf 📨 [INBOX] SIR GREEN BOT AND WATCHER VERIFIED END TO END BRIDGE LIVE 20260806T041200Z sirgreen.msg
[2026-08-08T00:33:49.966157+00:00] SKIP_RETRY_LATER 6a7589273e0a40eec984f1cf Requires manual action or external access.
[2026-08-08T00:33:49.968217+00:00] WORKING 6a75893b799e5f22d21430ab 📨 [INBOX] board audit obsidian deepdive and asks sirgreen 20260806
[2026-08-08T00:33:49.968353+00:00] SKIP_RETRY_LATER 6a75893b799e5f22d21430ab Requires manual action or external access.
[2026-08-08T00:33:49.970786+00:00] WORKING 6a75892b4e2a8ac41d526ac7 📨 [INBOX] dashboard gaps sirgreen 20260806
[2026-08-08T00:33:49.970965+00:00] SKIP_RETRY_LATER 6a75892b4e2a8ac41d526ac7 Requires manual action or external access.
[2026-08-08T00:33:49.973378+00:00] WORKING 6a75892c4631fddbd3b9cbca 📨 [INBOX] dashboard improvements sirgreen 20260806
[2026-08-08T00:33:49.973523+00:00] SKIP_RETRY_LATER 6a75892c4631fddbd3b9cbca Requires manual action or external access.
[2026-08-08T00:33:49.976235+00:00] WORKING 6a7589360e047def4cece7fc 📨 [INBOX] dashboard port and swarm decision sirgreen 20260806
[2026-08-08T00:33:49.976383+00:00] SKIP_RETRY_LATER 6a7589360e047def4cece7fc Requires manual action or external access.
[2026-08-08T00:33:49.979580+00:00] WORKING 6a75893ee7d5ddbd2d722d76 📨 [INBOX] followup dashboard top10 trello voidops sirgreen 20260806
[2026-08-08T00:33:49.979760+00:00] SKIP_RETRY_LATER 6a75893ee7d5ddbd2d722d76 Requires manual action or external access.
[2026-08-08T00:33:49.982943+00:00] WORKING 6a75893f48fa1255ad221200 📨 [INBOX] miss pink dashboard top10 trello voidops ask sirgreen 20260806
[2026-08-08T00:33:49.983174+00:00] SKIP_RETRY_LATER 6a75893f48fa1255ad221200 Requires manual action or external access.
[2026-08-08T00:33:49.985531+00:00] WORKING 6a75892fdcd672c874804a71 📨 [INBOX] new trello git cards for docker webhooks k8s sirgreen 20260806
[2026-08-08T00:33:49.985799+00:00] SKIP_RETRY_LATER 6a75892fdcd672c874804a71 Requires manual action or external access.
[2026-08-08T00:33:49.988795+00:00] WORKING 6a758934c9b2726fdb9bdd78 📨 [INBOX] obsidian plugin completion webhook retry sirgreen 20260806
[2026-08-08T00:33:49.988989+00:00] SKIP_RETRY_LATER 6a758934c9b2726fdb9bdd78 Requires manual action or external access.
[2026-08-08T00:33:49.991789+00:00] WORKING 6a758935db524f747a60a6b5 📨 [INBOX] ooda plugin automation complete sirgreen 20260806T0624Z
[2026-08-08T00:33:49.992024+00:00] SKIP_RETRY_LATER 6a758935db524f747a60a6b5 Requires manual action or external access.
[2026-08-08T00:33:49.995500+00:00] WORKING 6a7589405f861bb6e84ba6b7 📨 [INBOX] pinkcady dashboard connectivity checklist sirgreen 20260806
[2026-08-08T00:33:49.995689+00:00] SKIP_RETRY_LATER 6a7589405f861bb6e84ba6b7 Requires manual action or external access.
[2026-08-08T00:33:49.999370+00:00] WORKING 6a75894bb61d4d52851d766e 📨 [INBOX] sirgreen continuous tasklist live sirgreen 20260806
[2026-08-08T00:33:49.999601+00:00] SKIP_RETRY_LATER 6a75894bb61d4d52851d766e Requires manual action or external access.
[2026-08-08T00:33:50.003637+00:00] WORKING 6a75894f16641f96753c5632 📨 [INBOX] sirgreen dashboard endpoints still 404 sirgreen 20260806
[2026-08-08T00:33:50.003861+00:00] SKIP_RETRY_LATER 6a75894f16641f96753c5632 Requires manual action or external access.
[2026-08-08T00:33:50.007215+00:00] WORKING 6a758949ef623d2eed8038cf 📨 [INBOX] sirgreen dashboard recommendations local network monitor sirgreen 20260806
[2026-08-08T00:33:50.007386+00:00] SKIP_RETRY_LATER 6a758949ef623d2eed8038cf Requires manual action or external access.
[2026-08-08T00:33:50.010967+00:00] WORKING 6a7589567bb5bd14c289c9a1 📨 [INBOX] sirgreen docker fixes summary sirgreen 20260806
[2026-08-08T00:33:50.011176+00:00] SKIP_RETRY_LATER 6a7589567bb5bd14c289c9a1 Requires manual action or external access.
[2026-08-08T00:33:50.014126+00:00] WORKING 6a758955885daf8362120646 📨 [INBOX] sirgreen docker progress and actions sirgreen 20260806
[2026-08-08T00:33:50.014340+00:00] SKIP_RETRY_LATER 6a758955885daf8362120646 Requires manual action or external access.
[2026-08-08T00:33:50.017810+00:00] WORKING 6a7589516535c08f6d2c5d8f 📨 [INBOX] sirgreen final ooda summary sirgreen 20260806
[2026-08-08T00:33:50.018106+00:00] SKIP_RETRY_LATER 6a7589516535c08f6d2c5d8f Requires manual action or external access.
[2026-08-08T00:33:50.021524+00:00] WORKING 6a75894afc2a87d39c8eda4f 📨 [INBOX] sirgreen final progress summary and asks sirgreen 20260806
[2026-08-08T00:33:50.021952+00:00] SKIP_RETRY_LATER 6a75894afc2a87d39c8eda4f Requires manual action or external access.
[2026-08-08T00:33:50.024940+00:00] WORKING 6a758946dcd672c874807b0f 📨 [INBOX] sirgreen share trello automation setup sirgreen 20260806
[2026-08-08T00:33:50.025173+00:00] SKIP_RETRY_LATER 6a758946dcd672c874807b0f Requires manual action or external access.
[2026-08-08T00:33:50.028471+00:00] WORKING 6a75894130db92bea127ca7e 📨 [INBOX] sirgreen trello automation questions sirgreen 20260806
[2026-08-08T00:33:50.028707+00:00] SKIP_RETRY_LATER 6a75894130db92bea127ca7e Requires manual action or external access.
[2026-08-08T00:33:50.031648+00:00] WORKING 6a7589443e0a40eec9853027 📨 [INBOX] sirgreen trello butler automation request sirgreen 20260806
[2026-08-08T00:33:50.031801+00:00] SKIP_RETRY_LATER 6a7589443e0a40eec9853027 Requires manual action or external access.
[2026-08-08T00:33:50.034196+00:00] WORKING 6a758947bd13dbbd1036fccd 📨 [INBOX] sirgreen trello setup automation questions sirgreen 20260806
[2026-08-08T00:33:50.034352+00:00] SKIP_RETRY_LATER 6a758947bd13dbbd1036fccd Requires manual action or external access.
[2026-08-08T00:33:50.036454+00:00] WORKING 6a75894c8bb5fbc09929d8ae 📨 [INBOX] sirgreen verifier flags dashboard 8089 and rig report 404 sirgreen 20260806
[2026-08-08T00:33:50.036626+00:00] SKIP_RETRY_LATER 6a75894c8bb5fbc09929d8ae Requires manual action or external access.
[2026-08-08T00:33:50.039313+00:00] WORKING 6a75895907626d14b41863cc 📨 [INBOX] sirgreen void ops mirror request sirgreen 20260806
[2026-08-08T00:33:50.039479+00:00] SKIP_RETRY_LATER 6a75895907626d14b41863cc Requires manual action or external access.
[2026-08-08T00:33:50.041817+00:00] WORKING 6a7589300fc3534da52dddd0 📨 [INBOX] torus dashboard multistage push sirgreen 20260806
[2026-08-08T00:33:50.041986+00:00] SKIP_RETRY_LATER 6a7589300fc3534da52dddd0 Requires manual action or external access.
[2026-08-08T00:33:50.044081+00:00] WORKING 6a7589459dc3122cb7d3df39 📨 [INBOX] vault audit progress dashboard recommendations sirgreen 20260806
[2026-08-08T00:33:50.044257+00:00] SKIP_RETRY_LATER 6a7589459dc3122cb7d3df39 Requires manual action or external access.
[2026-08-08T00:33:50.046516+00:00] WORKING 6a75895abbf99bb49a916090 🔐 Sir Green: invite limited toruscoffeecompany collaborators
[2026-08-08T00:33:50.046659+00:00] SKIP_RETRY_LATER 6a75895abbf99bb49a916090 Requires manual action or external access.
[2026-08-08T00:33:50.049218+00:00] WORKING 6a738f523974a0974bb285b1 🔐 Store GitHub PAT in vault secrets
[2026-08-08T00:33:50.049417+00:00] SKIP_RETRY_LATER 6a738f523974a0974bb285b1 Requires manual action or external access.
[2026-08-08T00:33:50.052362+00:00] WORKING 6a73ddaf54ccdd15e1367c37 🖥️ PINKCADY virtualization setup: enable AMD-V/SVM in BIOS
[2026-08-08T00:33:50.052557+00:00] SKIP_RETRY_LATER 6a73ddaf54ccdd15e1367c37 Requires manual action or external access.
[2026-08-08T00:33:50.055465+00:00] WORKING 6a738f5011a1d1aaae2ebe69 🤖 Confirm Discord bot scripts to keep live
[2026-08-08T00:33:50.055671+00:00] SKIP_RETRY_LATER 6a738f5011a1d1aaae2ebe69 Requires manual action or external access.
[2026-08-08T00:33:50.059082+00:00] WORKING 6a73bed4108ae9ed24d66457 🤖 Discord bot token + Torus Coffee server invite
[2026-08-08T00:33:50.059271+00:00] SKIP_RETRY_LATER 6a73bed4108ae9ed24d66457 Requires manual action or external access.
[2026-08-08T00:33:50.062451+00:00] WORKING 6a737f7e62239d8d15fe9507 🤖 Finish Discord bot token + invite to Torus Coffee server
[2026-08-08T00:33:50.062624+00:00] SKIP_RETRY_LATER 6a737f7e62239d8d15fe9507 Requires manual action or external access.
[2026-08-08T00:33:50.065162+00:00] WORKING 6a73c8148c4efaab74da01c4 🧪 #260 End-to-end Discord bot tests + relay fixes
[2026-08-08T00:33:50.065349+00:00] SKIP_RETRY_LATER 6a73c8148c4efaab74da01c4 Requires manual action or external access.
[2026-08-08T00:33:50.067981+00:00] WORKING 6a75899de72bd0cf31beb36f Test Critical System Alert
[2026-08-08T00:33:50.068214+00:00] SKIP_RETRY_LATER 6a75899de72bd0cf31beb36f Requires manual action or external access.
[2026-08-08T00:33:50.070609+00:00] WORKING 6a758958088d9a304d8498da 📨 [INBOX] sirgreen docker hub and dashboard request sirgreen 20260806
[2026-08-08T00:33:50.070786+00:00] SKIP_RETRY_LATER 6a758958088d9a304d8498da Requires manual action or external access.
[2026-08-08T00:33:50.073190+00:00] WORKING 6a75895485b827bfeacc8894 🔑 NEEDS CREDS: Docker Hub auth failure
[2026-08-08T00:33:50.073348+00:00] SKIP_RETRY_LATER 6a75895485b827bfeacc8894 Requires manual action or external access.
[2026-08-08T00:33:50.076688+00:00] WORKING 6a75897ba83a8991d4fa62c0 Build Obsidian vault watcher daemon
[2026-08-08T00:33:50.076867+00:00] SKIP_RETRY_LATER 6a75897ba83a8991d4fa62c0 Requires manual action or external access.
[2026-08-08T00:33:50.080931+00:00] WORKING 6a75897837f4e0714a23594f Build automation dashboard page
[2026-08-08T00:33:50.081080+00:00] SKIP_RETRY_LATER 6a75897837f4e0714a23594f Requires manual action or external access.
[2026-08-08T00:33:50.083891+00:00] WORKING 6a75897f8e28e479fd6a4979 Build crew scheduler with capacity-aware rules
[2026-08-08T00:33:50.084072+00:00] SKIP_RETRY_LATER 6a75897f8e28e479fd6a4979 Requires manual action or external access.
[2026-08-08T00:33:50.086532+00:00] WORKING 6a758979784c7081f7ef5ff3 Build inventory dashboard widget
[2026-08-08T00:33:50.086718+00:00] SKIP_RETRY_LATER 6a758979784c7081f7ef5ff3 Requires manual action or external access.
[2026-08-08T00:33:50.089032+00:00] WORKING 6a75896ee1d84453c52ff789 Deploy website to Vercel
[2026-08-08T00:33:50.089294+00:00] SKIP_RETRY_LATER 6a75896ee1d84453c52ff789 Requires manual action or external access.
[2026-08-08T00:33:50.092390+00:00] WORKING 6a71243a6f880a7967d43e54 End-to-end verification: Buffer + Zapier + HubSpot + Trello
[2026-08-08T00:33:50.092697+00:00] SKIP_RETRY_LATER 6a71243a6f880a7967d43e54 Requires manual action or external access.
[2026-08-08T00:33:50.095332+00:00] WORKING 6a75898a2e530ff316871ff7 Miss Pink: build Discord bot for VOID Pirate server
[2026-08-08T00:33:50.095513+00:00] SKIP_RETRY_LATER 6a75898a2e530ff316871ff7 Requires manual action or external access.
[2026-08-08T00:33:50.098738+00:00] WORKING 6a70f8cef53e66596583fb68 Setup Buffer account
[2026-08-08T00:33:50.098905+00:00] SKIP_RETRY_LATER 6a70f8cef53e66596583fb68 Requires manual action or external access.
[2026-08-08T00:33:50.101204+00:00] WORKING 6a75896838e0931f044ee9a8 Setup Square payment links
[2026-08-08T00:33:50.101360+00:00] SKIP_RETRY_LATER 6a75896838e0931f044ee9a8 Requires manual action or external access.
[2026-08-08T00:33:50.103527+00:00] WORKING 6a70f8ce24dcd595547c33c6 Setup Zapier account
[2026-08-08T00:33:50.103658+00:00] SKIP_RETRY_LATER 6a70f8ce24dcd595547c33c6 Requires manual action or external access.
[2026-08-08T00:33:50.105752+00:00] WORKING 6a758974a237f8eedb391c85 torus-inventory fixed and deployed
[2026-08-08T00:33:50.105889+00:00] SKIP_RETRY_LATER 6a758974a237f8eedb391c85 Requires manual action or external access.
[2026-08-08T00:33:50.107897+00:00] WORKING 6a75897307c48205cd582bdc torus-pos deployed and healthy
[2026-08-08T00:33:50.108033+00:00] SKIP_RETRY_LATER 6a75897307c48205cd582bdc Requires manual action or external access.
[2026-08-08T00:33:50.110142+00:00] WORKING 6a75890de46716eda3d00dfe 📋 Build OODA tasklist from Trello + Obsidian inbox
[2026-08-08T00:33:50.110278+00:00] SKIP_RETRY_LATER 6a75890de46716eda3d00dfe Requires manual action or external access.
[2026-08-08T00:33:50.112323+00:00] WORKING 6a758938570bb5e6476995fb 📨 [INBOX] pink docker build push and single ask sirgreen 20260806
[2026-08-08T00:33:50.112458+00:00] SKIP_RETRY_LATER 6a758938570bb5e6476995fb Requires manual action or external access.
[2026-08-08T00:33:50.114781+00:00] WORKING 6a71242d36dee4dcaee7187c Add Zapier retry/backoff logic
[2026-08-08T00:33:50.114924+00:00] SKIP_RETRY_LATER 6a71242d36dee4dcaee7187c Requires manual action or external access.
[2026-08-08T00:33:50.117140+00:00] WORKING 6a712bc6638b14d57fd28dd6 Add authentication to website
[2026-08-08T00:33:50.431052+00:00] COMPLETED 6a712bc6638b14d57fd28dd6 comment=True
[2026-08-08T00:34:35.466134+00:00] WORKING 6a70f1b222a6bcea1ae81154 Create/verify TikTok account
[2026-08-08T00:34:35.466387+00:00] SKIP_RETRY_LATER 6a70f1b222a6bcea1ae81154 Requires manual action or external access.
[2026-08-08T00:34:35.470238+00:00] WORKING 6a712fa779f75a27d760cacf Launch revenue stream tracking in vault and Trello
[2026-08-08T00:34:35.470429+00:00] SKIP_RETRY_LATER 6a712fa779f75a27d760cacf Requires manual action or external access.
[2026-08-08T00:34:35.473898+00:00] WORKING 6a70a3509e558a293bbd1aa5 Pricing Sheet Update — Q4 Menu
[2026-08-08T00:34:35.474146+00:00] SKIP_RETRY_LATER 6a70a3509e558a293bbd1aa5 Requires manual action or external access.
[2026-08-08T00:34:35.477332+00:00] WORKING 6a70d707920c145749b2f4ed Product Photo Tracking Spreadsheet
[2026-08-08T00:34:35.477523+00:00] SKIP_RETRY_LATER 6a70d707920c145749b2f4ed Requires manual action or external access.
[2026-08-08T00:34:35.481907+00:00] WORKING 6a713b0e8c32f74a1db77099 Root layout updated
[2026-08-08T00:34:35.482194+00:00] SKIP_RETRY_LATER 6a713b0e8c32f74a1db77099 Requires manual action or external access.
[2026-08-08T00:34:35.486414+00:00] WORKING 6a70a34e88d5b5f7ebf055f0 Safety Protocol Update — Kitchen Equipment
[2026-08-08T00:34:35.486683+00:00] SKIP_RETRY_LATER 6a70a34e88d5b5f7ebf055f0 Requires manual action or external access.
[2026-08-08T00:34:35.490314+00:00] WORKING 6a712fab76212a7d0361f7cb Set revenue milestone: first dollar from any stream
[2026-08-08T00:34:43.245186+00:00] COMPLETED 6a712fab76212a7d0361f7cb comment=True
[2026-08-08T00:35:28.269227+00:00] WORKING 6a70f3a93eaccbc40f76275b Create LinkedIn company page
[2026-08-08T00:35:28.269416+00:00] SKIP_RETRY_LATER 6a70f3a93eaccbc40f76275b Requires manual action or external access.
[2026-08-08T00:35:28.271795+00:00] WORKING 6a710d0c194aceae34b21f51 Create LinkedIn company page: Torus Coffee Company LLC
[2026-08-08T00:35:28.271968+00:00] SKIP_RETRY_LATER 6a710d0c194aceae34b21f51 Requires manual action or external access.
[2026-08-08T00:35:28.274288+00:00] WORKING 6a710d0b00a317e0c600244b Create Pinterest business account @toruscoffeecompany
[2026-08-08T00:35:28.274435+00:00] SKIP_RETRY_LATER 6a710d0b00a317e0c600244b Requires manual action or external access.
[2026-08-08T00:35:28.276730+00:00] WORKING 6a710d0b054d5707632b658a Create TikTok account @toruscoffeecompany
[2026-08-08T00:35:28.276909+00:00] SKIP_RETRY_LATER 6a710d0b054d5707632b658a Requires manual action or external access.
[2026-08-08T00:35:28.279311+00:00] WORKING 6a70f3a84e41187fc7023da2 Create TikTok business account
[2026-08-08T00:35:28.279481+00:00] SKIP_RETRY_LATER 6a70f3a84e41187fc7023da2 Requires manual action or external access.
[2026-08-08T00:35:28.281753+00:00] WORKING 6a70c92fa9e5c8da39d4bd02 Create Vendor Booth Backdrop Design
[2026-08-08T00:35:28.281878+00:00] SKIP_RETRY_LATER 6a70c92fa9e5c8da39d4bd02 Requires manual action or external access.
[2026-08-08T00:35:28.284278+00:00] WORKING 6a70fd615ee0938a5479fa2c Create Zapier account
[2026-08-08T00:35:28.284455+00:00] SKIP_RETRY_LATER 6a70fd615ee0938a5479fa2c Requires manual action or external access.
[2026-08-08T00:35:28.286916+00:00] WORKING 6a70f8cb3533c87d44d546b6 Create Zapier integration guide
[2026-08-08T00:35:28.287071+00:00] SKIP_RETRY_LATER 6a70f8cb3533c87d44d546b6 Requires manual action or external access.
[2026-08-08T00:35:28.289504+00:00] WORKING 6a712bbfb71d16375aadae83 Create website folder structure and routing
[2026-08-08T00:35:28.289662+00:00] SKIP_RETRY_LATER 6a712bbfb71d16375aadae83 Requires manual action or external access.
[2026-08-08T00:35:28.292496+00:00] WORKING 6a71399acef27acfa0742c6b Created 3 missing stub scripts
[2026-08-08T00:35:28.292739+00:00] SKIP_RETRY_LATER 6a71399acef27acfa0742c6b Requires manual action or external access.
[2026-08-08T00:35:28.295346+00:00] WORKING 6a71088cd3e3537db248738f Install packages into C:\Python314 cleanly
[2026-08-08T00:35:28.295496+00:00] SKIP_RETRY_LATER 6a71088cd3e3537db248738f Requires manual action or external access.
[2026-08-08T00:35:28.297762+00:00] WORKING 6a713b0d0fb1e3197509db31 Legal pages created
[2026-08-08T00:35:28.297937+00:00] SKIP_RETRY_LATER 6a713b0d0fb1e3197509db31 Requires manual action or external access.
[2026-08-08T00:35:28.300314+00:00] WORKING 6a713b0c24a06402ad38beff Products page created
[2026-08-08T00:35:28.300499+00:00] SKIP_RETRY_LATER 6a713b0c24a06402ad38beff Requires manual action or external access.
[2026-08-08T00:35:28.303261+00:00] WORKING 6a712fac232ac172188213fb Set revenue milestone: $500/month from 3 streams
[2026-08-08T00:35:28.756276+00:00] COMPLETED 6a712fac232ac172188213fb comment=True
[2026-08-08T00:36:13.777391+00:00] WORKING 6a714261497a74d5c08db6fc Clean up Zapier Zaps in UI
[2026-08-08T00:36:13.777582+00:00] SKIP_RETRY_LATER 6a714261497a74d5c08db6fc Requires manual action or external access.
[2026-08-08T00:36:13.779880+00:00] WORKING 6a71088ffaf8003fc0a68a19 Connect Buffer to Facebook + Twitter + Instagram
[2026-08-08T00:36:13.780008+00:00] SKIP_RETRY_LATER 6a71088ffaf8003fc0a68a19 Requires manual action or external access.
[2026-08-08T00:36:13.782116+00:00] WORKING 6a70f8d05fe4b044e08e7ba6 Connect Buffer to social channels
[2026-08-08T00:36:13.782279+00:00] SKIP_RETRY_LATER 6a70f8d05fe4b044e08e7ba6 Requires manual action or external access.
[2026-08-08T00:36:13.784493+00:00] WORKING 6a70f8cf667828b0d8116214 Connect Zapier to Trello
[2026-08-08T00:36:13.784617+00:00] SKIP_RETRY_LATER 6a70f8cf667828b0d8116214 Requires manual action or external access.
[2026-08-08T00:36:13.786853+00:00] WORKING 6a714260a52b6b7b6b52d389 Disabled Zapier auto-send
[2026-08-08T00:36:13.786982+00:00] SKIP_RETRY_LATER 6a714260a52b6b7b6b52d389 Requires manual action or external access.
[2026-08-08T00:36:13.789159+00:00] WORKING 6a71089111eac7787a2f0ca0 Import vendor/customer contacts into HubSpot
[2026-08-08T00:36:13.789280+00:00] SKIP_RETRY_LATER 6a71089111eac7787a2f0ca0 Requires manual action or external access.
[2026-08-08T00:36:13.791540+00:00] WORKING 6a710d10982ed4f96b55c3aa Install Buffer browser extension (optional)
[2026-08-08T00:36:13.791740+00:00] SKIP_RETRY_LATER 6a710d10982ed4f96b55c3aa Requires manual action or external access.
[2026-08-08T00:36:13.794719+00:00] WORKING 6a710d1002e51f5dc12af585 Install HubSpot mobile app (optional)
[2026-08-08T00:36:13.794851+00:00] SKIP_RETRY_LATER 6a710d1002e51f5dc12af585 Requires manual action or external access.
[2026-08-08T00:36:13.797544+00:00] WORKING 6a712bc042b16192a0e67f22 Integrate Buffer API into website
[2026-08-08T00:36:13.797722+00:00] SKIP_RETRY_LATER 6a712bc042b16192a0e67f22 Requires manual action or external access.
[2026-08-08T00:36:13.800980+00:00] WORKING 6a712bc273c4f5853e1985e6 Integrate HubSpot CRM into website
[2026-08-08T00:36:13.801123+00:00] SKIP_RETRY_LATER 6a712bc273c4f5853e1985e6 Requires manual action or external access.
[2026-08-08T00:36:13.803443+00:00] WORKING 6a712bc288b7b8dc510594e1 Integrate Zapier webhook into website
[2026-08-08T00:36:13.803575+00:00] SKIP_RETRY_LATER 6a712bc288b7b8dc510594e1 Requires manual action or external access.
[2026-08-08T00:36:13.805690+00:00] WORKING 6a70a348cb832d2332a7b09a Setup Square Payments
[2026-08-08T00:36:14.159380+00:00] BLOCKED 6a70a348cb832d2332a7b09a comment=True
[2026-08-08T00:36:59.185525+00:00] WORKING 6a70dc395f89fdc65e317243 Holiday Market Prep - Q4 2026
[2026-08-08T00:36:59.511267+00:00] BLOCKED 6a70dc395f89fdc65e317243 comment=True
[2026-08-08T00:37:44.517785+00:00] WORKING 6a70d704b74aaaa1fab457b7 Q3 2026 Campaign: Cedar Rapids Farmers Market
[2026-08-08T00:37:44.834593+00:00] BLOCKED 6a70d704b74aaaa1fab457b7 comment=True
[2026-08-08T00:38:29.839458+00:00] WORKING 6a70dc3997cbc166ca55ba26 Vintage Market Days Eastern Iowa
[2026-08-08T00:38:30.184635+00:00] BLOCKED 6a70dc3997cbc166ca55ba26 comment=True
[2026-08-08T00:39:15.190253+00:00] WORKING 6a74c9c4830a3c0cb8ec1d10 🌐 Future: AR menu preview for freeze-dried snacks
[2026-08-08T00:39:15.494625+00:00] BLOCKED 6a74c9c4830a3c0cb8ec1d10 comment=True
[2026-08-08T00:40:00.501005+00:00] WORKING 6a758914570bb5e64769122a 📨 [INBOX] STATUS UPDATE DASHBOARD 8080 FIXED PLUGIN AUDIT PENDING AND DISCORD TOKEN BLOCKER 20260806T024500Z sirgreen.msg
[2026-08-08T00:40:00.824101+00:00] BLOCKED 6a758914570bb5e64769122a comment=True
[2026-08-08T00:40:45.829671+00:00] WORKING 6a712bc79bc50687e977187a Deploy website to free hosting
[2026-08-08T00:40:46.133212+00:00] BLOCKED 6a712bc79bc50687e977187a comment=True
[2026-08-08T00:41:31.155310+00:00] WORKING 6a76281c1833984386f186a9 📨 CODING ORDER DOCKER HUB WRITE ACCESS FOR ALERT ROUTER 20260806T051400Z sirgreen.msg
[2026-08-08T00:41:31.499342+00:00] BLOCKED 6a76281c1833984386f186a9 comment=True
[2026-08-08T00:42:16.532560+00:00] WORKING 6a76281b6f4e3f7f50a9fbcf 📨 ONE ACTION GRANT WRITE ACCESS OR PROVIDE PAT FOR ALERT ROUTER 20260806T043000Z sirgreen.msg
[2026-08-08T00:42:16.860060+00:00] BLOCKED 6a76281b6f4e3f7f50a9fbcf comment=True
[2026-08-08T00:43:01.883069+00:00] WORKING 6a76281e35758521a2952345 🚨 [P1] Dashboard image blocked — need Docker Hub auth
[2026-08-08T00:43:02.299244+00:00] BLOCKED 6a76281e35758521a2952345 comment=True
[2026-08-08T00:43:47.323756+00:00] WORKING 6a7124389e62f6bd1c35b508 Create Automation_Runbook.md with troubleshooting
[2026-08-08T00:43:47.651194+00:00] BLOCKED 6a7124389e62f6bd1c35b508 comment=True
[2026-08-08T00:44:32.674494+00:00] WORKING 6a70fd5df386c9b9c9509813 Research free automation tools (Zapier/Make/n8n)
[2026-08-08T00:44:33.028080+00:00] BLOCKED 6a70fd5df386c9b9c9509813 comment=True
[2026-08-08T00:45:18.056058+00:00] WORKING 6a715c028ff8814d56f7d396 Test inventory sync end-to-end
[2026-08-08T00:45:18.390957+00:00] BLOCKED 6a715c028ff8814d56f7d396 comment=True
[2026-08-08T00:46:03.416273+00:00] WORKING 6a7499661942762c5b6e744d [P1] Miss Pink: commit orders.json and automation_status changes
[2026-08-08T00:46:03.752991+00:00] BLOCKED 6a7499661942762c5b6e744d comment=True
[2026-08-08T00:46:48.776797+00:00] WORKING 6a737f7c8714ca5b28fb892e 🧭 Wire Miss Pink persona attributes into vault docs/automation
[2026-08-08T00:46:49.152398+00:00] BLOCKED 6a737f7c8714ca5b28fb892e comment=True
[2026-08-08T00:47:34.173798+00:00] WORKING 6a7157f290ff88a1b31ae1c8 US Bank account automation — CSV → Wave → categorization
[2026-08-08T00:47:34.500785+00:00] BLOCKED 6a7157f290ff88a1b31ae1c8 comment=True
[2026-08-08T00:48:19.525086+00:00] WORKING 6a741fc8e947ae894822232b ✅ FIXED: Multi-stage Dockerfiles applied
[2026-08-08T00:48:19.876593+00:00] BLOCKED 6a741fc8e947ae894822232b comment=True
[2026-08-08T00:49:04.910400+00:00] WORKING 6a73e04f545d92a2f50c5f3f 🔁 [P2] Self-healing automation daemon
[2026-08-08T00:49:05.409207+00:00] BLOCKED 6a73e04f545d92a2f50c5f3f comment=True
[2026-08-08T00:49:50.432880+00:00] WORKING 6a715f72854c6771d39e7068 Build Torus Discord bots and activate
[2026-08-08T00:49:50.787355+00:00] BLOCKED 6a715f72854c6771d39e7068 comment=True
[2026-08-08T00:50:35.809989+00:00] WORKING 6a71243051feed250074da5b Build unified automation orchestrator script
[2026-08-08T00:50:36.103255+00:00] BLOCKED 6a71243051feed250074da5b comment=True
[2026-08-08T00:51:21.125767+00:00] WORKING 6a715c027332b849a456c499 Fix Next.js build error
[2026-08-08T00:51:21.498257+00:00] BLOCKED 6a715c027332b849a456c499 comment=True
[2026-08-08T00:52:06.529724+00:00] WORKING 6a742142c4eea9f50d2c583b [P2] DEPLOYMENT_RUNBOOK.md
[2026-08-08T00:52:06.884620+00:00] BLOCKED 6a742142c4eea9f50d2c583b comment=True
[2026-08-08T00:52:51.914888+00:00] WORKING 6a70f8cd15b7431f30fe4d61 Create Buffer setup guide
[2026-08-08T00:52:52.297261+00:00] BLOCKED 6a70f8cd15b7431f30fe4d61 comment=True
[2026-08-08T00:53:37.325461+00:00] WORKING 6a715f6fe09ed0bd37e57aa1 Create Torus crew personas: Accountant, Lawyer, CPA, Strategy, Ops, Marketing, Inventory
[2026-08-08T00:53:37.652191+00:00] BLOCKED 6a715f6fe09ed0bd37e57aa1 comment=True
[2026-08-08T00:54:22.658202+00:00] WORKING 6a758990eb882b98428fecf5 Discord developer team: enable 2FA and verify email for all members
[2026-08-08T00:54:23.023299+00:00] BLOCKED 6a758990eb882b98428fecf5 comment=True
[2026-08-08T00:55:08.052312+00:00] WORKING 6a7589995cac059c4dd477cf Miss Pink Rig: confirm tailscale status, bridge health, gh auth, write access
[2026-08-08T00:55:08.370685+00:00] BLOCKED 6a7589995cac059c4dd477cf comment=True
[2026-08-08T00:55:53.398942+00:00] WORKING 6a75896998dc5c39b95467c6 Research free inventory tools (Square/Zoho/Sortly)
[2026-08-08T00:55:53.705545+00:00] BLOCKED 6a75896998dc5c39b95467c6 comment=True
[2026-08-08T00:56:38.711764+00:00] WORKING 6a7589829dc3122cb7d42016 Sync Obsidian tasklist → Trello/GitHub status
[2026-08-08T00:56:39.054966+00:00] BLOCKED 6a7589829dc3122cb7d42016 comment=True
[2026-08-08T00:57:24.060154+00:00] WORKING 6a758980705198b88c106927 Wire Google Calendar sync end-to-end
[2026-08-08T00:57:24.408350+00:00] BLOCKED 6a758980705198b88c106927 comment=True
[2026-08-08T00:58:09.414465+00:00] WORKING 6a758933b0bba34d34f69d65 📨 [INBOX] ooda plugin automation update sirgreen 20260806T0624Z
[2026-08-08T00:58:09.856148+00:00] BLOCKED 6a758933b0bba34d34f69d65 comment=True
[2026-08-08T00:58:54.863503+00:00] WORKING 6a75893137f4e0714a23179c 📨 ooda plugin automation update sirgreen 20260806T0624Z
[2026-08-08T00:58:55.188455+00:00] BLOCKED 6a75893137f4e0714a23179c comment=True
[2026-08-08T00:59:40.194394+00:00] WORKING 6a7589292e626a0cacace543 📨 [INBOX] TORUS FLEET LIVE ON PINKCADY DOCKER MESH STEPS AND DASHBOARD RETEST 20260806T031500Z sirgreen.msg
[2026-08-08T00:59:40.500757+00:00] BLOCKED 6a7589292e626a0cacace543 comment=True
[2026-08-08T01:00:25.507815+00:00] WORKING 6a70c2eb1cf10e9c2a502c4a Amazon GTIN exemption — prepare docs only
[2026-08-08T01:00:25.833358+00:00] BLOCKED 6a70c2eb1cf10e9c2a502c4a comment=True
[2026-08-08T01:01:10.838048+00:00] WORKING 6a712bc87100f06c531e53cd Connect website to Obsidian vault data
[2026-08-08T01:01:11.185985+00:00] BLOCKED 6a712bc87100f06c531e53cd comment=True
[2026-08-08T01:01:56.193331+00:00] WORKING 6a75898ccd67e50571693d3f Discord trusted accounts: add `tradecrushersmith` ID to `access_policy.json`
[2026-08-08T01:01:56.711867+00:00] BLOCKED 6a75898ccd67e50571693d3f comment=True
[2026-08-08T01:02:41.748708+00:00] WORKING 6a758986e33697e3f0062292 Follow-up: Miss Pink GitHub auth + clone
[2026-08-08T01:02:42.312156+00:00] BLOCKED 6a758986e33697e3f0062292 comment=True
[2026-08-08T01:03:27.337370+00:00] WORKING 6a758970843030183a361c45 Gordon caught Sir Green's overclaim
[2026-08-08T01:03:27.704057+00:00] BLOCKED 6a758970843030183a361c45 comment=True
[2026-08-08T01:04:12.708975+00:00] WORKING 6a70b75c8eb09699eac6d51e Link social media accounts to vault
[2026-08-08T01:04:13.050581+00:00] BLOCKED 6a70b75c8eb09699eac6d51e comment=True
[2026-08-08T01:04:58.084315+00:00] WORKING 6a758993681f6baa5d0bb753 Miss Pink: confirm PINKCADY Tailscale + bridge + inbox watcher
[2026-08-08T01:04:58.627579+00:00] BLOCKED 6a758993681f6baa5d0bb753 comment=True
[2026-08-08T01:05:43.655866+00:00] WORKING 6a7124397d476d7f408e40f6 Push all changes to GitHub
[2026-08-08T01:05:44.011315+00:00] BLOCKED 6a7124397d476d7f408e40f6 comment=True
[2026-08-08T01:06:29.016947+00:00] WORKING 6a70a34ef5f5861a589dbc13 Setup GitHub Repos
[2026-08-08T01:06:29.439533+00:00] BLOCKED 6a70a34ef5f5861a589dbc13 comment=True
[2026-08-08T01:07:14.446330+00:00] WORKING 6a70fd6168484eac3e8f306a Setup Meta Business Suite
[2026-08-08T01:07:14.863909+00:00] BLOCKED 6a70fd6168484eac3e8f306a comment=True
[2026-08-08T01:07:59.869582+00:00] WORKING 6a70da7fcd2379a3f1dc482a Setup daily ops Task Scheduler jobs
[2026-08-08T01:08:00.228640+00:00] BLOCKED 6a70da7fcd2379a3f1dc482a comment=True
[2026-08-08T01:08:45.233679+00:00] WORKING 6a75898eff44ddf98f028712 Sir Green watcher auto-restart/crash recovery
[2026-08-08T01:08:45.629154+00:00] BLOCKED 6a75898eff44ddf98f028712 comment=True
[2026-08-08T01:09:30.633885+00:00] WORKING 6a70da7bc6d7955609b51884 Website Content - Legal Pages
[2026-08-08T01:09:30.944931+00:00] BLOCKED 6a70da7bc6d7955609b51884 comment=True
[2026-08-08T01:10:15.950306+00:00] WORKING 6a75896450f950c1b08407ad [P1] Sir Green: add /api/hw route to dashboard_server.py
[2026-08-08T01:10:16.297486+00:00] BLOCKED 6a75896450f950c1b08407ad comment=True
[2026-08-08T01:11:01.306552+00:00] WORKING 6a74252bd046248f139d03ec [P3] Obsidian vault audit report + remediation
[2026-08-08T01:11:01.653480+00:00] BLOCKED 6a74252bd046248f139d03ec comment=True
[2026-08-08T01:11:46.680504+00:00] WORKING 6a7589637b1c05cf671a13d9 👥 Sir Green: invite limited toruscoffeecompany collaborators
[2026-08-08T01:11:47.094888+00:00] BLOCKED 6a7589637b1c05cf671a13d9 comment=True
[2026-08-08T01:12:32.123048+00:00] WORKING 6a73e0bdfa6e0cdc6b681f29 📨 RE PINKCADY VIRTUALIZATION SETUP PLAN 20260806T002500Z misspink.msg
[2026-08-08T01:12:32.430364+00:00] BLOCKED 6a73e0bdfa6e0cdc6b681f29 comment=True
[2026-08-08T01:13:17.436079+00:00] WORKING 6a758926d9b6f4a300fec792 📨 [INBOX] REMINDER DOCKER DESKTOP TAILSCALE AND DASHBOARD EVIDENCE STILL NEEDED 20260806T042700Z sirgreen.msg
[2026-08-08T01:13:17.755592+00:00] BLOCKED 6a758926d9b6f4a300fec792 comment=True
[2026-08-08T01:14:02.783669+00:00] WORKING 6a75892b4e2a8ac41d526ac7 📨 [INBOX] dashboard gaps sirgreen 20260806
[2026-08-08T01:14:03.116976+00:00] BLOCKED 6a75892b4e2a8ac41d526ac7 comment=True
[2026-08-08T01:14:48.141460+00:00] WORKING 6a75893ee7d5ddbd2d722d76 📨 [INBOX] followup dashboard top10 trello voidops sirgreen 20260806
[2026-08-08T01:14:48.513106+00:00] BLOCKED 6a75893ee7d5ddbd2d722d76 comment=True
[2026-08-08T01:15:33.519452+00:00] WORKING 6a758934c9b2726fdb9bdd78 📨 [INBOX] obsidian plugin completion webhook retry sirgreen 20260806
[2026-08-08T01:15:33.837242+00:00] BLOCKED 6a758934c9b2726fdb9bdd78 comment=True
[2026-08-08T01:16:18.842219+00:00] WORKING 6a75894bb61d4d52851d766e 📨 [INBOX] sirgreen continuous tasklist live sirgreen 20260806
[2026-08-08T01:16:19.310475+00:00] BLOCKED 6a75894bb61d4d52851d766e comment=True
[2026-08-08T01:17:04.318212+00:00] WORKING 6a7589567bb5bd14c289c9a1 📨 [INBOX] sirgreen docker fixes summary sirgreen 20260806
[2026-08-08T01:17:04.673114+00:00] BLOCKED 6a7589567bb5bd14c289c9a1 comment=True
[2026-08-08T01:17:49.679535+00:00] WORKING 6a75894afc2a87d39c8eda4f 📨 [INBOX] sirgreen final progress summary and asks sirgreen 20260806
[2026-08-08T01:17:49.985598+00:00] BLOCKED 6a75894afc2a87d39c8eda4f comment=True
[2026-08-08T01:18:34.990915+00:00] WORKING 6a7589443e0a40eec9853027 📨 [INBOX] sirgreen trello butler automation request sirgreen 20260806
[2026-08-08T01:18:35.287129+00:00] BLOCKED 6a7589443e0a40eec9853027 comment=True
[2026-08-08T01:19:20.291943+00:00] WORKING 6a75895907626d14b41863cc 📨 [INBOX] sirgreen void ops mirror request sirgreen 20260806
[2026-08-08T01:19:20.618927+00:00] BLOCKED 6a75895907626d14b41863cc comment=True
[2026-08-08T01:20:05.645017+00:00] WORKING 6a75895abbf99bb49a916090 🔐 Sir Green: invite limited toruscoffeecompany collaborators
[2026-08-08T01:20:06.011126+00:00] BLOCKED 6a75895abbf99bb49a916090 comment=True
[2026-08-08T01:20:51.035395+00:00] WORKING 6a738f5011a1d1aaae2ebe69 🤖 Confirm Discord bot scripts to keep live
[2026-08-08T01:20:51.368552+00:00] BLOCKED 6a738f5011a1d1aaae2ebe69 comment=True
[2026-08-08T01:21:36.373813+00:00] WORKING 6a73c8148c4efaab74da01c4 🧪 #260 End-to-end Discord bot tests + relay fixes
[2026-08-08T01:21:36.696891+00:00] BLOCKED 6a73c8148c4efaab74da01c4 comment=True
[2026-08-08T01:22:21.703908+00:00] WORKING 6a75895485b827bfeacc8894 🔑 NEEDS CREDS: Docker Hub auth failure
[2026-08-08T01:22:22.246146+00:00] BLOCKED 6a75895485b827bfeacc8894 comment=True
[2026-08-08T01:23:07.252133+00:00] WORKING 6a75897f8e28e479fd6a4979 Build crew scheduler with capacity-aware rules
[2026-08-08T01:23:07.591565+00:00] BLOCKED 6a75897f8e28e479fd6a4979 comment=True
[2026-08-08T01:23:52.599467+00:00] WORKING 6a71243a6f880a7967d43e54 End-to-end verification: Buffer + Zapier + HubSpot + Trello
[2026-08-08T01:23:52.945711+00:00] BLOCKED 6a71243a6f880a7967d43e54 comment=True
[2026-08-08T01:24:37.974084+00:00] WORKING 6a75896838e0931f044ee9a8 Setup Square payment links
[2026-08-08T01:24:38.361696+00:00] BLOCKED 6a75896838e0931f044ee9a8 comment=True
[2026-08-08T01:25:23.369132+00:00] WORKING 6a75897307c48205cd582bdc torus-pos deployed and healthy
[2026-08-08T01:25:23.705251+00:00] BLOCKED 6a75897307c48205cd582bdc comment=True
[2026-08-08T01:26:08.712756+00:00] WORKING 6a71242d36dee4dcaee7187c Add Zapier retry/backoff logic
[2026-08-08T01:26:09.060037+00:00] BLOCKED 6a71242d36dee4dcaee7187c comment=True
