[2026-08-05T21:21:46.739182+00:00] OODA_LOOP_STARTED
[2026-08-05T21:21:46.739655+00:00] OODA_CYCLE_1_START
[2026-08-05T21:21:48.322911+00:00] OODA_CYCLE counts: {'trello_cards': 434, 'github_issues': 0, 'inbox_items': 0}
[2026-08-05T21:21:48.323188+00:00] OODA_CYCLE_1_END sleeping 60s
[2026-08-05T21:23:43.778207+00:00] OODA_LOOP_STARTED
[2026-08-05T21:23:43.778480+00:00] OODA_CYCLE_1_START
[2026-08-05T21:23:45.750680+00:00] OODA_CYCLE counts: {'trello_cards': 434, 'github_issues': 0, 'inbox_items': 0}
[2026-08-05T21:23:45.750969+00:00] OODA_CYCLE_1_END sleeping 60s
[2026-08-05T21:24:45.751376+00:00] OODA_CYCLE_2_START
[2026-08-05T21:24:47.115749+00:00] OODA_CYCLE counts: {'trello_cards': 434, 'github_issues': 0, 'inbox_items': 0}
[2026-08-05T21:24:47.116798+00:00] OODA_CYCLE_2_END sleeping 60s
[2026-08-05T21:25:47.117243+00:00] OODA_CYCLE_3_START
[2026-08-05T21:25:48.795787+00:00] OODA_CYCLE counts: {'trello_cards': 434, 'github_issues': 0, 'inbox_items': 0}
[2026-08-05T21:25:48.796067+00:00] OODA_CYCLE_3_END sleeping 60s
[2026-08-05T21:26:48.796412+00:00] OODA_CYCLE_4_START
[2026-08-05T21:26:50.283855+00:00] OODA_CYCLE counts: {'trello_cards': 434, 'github_issues': 0, 'inbox_items': 0}
[2026-08-05T21:26:50.284132+00:00] OODA_CYCLE_4_END sleeping 60s
[2026-08-05T21:27:50.284533+00:00] OODA_CYCLE_5_START
[2026-08-05T21:27:52.415435+00:00] OODA_CYCLE counts: {'trello_cards': 434, 'github_issues': 0, 'inbox_items': 0}
[2026-08-05T21:27:52.415750+00:00] OODA_CYCLE_5_END sleeping 60s
[2026-08-05T21:28:52.416055+00:00] OODA_CYCLE_6_START
[2026-08-05T21:28:53.862931+00:00] OODA_CYCLE counts: {'trello_cards': 434, 'github_issues': 0, 'inbox_items': 0}
[2026-08-05T21:28:53.863276+00:00] OODA_CYCLE_6_END sleeping 60s
[2026-08-05T21:29:53.863646+00:00] OODA_CYCLE_7_START
[2026-08-05T21:29:55.981993+00:00] OODA_CYCLE counts: {'trello_cards': 434, 'github_issues': 7, 'inbox_items': 0}
[2026-08-05T21:29:55.982264+00:00] OODA_CYCLE_7_END sleeping 60s
[2026-08-05T21:30:55.982898+00:00] OODA_CYCLE_8_START
[2026-08-05T21:30:57.669329+00:00] OODA_CYCLE counts: {'trello_cards': 434, 'github_issues': 7, 'inbox_items': 0}
[2026-08-05T21:30:57.669599+00:00] OODA_CYCLE_8_END sleeping 60s
[2026-08-05T21:31:57.670538+00:00] OODA_CYCLE_9_START
[2026-08-05T21:31:59.696630+00:00] OODA_CYCLE counts: {'trello_cards': 388, 'github_issues': 7, 'inbox_items': 0}
[2026-08-05T21:31:59.696920+00:00] OODA_CYCLE_9_END sleeping 60s
[2026-08-05T21:32:59.697230+00:00] OODA_CYCLE_10_START
[2026-08-05T21:33:01.480553+00:00] OODA_CYCLE counts: {'trello_cards': 385, 'github_issues': 7, 'inbox_items': 0}
[2026-08-05T21:33:01.480821+00:00] OODA_CYCLE_10_END sleeping 60s
[2026-08-05T21:34:01.481272+00:00] OODA_CYCLE_11_START
[2026-08-05T21:34:03.107278+00:00] OODA_CYCLE counts: {'trello_cards': 385, 'github_issues': 7, 'inbox_items': 0}
[2026-08-05T21:34:03.107562+00:00] OODA_CYCLE_11_END sleeping 60s
[2026-08-05T21:35:03.107904+00:00] OODA_CYCLE_12_START
[2026-08-05T21:35:04.751517+00:00] OODA_CYCLE counts: {'trello_cards': 385, 'github_issues': 7, 'inbox_items': 0}
[2026-08-05T21:35:04.751793+00:00] OODA_CYCLE_12_END sleeping 60s
[2026-08-05T21:36:04.753108+00:00] OODA_CYCLE_13_START
[2026-08-05T21:36:06.727938+00:00] OODA_CYCLE counts: {'trello_cards': 385, 'github_issues': 7, 'inbox_items': 0}
[2026-08-05T21:36:06.728286+00:00] OODA_CYCLE_13_END sleeping 60s
[2026-08-05T21:37:06.729339+00:00] OODA_CYCLE_14_START
[2026-08-05T21:37:09.496632+00:00] OODA_CYCLE counts: {'trello_cards': 385, 'github_issues': 7, 'inbox_items': 0}
[2026-08-05T21:37:09.496926+00:00] OODA_CYCLE_14_END sleeping 60s
[2026-08-05T21:38:09.497545+00:00] OODA_CYCLE_15_START
[2026-08-05T21:38:11.422361+00:00] OODA_CYCLE counts: {'trello_cards': 385, 'github_issues': 7, 'inbox_items': 0}
[2026-08-05T21:38:11.422640+00:00] OODA_CYCLE_15_END sleeping 60s
[2026-08-05T21:39:11.422968+00:00] OODA_CYCLE_16_START
[2026-08-05T21:39:13.173157+00:00] OODA_CYCLE counts: {'trello_cards': 385, 'github_issues': 7, 'inbox_items': 0}
[2026-08-05T21:39:13.173430+00:00] OODA_CYCLE_16_END sleeping 60s
[2026-08-05T21:40:13.174857+00:00] OODA_CYCLE_17_START
[2026-08-05T21:40:15.121624+00:00] OODA_CYCLE counts: {'trello_cards': 385, 'github_issues': 7, 'inbox_items': 0}
[2026-08-05T21:40:15.122010+00:00] OODA_CYCLE_17_END sleeping 60s
[2026-08-05T21:41:15.122362+00:00] OODA_CYCLE_18_START
[2026-08-05T21:41:16.982306+00:00] OODA_CYCLE counts: {'trello_cards': 385, 'github_issues': 7, 'inbox_items': 0}
[2026-08-05T21:41:16.982601+00:00] OODA_CYCLE_18_END sleeping 60s
[2026-08-05T21:42:16.982952+00:00] OODA_CYCLE_19_START
[2026-08-05T21:42:18.863500+00:00] OODA_CYCLE counts: {'trello_cards': 385, 'github_issues': 7, 'inbox_items': 0}
[2026-08-05T21:42:18.863772+00:00] OODA_CYCLE_19_END sleeping 60s
[2026-08-05T21:43:18.864101+00:00] OODA_CYCLE_20_START
[2026-08-05T21:43:20.440493+00:00] OODA_CYCLE counts: {'trello_cards': 385, 'github_issues': 7, 'inbox_items': 0}
[2026-08-05T21:43:20.440747+00:00] OODA_CYCLE_20_END sleeping 60s
[2026-08-05T21:44:20.441031+00:00] OODA_CYCLE_21_START
[2026-08-05T21:44:22.298708+00:00] OODA_CYCLE counts: {'trello_cards': 385, 'github_issues': 7, 'inbox_items': 0}
[2026-08-05T21:44:22.298970+00:00] OODA_CYCLE_21_END sleeping 60s
[2026-08-05T21:45:22.299782+00:00] OODA_CYCLE_22_START
[2026-08-05T21:45:24.301905+00:00] OODA_CYCLE counts: {'trello_cards': 385, 'github_issues': 7, 'inbox_items': 0}
[2026-08-05T21:45:24.302179+00:00] OODA_CYCLE_22_END sleeping 60s
[2026-08-05T21:46:24.302896+00:00] OODA_CYCLE_23_START
[2026-08-05T21:46:26.020733+00:00] OODA_CYCLE counts: {'trello_cards': 385, 'github_issues': 7, 'inbox_items': 0}
[2026-08-05T21:46:26.021005+00:00] OODA_CYCLE_23_END sleeping 60s
[2026-08-05T21:47:26.021739+00:00] OODA_CYCLE_24_START
[2026-08-05T21:47:28.039208+00:00] OODA_CYCLE counts: {'trello_cards': 385, 'github_issues': 7, 'inbox_items': 0}
[2026-08-05T21:47:28.039475+00:00] OODA_CYCLE_24_END sleeping 60s
[2026-08-05T21:48:28.039878+00:00] OODA_CYCLE_25_START
[2026-08-05T21:48:29.668069+00:00] OODA_CYCLE counts: {'trello_cards': 385, 'github_issues': 7, 'inbox_items': 0}
[2026-08-05T21:48:29.668338+00:00] OODA_CYCLE_25_END sleeping 60s
[2026-08-05T21:49:29.668735+00:00] OODA_CYCLE_26_START
[2026-08-05T21:49:31.477917+00:00] OODA_CYCLE counts: {'trello_cards': 385, 'github_issues': 7, 'inbox_items': 0}
[2026-08-05T21:49:31.478190+00:00] OODA_CYCLE_26_END sleeping 60s
[2026-08-05T21:50:31.479283+00:00] OODA_CYCLE_27_START
[2026-08-05T21:50:33.581756+00:00] OODA_CYCLE counts: {'trello_cards': 385, 'github_issues': 7, 'inbox_items': 0}
[2026-08-05T21:50:33.582034+00:00] OODA_CYCLE_27_END sleeping 60s
[2026-08-05T21:51:33.582383+00:00] OODA_CYCLE_28_START
[2026-08-05T21:51:35.277552+00:00] OODA_CYCLE counts: {'trello_cards': 385, 'github_issues': 7, 'inbox_items': 0}
[2026-08-05T21:51:35.277823+00:00] OODA_CYCLE_28_END sleeping 60s
[2026-08-05T21:52:35.278544+00:00] OODA_CYCLE_29_START
[2026-08-05T21:52:36.953331+00:00] OODA_CYCLE counts: {'trello_cards': 385, 'github_issues': 7, 'inbox_items': 0}
[2026-08-05T21:52:36.953639+00:00] OODA_CYCLE_29_END sleeping 60s
[2026-08-05T21:53:36.954842+00:00] OODA_CYCLE_30_START
[2026-08-05T21:53:38.870209+00:00] OODA_CYCLE counts: {'trello_cards': 385, 'github_issues': 7, 'inbox_items': 0}
[2026-08-05T21:53:38.870484+00:00] OODA_CYCLE_30_END sleeping 60s
[2026-08-05T21:54:38.870811+00:00] OODA_CYCLE_31_START
[2026-08-05T21:54:40.621730+00:00] OODA_CYCLE counts: {'trello_cards': 385, 'github_issues': 7, 'inbox_items': 0}
[2026-08-05T21:54:40.622080+00:00] OODA_CYCLE_31_END sleeping 60s
[2026-08-05T21:55:40.622386+00:00] OODA_CYCLE_32_START
[2026-08-05T21:55:42.660438+00:00] OODA_CYCLE counts: {'trello_cards': 385, 'github_issues': 7, 'inbox_items': 0}
[2026-08-05T21:55:42.660727+00:00] OODA_CYCLE_32_END sleeping 60s
[2026-08-05T21:56:42.661023+00:00] OODA_CYCLE_33_START
[2026-08-05T21:56:44.392910+00:00] OODA_CYCLE counts: {'trello_cards': 385, 'github_issues': 7, 'inbox_items': 0}
[2026-08-05T21:56:44.393221+00:00] OODA_CYCLE_33_END sleeping 60s
[2026-08-05T21:57:44.393576+00:00] OODA_CYCLE_34_START
[2026-08-05T21:57:46.149141+00:00] OODA_CYCLE counts: {'trello_cards': 385, 'github_issues': 7, 'inbox_items': 0}
[2026-08-05T21:57:46.149412+00:00] OODA_CYCLE_34_END sleeping 60s
[2026-08-05T21:58:46.150051+00:00] OODA_CYCLE_35_START
[2026-08-05T21:58:47.847861+00:00] OODA_CYCLE counts: {'trello_cards': 385, 'github_issues': 7, 'inbox_items': 0}
[2026-08-05T21:58:47.848164+00:00] OODA_CYCLE_35_END sleeping 60s
[2026-08-05T21:59:47.849391+00:00] OODA_CYCLE_36_START
[2026-08-05T21:59:49.497629+00:00] OODA_CYCLE counts: {'trello_cards': 385, 'github_issues': 7, 'inbox_items': 0}
[2026-08-05T21:59:49.497926+00:00] OODA_CYCLE_36_END sleeping 60s
[2026-08-05T22:00:49.498948+00:00] OODA_CYCLE_37_START
[2026-08-05T22:00:51.756089+00:00] OODA_CYCLE counts: {'trello_cards': 385, 'github_issues': 7, 'inbox_items': 0}
[2026-08-05T22:00:51.756346+00:00] OODA_CYCLE_37_END sleeping 60s
[2026-08-05T22:01:51.757422+00:00] OODA_CYCLE_38_START
[2026-08-05T22:01:53.507801+00:00] OODA_CYCLE counts: {'trello_cards': 385, 'github_issues': 7, 'inbox_items': 0}
[2026-08-05T22:01:53.508077+00:00] OODA_CYCLE_38_END sleeping 60s
[2026-08-05T22:02:53.508365+00:00] OODA_CYCLE_39_START
[2026-08-05T22:02:55.462931+00:00] OODA_CYCLE counts: {'trello_cards': 385, 'github_issues': 7, 'inbox_items': 0}
[2026-08-05T22:02:55.463271+00:00] OODA_CYCLE_39_END sleeping 60s
[2026-08-05T22:03:55.463676+00:00] OODA_CYCLE_40_START
[2026-08-05T22:03:57.140990+00:00] OODA_CYCLE counts: {'trello_cards': 385, 'github_issues': 7, 'inbox_items': 0}
[2026-08-05T22:03:57.141263+00:00] OODA_CYCLE_40_END sleeping 60s
[2026-08-05T22:04:57.142526+00:00] OODA_CYCLE_41_START
[2026-08-05T22:04:58.848178+00:00] OODA_CYCLE counts: {'trello_cards': 385, 'github_issues': 7, 'inbox_items': 0}
[2026-08-05T22:04:58.848461+00:00] OODA_CYCLE_41_END sleeping 60s
[2026-08-05T22:05:58.849482+00:00] OODA_CYCLE_42_START
[2026-08-05T22:06:00.672043+00:00] OODA_CYCLE counts: {'trello_cards': 385, 'github_issues': 7, 'inbox_items': 0}
[2026-08-05T22:06:00.672323+00:00] OODA_CYCLE_42_END sleeping 60s
[2026-08-05T22:07:00.672658+00:00] OODA_CYCLE_43_START
[2026-08-05T22:07:02.714258+00:00] OODA_CYCLE counts: {'trello_cards': 385, 'github_issues': 7, 'inbox_items': 0}
[2026-08-05T22:07:02.714604+00:00] OODA_CYCLE_43_END sleeping 60s
[2026-08-05T22:08:02.715347+00:00] OODA_CYCLE_44_START
[2026-08-05T22:08:04.980290+00:00] OODA_CYCLE counts: {'trello_cards': 385, 'github_issues': 7, 'inbox_items': 0}
[2026-08-05T22:08:04.980555+00:00] OODA_CYCLE_44_END sleeping 60s
[2026-08-05T22:09:04.980877+00:00] OODA_CYCLE_45_START
[2026-08-05T22:09:06.746767+00:00] OODA_CYCLE counts: {'trello_cards': 385, 'github_issues': 7, 'inbox_items': 0}
[2026-08-05T22:09:06.747157+00:00] OODA_CYCLE_45_END sleeping 60s
[2026-08-05T22:10:06.748506+00:00] OODA_CYCLE_46_START
[2026-08-05T22:10:08.475712+00:00] OODA_CYCLE counts: {'trello_cards': 385, 'github_issues': 7, 'inbox_items': 0}
[2026-08-05T22:10:08.476034+00:00] OODA_CYCLE_46_END sleeping 60s
[2026-08-05T22:11:08.476476+00:00] OODA_CYCLE_47_START
[2026-08-05T22:11:10.569833+00:00] OODA_CYCLE counts: {'trello_cards': 385, 'github_issues': 7, 'inbox_items': 0}
[2026-08-05T22:11:10.570131+00:00] OODA_CYCLE_47_END sleeping 60s
[2026-08-05T22:12:10.571446+00:00] OODA_CYCLE_48_START
[2026-08-05T22:12:12.444924+00:00] OODA_CYCLE counts: {'trello_cards': 385, 'github_issues': 7, 'inbox_items': 0}
[2026-08-05T22:12:12.445214+00:00] OODA_CYCLE_48_END sleeping 60s
[2026-08-05T22:13:12.445576+00:00] OODA_CYCLE_49_START
[2026-08-05T22:13:14.487581+00:00] OODA_CYCLE counts: {'trello_cards': 385, 'github_issues': 7, 'inbox_items': 0}
[2026-08-05T22:13:14.487859+00:00] OODA_CYCLE_49_END sleeping 60s
[2026-08-05T22:14:14.488685+00:00] OODA_CYCLE_50_START
[2026-08-05T22:14:16.608939+00:00] OODA_CYCLE counts: {'trello_cards': 385, 'github_issues': 7, 'inbox_items': 0}
[2026-08-05T22:14:16.609223+00:00] OODA_CYCLE_50_END sleeping 60s
[2026-08-05T22:15:16.609900+00:00] OODA_CYCLE_51_START
[2026-08-05T22:15:18.275173+00:00] OODA_CYCLE counts: {'trello_cards': 385, 'github_issues': 7, 'inbox_items': 0}
[2026-08-05T22:15:18.275531+00:00] OODA_CYCLE_51_END sleeping 60s
[2026-08-05T22:16:18.276050+00:00] OODA_CYCLE_52_START
[2026-08-05T22:16:20.026226+00:00] OODA_CYCLE counts: {'trello_cards': 385, 'github_issues': 7, 'inbox_items': 0}
[2026-08-05T22:16:20.026534+00:00] OODA_CYCLE_52_END sleeping 60s
[2026-08-05T22:17:20.027078+00:00] OODA_CYCLE_53_START
[2026-08-05T22:17:22.079262+00:00] OODA_CYCLE counts: {'trello_cards': 385, 'github_issues': 7, 'inbox_items': 0}
[2026-08-05T22:17:22.079510+00:00] OODA_CYCLE_53_END sleeping 60s
[2026-08-05T22:18:22.080061+00:00] OODA_CYCLE_54_START
[2026-08-05T22:18:23.826574+00:00] OODA_CYCLE counts: {'trello_cards': 385, 'github_issues': 7, 'inbox_items': 0}
[2026-08-05T22:18:23.826850+00:00] OODA_CYCLE_54_END sleeping 60s
[2026-08-05T22:19:23.827382+00:00] OODA_CYCLE_55_START
[2026-08-05T22:19:25.413370+00:00] OODA_CYCLE counts: {'trello_cards': 385, 'github_issues': 7, 'inbox_items': 0}
[2026-08-05T22:19:25.413636+00:00] OODA_CYCLE_55_END sleeping 60s
[2026-08-05T22:20:25.414545+00:00] OODA_CYCLE_56_START
[2026-08-05T22:20:27.008034+00:00] OODA_CYCLE counts: {'trello_cards': 385, 'github_issues': 7, 'inbox_items': 0}
[2026-08-05T22:20:27.008339+00:00] OODA_CYCLE_56_END sleeping 60s
[2026-08-05T22:21:27.008716+00:00] OODA_CYCLE_57_START
[2026-08-05T22:21:28.788042+00:00] OODA_CYCLE counts: {'trello_cards': 385, 'github_issues': 7, 'inbox_items': 0}
[2026-08-05T22:21:28.788300+00:00] OODA_CYCLE_57_END sleeping 60s
[2026-08-05T22:22:28.789599+00:00] OODA_CYCLE_58_START
[2026-08-05T22:22:30.651118+00:00] OODA_CYCLE counts: {'trello_cards': 385, 'github_issues': 7, 'inbox_items': 0}
[2026-08-05T22:22:30.651388+00:00] OODA_CYCLE_58_END sleeping 60s
[2026-08-05T22:23:30.651694+00:00] OODA_CYCLE_59_START
[2026-08-05T22:23:32.511711+00:00] OODA_CYCLE counts: {'trello_cards': 385, 'github_issues': 7, 'inbox_items': 0}
[2026-08-05T22:23:32.511993+00:00] OODA_CYCLE_59_END sleeping 60s
[2026-08-05T22:24:32.513227+00:00] OODA_CYCLE_60_START
[2026-08-05T22:24:34.295479+00:00] OODA_CYCLE counts: {'trello_cards': 388, 'github_issues': 7, 'inbox_items': 0}
[2026-08-05T22:24:34.295798+00:00] OODA_CYCLE_60_END sleeping 60s
[2026-08-05T22:25:34.296150+00:00] OODA_CYCLE_61_START
[2026-08-05T22:25:36.105873+00:00] OODA_CYCLE counts: {'trello_cards': 388, 'github_issues': 7, 'inbox_items': 0}
[2026-08-05T22:25:36.106142+00:00] OODA_CYCLE_61_END sleeping 60s
[2026-08-05T22:26:36.106526+00:00] OODA_CYCLE_62_START
[2026-08-05T22:26:37.797718+00:00] OODA_CYCLE counts: {'trello_cards': 388, 'github_issues': 7, 'inbox_items': 0}
[2026-08-05T22:26:37.797991+00:00] OODA_CYCLE_62_END sleeping 60s
[2026-08-05T22:27:37.798534+00:00] OODA_CYCLE_63_START
[2026-08-05T22:27:39.680028+00:00] OODA_CYCLE counts: {'trello_cards': 388, 'github_issues': 7, 'inbox_items': 0}
[2026-08-05T22:27:39.680300+00:00] OODA_CYCLE_63_END sleeping 60s
[2026-08-05T22:28:39.680628+00:00] OODA_CYCLE_64_START
[2026-08-05T22:28:41.500547+00:00] OODA_CYCLE counts: {'trello_cards': 388, 'github_issues': 7, 'inbox_items': 0}
[2026-08-05T22:28:41.500854+00:00] OODA_CYCLE_64_END sleeping 60s
[2026-08-05T22:29:41.501208+00:00] OODA_CYCLE_65_START
[2026-08-05T22:29:43.162924+00:00] OODA_CYCLE counts: {'trello_cards': 388, 'github_issues': 7, 'inbox_items': 0}
[2026-08-05T22:29:43.163194+00:00] OODA_CYCLE_65_END sleeping 60s
[2026-08-05T22:30:43.163991+00:00] OODA_CYCLE_66_START
[2026-08-05T22:30:45.129155+00:00] OODA_CYCLE counts: {'trello_cards': 388, 'github_issues': 7, 'inbox_items': 0}
[2026-08-05T22:30:45.129418+00:00] OODA_CYCLE_66_END sleeping 60s
[2026-08-05T22:31:45.130708+00:00] OODA_CYCLE_67_START
[2026-08-05T22:31:46.954229+00:00] OODA_CYCLE counts: {'trello_cards': 388, 'github_issues': 7, 'inbox_items': 0}
[2026-08-05T22:31:46.954494+00:00] OODA_CYCLE_67_END sleeping 60s
[2026-08-05T22:32:46.955673+00:00] OODA_CYCLE_68_START
[2026-08-05T22:32:48.548234+00:00] OODA_CYCLE counts: {'trello_cards': 388, 'github_issues': 7, 'inbox_items': 0}
[2026-08-05T22:32:48.548536+00:00] OODA_CYCLE_68_END sleeping 60s
[2026-08-05T22:33:48.549290+00:00] OODA_CYCLE_69_START
[2026-08-05T22:33:50.289705+00:00] OODA_CYCLE counts: {'trello_cards': 388, 'github_issues': 7, 'inbox_items': 0}
[2026-08-05T22:33:50.290102+00:00] OODA_CYCLE_69_END sleeping 60s
[2026-08-05T22:34:50.290534+00:00] OODA_CYCLE_70_START
[2026-08-05T22:34:52.061389+00:00] OODA_CYCLE counts: {'trello_cards': 388, 'github_issues': 7, 'inbox_items': 0}
[2026-08-05T22:34:52.061658+00:00] OODA_CYCLE_70_END sleeping 60s
[2026-08-05T22:35:52.062375+00:00] OODA_CYCLE_71_START
[2026-08-05T22:35:53.728132+00:00] OODA_CYCLE counts: {'trello_cards': 388, 'github_issues': 7, 'inbox_items': 0}
[2026-08-05T22:35:53.728403+00:00] OODA_CYCLE_71_END sleeping 60s
[2026-08-05T22:36:53.728904+00:00] OODA_CYCLE_72_START
[2026-08-05T22:36:55.620949+00:00] OODA_CYCLE counts: {'trello_cards': 388, 'github_issues': 7, 'inbox_items': 0}
[2026-08-05T22:36:55.621237+00:00] OODA_CYCLE_72_END sleeping 60s
[2026-08-05T22:37:55.622201+00:00] OODA_CYCLE_73_START
[2026-08-05T22:37:57.552982+00:00] OODA_CYCLE counts: {'trello_cards': 388, 'github_issues': 7, 'inbox_items': 0}
[2026-08-05T22:37:57.553334+00:00] OODA_CYCLE_73_END sleeping 60s
[2026-08-05T22:38:57.554177+00:00] OODA_CYCLE_74_START
[2026-08-05T22:38:59.566361+00:00] OODA_CYCLE counts: {'trello_cards': 388, 'github_issues': 7, 'inbox_items': 0}
[2026-08-05T22:38:59.566630+00:00] OODA_CYCLE_74_END sleeping 60s
[2026-08-05T22:39:59.567083+00:00] OODA_CYCLE_75_START
[2026-08-05T22:40:01.183457+00:00] OODA_CYCLE counts: {'trello_cards': 388, 'github_issues': 7, 'inbox_items': 0}
[2026-08-05T22:40:01.183802+00:00] OODA_CYCLE_75_END sleeping 60s
[2026-08-05T22:41:01.184809+00:00] OODA_CYCLE_76_START
[2026-08-05T22:41:03.926241+00:00] OODA_CYCLE counts: {'trello_cards': 388, 'github_issues': 7, 'inbox_items': 0}
[2026-08-05T22:41:03.926537+00:00] OODA_CYCLE_76_END sleeping 60s
[2026-08-05T22:42:03.927079+00:00] OODA_CYCLE_77_START
[2026-08-05T22:42:05.453758+00:00] OODA_CYCLE counts: {'trello_cards': 388, 'github_issues': 7, 'inbox_items': 0}
[2026-08-05T22:42:05.454022+00:00] OODA_CYCLE_77_END sleeping 60s
[2026-08-05T22:43:05.454318+00:00] OODA_CYCLE_78_START
[2026-08-05T22:43:07.117242+00:00] OODA_CYCLE counts: {'trello_cards': 388, 'github_issues': 7, 'inbox_items': 0}
[2026-08-05T22:43:07.117511+00:00] OODA_CYCLE_78_END sleeping 60s
[2026-08-05T22:44:07.118756+00:00] OODA_CYCLE_79_START
[2026-08-05T22:44:08.915946+00:00] OODA_CYCLE counts: {'trello_cards': 388, 'github_issues': 7, 'inbox_items': 0}
[2026-08-05T22:44:08.916228+00:00] OODA_CYCLE_79_END sleeping 60s
[2026-08-05T22:45:08.916586+00:00] OODA_CYCLE_80_START
[2026-08-05T22:45:10.835123+00:00] OODA_CYCLE counts: {'trello_cards': 388, 'github_issues': 7, 'inbox_items': 0}
[2026-08-05T22:45:10.835402+00:00] OODA_CYCLE_80_END sleeping 60s
[2026-08-05T22:46:10.835760+00:00] OODA_CYCLE_81_START
[2026-08-05T22:46:12.627042+00:00] OODA_CYCLE counts: {'trello_cards': 388, 'github_issues': 7, 'inbox_items': 0}
[2026-08-05T22:46:12.627309+00:00] OODA_CYCLE_81_END sleeping 60s
[2026-08-05T22:47:12.628133+00:00] OODA_CYCLE_82_START
[2026-08-05T22:47:14.389551+00:00] OODA_CYCLE counts: {'trello_cards': 391, 'github_issues': 7, 'inbox_items': 0}
[2026-08-05T22:47:14.389841+00:00] OODA_CYCLE_82_END sleeping 60s
[2026-08-05T22:48:14.390130+00:00] OODA_CYCLE_83_START
[2026-08-05T22:48:16.268149+00:00] OODA_CYCLE counts: {'trello_cards': 391, 'github_issues': 7, 'inbox_items': 0}
[2026-08-05T22:48:16.268414+00:00] OODA_CYCLE_83_END sleeping 60s
[2026-08-05T22:49:16.269059+00:00] OODA_CYCLE_84_START
[2026-08-05T22:49:18.223936+00:00] OODA_CYCLE counts: {'trello_cards': 391, 'github_issues': 7, 'inbox_items': 0}
[2026-08-05T22:49:18.224211+00:00] OODA_CYCLE_84_END sleeping 60s
[2026-08-05T22:50:18.225073+00:00] OODA_CYCLE_85_START
[2026-08-05T22:50:19.908609+00:00] OODA_CYCLE counts: {'trello_cards': 391, 'github_issues': 7, 'inbox_items': 0}
[2026-08-05T22:50:19.908893+00:00] OODA_CYCLE_85_END sleeping 60s
[2026-08-05T22:51:19.909225+00:00] OODA_CYCLE_86_START
[2026-08-05T22:51:21.786849+00:00] OODA_CYCLE counts: {'trello_cards': 391, 'github_issues': 7, 'inbox_items': 0}
[2026-08-05T22:51:21.787146+00:00] OODA_CYCLE_86_END sleeping 60s
[2026-08-05T22:52:21.787684+00:00] OODA_CYCLE_87_START
[2026-08-05T22:52:23.554202+00:00] OODA_CYCLE counts: {'trello_cards': 391, 'github_issues': 7, 'inbox_items': 0}
[2026-08-05T22:52:23.554468+00:00] OODA_CYCLE_87_END sleeping 60s
[2026-08-05T22:53:23.554895+00:00] OODA_CYCLE_88_START
[2026-08-05T22:53:25.258938+00:00] OODA_CYCLE counts: {'trello_cards': 396, 'github_issues': 7, 'inbox_items': 0}
[2026-08-05T22:53:25.259224+00:00] OODA_CYCLE_88_END sleeping 60s
[2026-08-05T22:54:25.259909+00:00] OODA_CYCLE_89_START
[2026-08-05T22:54:27.011248+00:00] OODA_CYCLE counts: {'trello_cards': 396, 'github_issues': 11, 'inbox_items': 0}
[2026-08-05T22:54:27.011578+00:00] OODA_CYCLE_89_END sleeping 60s
[2026-08-05T22:55:27.012884+00:00] OODA_CYCLE_90_START
[2026-08-05T22:55:28.734899+00:00] OODA_CYCLE counts: {'trello_cards': 396, 'github_issues': 11, 'inbox_items': 0}
[2026-08-05T22:55:28.735165+00:00] OODA_CYCLE_90_END sleeping 60s
[2026-08-05T22:56:28.735493+00:00] OODA_CYCLE_91_START
[2026-08-05T22:56:30.427197+00:00] OODA_CYCLE counts: {'trello_cards': 396, 'github_issues': 11, 'inbox_items': 0}
[2026-08-05T22:56:30.427459+00:00] OODA_CYCLE_91_END sleeping 60s
[2026-08-05T22:57:30.427888+00:00] OODA_CYCLE_92_START
[2026-08-05T22:57:32.199444+00:00] OODA_CYCLE counts: {'trello_cards': 396, 'github_issues': 11, 'inbox_items': 0}
[2026-08-05T22:57:32.199822+00:00] OODA_CYCLE_92_END sleeping 60s
[2026-08-05T22:58:32.200249+00:00] OODA_CYCLE_93_START
[2026-08-05T22:58:33.981038+00:00] OODA_CYCLE counts: {'trello_cards': 396, 'github_issues': 11, 'inbox_items': 0}
[2026-08-05T22:58:33.981312+00:00] OODA_CYCLE_93_END sleeping 60s
[2026-08-05T22:59:33.982630+00:00] OODA_CYCLE_94_START
[2026-08-05T22:59:35.694024+00:00] OODA_CYCLE counts: {'trello_cards': 396, 'github_issues': 11, 'inbox_items': 0}
[2026-08-05T22:59:35.694289+00:00] OODA_CYCLE_94_END sleeping 60s
[2026-08-05T23:00:35.695221+00:00] OODA_CYCLE_95_START
[2026-08-05T23:00:42.793041+00:00] OODA_CYCLE counts: {'trello_cards': 396, 'github_issues': 11, 'inbox_items': 0}
[2026-08-05T23:00:42.793299+00:00] OODA_CYCLE_95_END sleeping 60s
[2026-08-05T23:01:42.793977+00:00] OODA_CYCLE_96_START
[2026-08-05T23:01:44.985633+00:00] OODA_CYCLE counts: {'trello_cards': 396, 'github_issues': 11, 'inbox_items': 0}
[2026-08-05T23:01:44.985904+00:00] OODA_CYCLE_96_END sleeping 60s
[2026-08-05T23:02:44.986376+00:00] OODA_CYCLE_97_START
[2026-08-05T23:02:46.841714+00:00] OODA_CYCLE counts: {'trello_cards': 396, 'github_issues': 11, 'inbox_items': 0}
[2026-08-05T23:02:46.841977+00:00] OODA_CYCLE_97_END sleeping 60s
[2026-08-05T23:03:46.843254+00:00] OODA_CYCLE_98_START
[2026-08-05T23:03:48.562465+00:00] OODA_CYCLE counts: {'trello_cards': 396, 'github_issues': 11, 'inbox_items': 0}
[2026-08-05T23:03:48.562729+00:00] OODA_CYCLE_98_END sleeping 60s
[2026-08-05T23:04:48.563786+00:00] OODA_CYCLE_99_START
[2026-08-05T23:04:50.691787+00:00] OODA_CYCLE counts: {'trello_cards': 396, 'github_issues': 11, 'inbox_items': 0}
[2026-08-05T23:04:50.692052+00:00] OODA_CYCLE_99_END sleeping 60s
[2026-08-05T23:05:50.693216+00:00] OODA_CYCLE_100_START
[2026-08-05T23:05:52.493459+00:00] OODA_CYCLE counts: {'trello_cards': 396, 'github_issues': 11, 'inbox_items': 0}
[2026-08-05T23:05:52.493728+00:00] OODA_CYCLE_100_END sleeping 60s
[2026-08-05T23:06:52.494212+00:00] OODA_CYCLE_101_START
[2026-08-05T23:06:54.377414+00:00] OODA_CYCLE counts: {'trello_cards': 398, 'github_issues': 11, 'inbox_items': 0}
[2026-08-05T23:06:54.377723+00:00] OODA_CYCLE_101_END sleeping 60s
[2026-08-05T23:07:54.378553+00:00] OODA_CYCLE_102_START
[2026-08-05T23:07:56.111755+00:00] OODA_CYCLE counts: {'trello_cards': 398, 'github_issues': 11, 'inbox_items': 0}
[2026-08-05T23:07:56.112019+00:00] OODA_CYCLE_102_END sleeping 60s
[2026-08-05T23:08:56.112435+00:00] OODA_CYCLE_103_START
[2026-08-05T23:08:57.885189+00:00] OODA_CYCLE counts: {'trello_cards': 399, 'github_issues': 11, 'inbox_items': 0}
[2026-08-05T23:08:57.885448+00:00] OODA_CYCLE_103_END sleeping 60s
[2026-08-05T23:09:57.885737+00:00] OODA_CYCLE_104_START
[2026-08-05T23:09:59.876588+00:00] OODA_CYCLE counts: {'trello_cards': 399, 'github_issues': 11, 'inbox_items': 0}
[2026-08-05T23:09:59.876854+00:00] OODA_CYCLE_104_END sleeping 60s
[2026-08-05T23:10:59.877160+00:00] OODA_CYCLE_105_START
[2026-08-05T23:11:01.622437+00:00] OODA_CYCLE counts: {'trello_cards': 399, 'github_issues': 11, 'inbox_items': 0}
[2026-08-05T23:11:01.622706+00:00] OODA_CYCLE_105_END sleeping 60s
[2026-08-05T23:12:01.623044+00:00] OODA_CYCLE_106_START
[2026-08-05T23:12:03.655547+00:00] OODA_CYCLE counts: {'trello_cards': 399, 'github_issues': 11, 'inbox_items': 0}
[2026-08-05T23:12:03.655898+00:00] OODA_CYCLE_106_END sleeping 60s
[2026-08-05T23:13:03.656297+00:00] OODA_CYCLE_107_START
[2026-08-05T23:13:05.514095+00:00] OODA_CYCLE counts: {'trello_cards': 399, 'github_issues': 11, 'inbox_items': 0}
[2026-08-05T23:13:05.514359+00:00] OODA_CYCLE_107_END sleeping 60s
[2026-08-05T23:14:05.514892+00:00] OODA_CYCLE_108_START
[2026-08-05T23:14:07.410534+00:00] OODA_CYCLE counts: {'trello_cards': 399, 'github_issues': 11, 'inbox_items': 0}
[2026-08-05T23:14:07.410802+00:00] OODA_CYCLE_108_END sleeping 60s
[2026-08-05T23:15:07.411151+00:00] OODA_CYCLE_109_START
[2026-08-05T23:15:09.140615+00:00] OODA_CYCLE counts: {'trello_cards': 399, 'github_issues': 11, 'inbox_items': 0}
[2026-08-05T23:15:09.140890+00:00] OODA_CYCLE_109_END sleeping 60s
[2026-08-05T23:16:09.141234+00:00] OODA_CYCLE_110_START
[2026-08-05T23:16:12.650651+00:00] OODA_CYCLE counts: {'trello_cards': 399, 'github_issues': 11, 'inbox_items': 0}
[2026-08-05T23:16:12.650926+00:00] OODA_CYCLE_110_END sleeping 60s
[2026-08-05T23:17:12.651364+00:00] OODA_CYCLE_111_START
[2026-08-05T23:17:14.505059+00:00] OODA_CYCLE counts: {'trello_cards': 399, 'github_issues': 11, 'inbox_items': 0}
[2026-08-05T23:17:14.505333+00:00] OODA_CYCLE_111_END sleeping 60s
[2026-08-05T23:18:14.506036+00:00] OODA_CYCLE_112_START
[2026-08-05T23:18:16.308982+00:00] OODA_CYCLE counts: {'trello_cards': 399, 'github_issues': 11, 'inbox_items': 0}
[2026-08-05T23:18:16.309274+00:00] OODA_CYCLE_112_END sleeping 60s
[2026-08-05T23:19:16.309579+00:00] OODA_CYCLE_113_START
[2026-08-05T23:19:18.334258+00:00] OODA_CYCLE counts: {'trello_cards': 399, 'github_issues': 11, 'inbox_items': 0}
[2026-08-05T23:19:18.334536+00:00] OODA_CYCLE_113_END sleeping 60s
[2026-08-05T23:20:18.335339+00:00] OODA_CYCLE_114_START
[2026-08-05T23:20:20.120905+00:00] OODA_CYCLE counts: {'trello_cards': 399, 'github_issues': 11, 'inbox_items': 0}
[2026-08-05T23:20:20.121175+00:00] OODA_CYCLE_114_END sleeping 60s
[2026-08-05T23:21:20.121467+00:00] OODA_CYCLE_115_START
[2026-08-05T23:21:22.111357+00:00] OODA_CYCLE counts: {'trello_cards': 399, 'github_issues': 11, 'inbox_items': 0}
[2026-08-05T23:21:22.111618+00:00] OODA_CYCLE_115_END sleeping 60s
[2026-08-05T23:22:22.112631+00:00] OODA_CYCLE_116_START
[2026-08-05T23:22:23.935071+00:00] OODA_CYCLE counts: {'trello_cards': 399, 'github_issues': 11, 'inbox_items': 0}
[2026-08-05T23:22:23.935335+00:00] OODA_CYCLE_116_END sleeping 60s
[2026-08-05T23:23:23.935619+00:00] OODA_CYCLE_117_START
[2026-08-05T23:23:25.738097+00:00] OODA_CYCLE counts: {'trello_cards': 399, 'github_issues': 11, 'inbox_items': 0}
[2026-08-05T23:23:25.738385+00:00] OODA_CYCLE_117_END sleeping 60s
[2026-08-05T23:24:25.739195+00:00] OODA_CYCLE_118_START
[2026-08-05T23:24:27.541092+00:00] OODA_CYCLE counts: {'trello_cards': 399, 'github_issues': 11, 'inbox_items': 0}
[2026-08-05T23:24:27.541368+00:00] OODA_CYCLE_118_END sleeping 60s
[2026-08-05T23:25:27.541678+00:00] OODA_CYCLE_119_START
[2026-08-05T23:25:29.659978+00:00] OODA_CYCLE counts: {'trello_cards': 399, 'github_issues': 11, 'inbox_items': 0}
[2026-08-05T23:25:29.660257+00:00] OODA_CYCLE_119_END sleeping 60s
[2026-08-05T23:26:29.660591+00:00] OODA_CYCLE_120_START
[2026-08-05T23:26:31.305441+00:00] OODA_CYCLE counts: {'trello_cards': 399, 'github_issues': 11, 'inbox_items': 0}
[2026-08-05T23:26:31.305717+00:00] OODA_CYCLE_120_END sleeping 60s
[2026-08-05T23:27:31.306615+00:00] OODA_CYCLE_121_START
[2026-08-05T23:27:33.036437+00:00] OODA_CYCLE counts: {'trello_cards': 399, 'github_issues': 11, 'inbox_items': 0}
[2026-08-05T23:27:33.036751+00:00] OODA_CYCLE_121_END sleeping 60s
[2026-08-05T23:28:33.037177+00:00] OODA_CYCLE_122_START
[2026-08-05T23:28:34.804640+00:00] OODA_CYCLE counts: {'trello_cards': 399, 'github_issues': 11, 'inbox_items': 0}
[2026-08-05T23:28:34.804907+00:00] OODA_CYCLE_122_END sleeping 60s
[2026-08-05T23:29:34.805338+00:00] OODA_CYCLE_123_START
[2026-08-05T23:29:36.540588+00:00] OODA_CYCLE counts: {'trello_cards': 399, 'github_issues': 11, 'inbox_items': 0}
[2026-08-05T23:29:36.540867+00:00] OODA_CYCLE_123_END sleeping 60s
[2026-08-05T23:30:36.541172+00:00] OODA_CYCLE_124_START
[2026-08-05T23:30:38.296917+00:00] OODA_CYCLE counts: {'trello_cards': 399, 'github_issues': 11, 'inbox_items': 0}
[2026-08-05T23:30:38.297184+00:00] OODA_CYCLE_124_END sleeping 60s
[2026-08-05T23:31:38.298186+00:00] OODA_CYCLE_125_START
[2026-08-05T23:31:40.070310+00:00] OODA_CYCLE counts: {'trello_cards': 399, 'github_issues': 11, 'inbox_items': 0}
[2026-08-05T23:31:40.070576+00:00] OODA_CYCLE_125_END sleeping 60s
[2026-08-05T23:32:40.070899+00:00] OODA_CYCLE_126_START
[2026-08-05T23:32:42.197479+00:00] OODA_CYCLE counts: {'trello_cards': 405, 'github_issues': 11, 'inbox_items': 0}
[2026-08-05T23:32:42.197746+00:00] OODA_CYCLE_126_END sleeping 60s
[2026-08-05T23:33:42.198399+00:00] OODA_CYCLE_127_START
[2026-08-05T23:33:44.076118+00:00] OODA_CYCLE counts: {'trello_cards': 405, 'github_issues': 11, 'inbox_items': 0}
[2026-08-05T23:33:44.076517+00:00] OODA_CYCLE_127_END sleeping 60s
[2026-08-05T23:34:44.076895+00:00] OODA_CYCLE_128_START
[2026-08-05T23:34:45.924366+00:00] OODA_CYCLE counts: {'trello_cards': 405, 'github_issues': 11, 'inbox_items': 0}
[2026-08-05T23:34:45.924641+00:00] OODA_CYCLE_128_END sleeping 60s
[2026-08-05T23:35:45.925072+00:00] OODA_CYCLE_129_START
[2026-08-05T23:35:47.673441+00:00] OODA_CYCLE counts: {'trello_cards': 405, 'github_issues': 17, 'inbox_items': 0}
[2026-08-05T23:35:47.673733+00:00] OODA_CYCLE_129_END sleeping 60s
[2026-08-05T23:36:47.674382+00:00] OODA_CYCLE_130_START
[2026-08-05T23:36:49.422200+00:00] OODA_CYCLE counts: {'trello_cards': 405, 'github_issues': 17, 'inbox_items': 0}
[2026-08-05T23:36:49.422513+00:00] OODA_CYCLE_130_END sleeping 60s
[2026-08-05T23:37:24.589508+00:00] OODA_LOOP_STARTED
[2026-08-05T23:37:24.589760+00:00] OODA_CYCLE_1_START
[2026-08-05T23:37:27.132516+00:00] OODA_CYCLE counts: {'trello_cards': 405, 'github_issues': 17, 'inbox_items': 0}
[2026-08-05T23:37:29.084215+00:00] OODA_CYCLE_1_END sleeping 60s
[2026-08-05T23:37:49.423145+00:00] OODA_CYCLE_131_START
[2026-08-05T23:37:51.327714+00:00] OODA_CYCLE counts: {'trello_cards': 405, 'github_issues': 17, 'inbox_items': 0}
[2026-08-05T23:37:51.328046+00:00] OODA_CYCLE_131_END sleeping 60s
[2026-08-05T23:38:51.328404+00:00] OODA_CYCLE_132_START
[2026-08-05T23:38:52.777002+00:00] OODA_LOOP_STARTED
[2026-08-05T23:38:52.777258+00:00] OODA_CYCLE_1_START
[2026-08-05T23:38:53.051226+00:00] OODA_CYCLE counts: {'trello_cards': 405, 'github_issues': 17, 'inbox_items': 0}
[2026-08-05T23:38:53.051489+00:00] OODA_CYCLE_132_END sleeping 60s
[2026-08-05T23:38:55.130436+00:00] OODA_CYCLE counts: {'trello_cards': 405, 'github_issues': 17, 'inbox_items': 0}
[2026-08-05T23:38:57.197813+00:00] OODA_LOOP_COMPLETE no more work
[2026-08-05T23:39:14.441267+00:00] OODA_LOOP_STARTED
[2026-08-05T23:39:14.441515+00:00] OODA_CYCLE_1_START
[2026-08-05T23:39:16.668880+00:00] OODA_CYCLE counts: {'trello_cards': 405, 'github_issues': 17, 'inbox_items': 0}
[2026-08-05T23:39:19.746218+00:00] OODA_CYCLE_1_END sleeping 60s
[2026-08-06T00:05:44.189847+00:00] VOID_ISSUES_FETCH_FAIL VOIDPirateTradeCo/void-pirate-bots 403
[2026-08-06T00:05:44.553423+00:00] VOID_ISSUES_FETCH_FAIL VOIDPirateTradeCo/void-pirate-legal 403
[2026-08-06T00:05:44.553682+00:00] VOID_TRELLO_CARDS_CREATED: 0
[2026-08-06T00:18:28.325430+00:00] OODA_LOOP_STARTED
[2026-08-06T00:18:28.325712+00:00] OODA_CYCLE_1_START
[2026-08-06T00:18:31.011945+00:00] OODA_CYCLE counts: {'trello_cards': 413, 'github_issues': 22, 'inbox_items': 0}
[2026-08-06T00:18:33.405391+00:00] OODA_LOOP_COMPLETE no more work
[2026-08-06T00:22:31.494746+00:00] BACKFILL_PROCESSED miss_pink: 9
[2026-08-06T00:22:38.843684+00:00] BACKFILL_PROCESSED sir_azure: 6
[2026-08-06T00:22:38.851515+00:00] BACKFILL_PROCESSED sir_green: 0
[2026-08-06T00:22:51.987481+00:00] OODA_LOOP_STARTED
[2026-08-06T00:22:51.987759+00:00] OODA_CYCLE_1_START
[2026-08-06T00:22:55.073786+00:00] OODA_CYCLE counts: {'trello_cards': 428, 'github_issues': 37, 'inbox_items': 0}
[2026-08-06T00:22:58.260293+00:00] OODA_CYCLE_1_END sleeping 60s
[2026-08-06T00:23:58.260635+00:00] OODA_CYCLE_2_START
[2026-08-06T00:24:01.678121+00:00] OODA_CYCLE counts: {'trello_cards': 428, 'github_issues': 37, 'inbox_items': 0}
[2026-08-06T00:24:03.787297+00:00] OODA_CYCLE_2_END sleeping 60s
[2026-08-06T00:25:03.787632+00:00] OODA_CYCLE_3_START
[2026-08-06T00:25:07.781721+00:00] OODA_CYCLE counts: {'trello_cards': 428, 'github_issues': 37, 'inbox_items': 0}
[2026-08-06T00:25:10.162488+00:00] OODA_CYCLE_3_END sleeping 60s
[2026-08-06T00:26:10.162962+00:00] OODA_CYCLE_4_START
[2026-08-06T00:26:14.580163+00:00] OODA_CYCLE counts: {'trello_cards': 428, 'github_issues': 37, 'inbox_items': 0}
[2026-08-06T00:26:16.809050+00:00] OODA_CYCLE_4_END sleeping 60s
[2026-08-06T00:27:16.810116+00:00] OODA_CYCLE_5_START
[2026-08-06T00:27:19.845435+00:00] OODA_CYCLE counts: {'trello_cards': 428, 'github_issues': 37, 'inbox_items': 0}
[2026-08-06T00:27:22.050141+00:00] OODA_CYCLE_5_END sleeping 60s
[2026-08-06T00:28:22.050907+00:00] OODA_CYCLE_6_START
[2026-08-06T00:28:26.863228+00:00] OODA_CYCLE counts: {'trello_cards': 428, 'github_issues': 37, 'inbox_items': 0}
[2026-08-06T00:28:29.512315+00:00] OODA_CYCLE_6_END sleeping 60s
[2026-08-06T00:29:29.512651+00:00] OODA_CYCLE_7_START
[2026-08-06T00:29:32.694853+00:00] OODA_CYCLE counts: {'trello_cards': 428, 'github_issues': 37, 'inbox_items': 0}
[2026-08-06T00:29:36.139625+00:00] OODA_CYCLE_7_END sleeping 60s
[2026-08-06T00:30:36.140481+00:00] OODA_CYCLE_8_START
[2026-08-06T00:30:39.806812+00:00] OODA_CYCLE counts: {'trello_cards': 428, 'github_issues': 37, 'inbox_items': 0}
[2026-08-06T00:30:43.783156+00:00] OODA_CYCLE_8_END sleeping 60s
[2026-08-06T00:31:43.783487+00:00] OODA_CYCLE_9_START
[2026-08-06T00:32:04.384380+00:00] OODA_CYCLE counts: {'trello_cards': 428, 'github_issues': 37, 'inbox_items': 0}
[2026-08-06T00:32:06.545418+00:00] OODA_CYCLE_9_END sleeping 60s
[2026-08-06T00:33:06.546343+00:00] OODA_CYCLE_10_START
[2026-08-06T00:33:11.470013+00:00] OODA_CYCLE counts: {'trello_cards': 428, 'github_issues': 37, 'inbox_items': 0}
[2026-08-06T00:33:14.033475+00:00] OODA_CYCLE_10_END sleeping 60s
[2026-08-06T00:34:14.033843+00:00] OODA_CYCLE_11_START
[2026-08-06T00:34:17.645106+00:00] OODA_CYCLE counts: {'trello_cards': 428, 'github_issues': 37, 'inbox_items': 0}
[2026-08-06T00:34:19.799839+00:00] OODA_CYCLE_11_END sleeping 60s
[2026-08-06T00:35:19.801098+00:00] OODA_CYCLE_12_START
[2026-08-06T00:35:23.072803+00:00] OODA_CYCLE counts: {'trello_cards': 428, 'github_issues': 37, 'inbox_items': 0}
[2026-08-06T00:35:25.167769+00:00] OODA_CYCLE_12_END sleeping 60s
[2026-08-06T00:36:25.168091+00:00] OODA_CYCLE_13_START
[2026-08-06T00:36:28.432555+00:00] OODA_CYCLE counts: {'trello_cards': 428, 'github_issues': 37, 'inbox_items': 0}
[2026-08-06T00:36:30.653110+00:00] OODA_CYCLE_13_END sleeping 60s
[2026-08-06T00:37:30.653457+00:00] OODA_CYCLE_14_START
[2026-08-06T00:37:32.686028+00:00] TRELLO_CARD_CREATED: FULL AUTOMATION BOOTSTRAP AND CREW COORDINATION 20260805T233900Z sirazure.msg
[2026-08-06T00:37:33.272041+00:00] GITHUB_ISSUE_CREATED: FULL AUTOMATION BOOTSTRAP AND CREW COORDINATION 20260805T233900Z sirazure.msg
[2026-08-06T00:37:33.306240+00:00] OODA_CYCLE processed 1 inbox items
[2026-08-06T00:37:35.353798+00:00] OODA_CYCLE counts: {'trello_cards': 429, 'github_issues': 38, 'inbox_items': 1}
[2026-08-06T00:37:40.481631+00:00] OODA_CYCLE_14_END sleeping 60s
[2026-08-06T00:38:40.481975+00:00] OODA_CYCLE_15_START
[2026-08-06T00:38:43.844002+00:00] OODA_CYCLE counts: {'trello_cards': 429, 'github_issues': 38, 'inbox_items': 1}
[2026-08-06T00:38:46.130905+00:00] OODA_CYCLE_15_END sleeping 60s
[2026-08-06T00:39:46.131263+00:00] OODA_CYCLE_16_START
[2026-08-06T00:39:49.470514+00:00] OODA_CYCLE counts: {'trello_cards': 429, 'github_issues': 38, 'inbox_items': 1}
[2026-08-06T00:39:51.642601+00:00] OODA_CYCLE_16_END sleeping 60s
[2026-08-06T00:40:51.642940+00:00] OODA_CYCLE_17_START
[2026-08-06T00:40:55.141139+00:00] OODA_CYCLE counts: {'trello_cards': 429, 'github_issues': 38, 'inbox_items': 1}
[2026-08-06T00:40:57.337904+00:00] OODA_CYCLE_17_END sleeping 60s
[2026-08-06T00:41:57.338285+00:00] OODA_CYCLE_18_START
[2026-08-06T00:42:00.642187+00:00] OODA_CYCLE counts: {'trello_cards': 429, 'github_issues': 38, 'inbox_items': 1}
[2026-08-06T00:42:02.733625+00:00] OODA_CYCLE_18_END sleeping 60s
[2026-08-06T00:43:02.734929+00:00] OODA_CYCLE_19_START
[2026-08-06T00:43:06.877766+00:00] OODA_CYCLE counts: {'trello_cards': 429, 'github_issues': 38, 'inbox_items': 1}
[2026-08-06T00:43:09.432913+00:00] OODA_CYCLE_19_END sleeping 60s
[2026-08-06T00:44:09.433237+00:00] OODA_CYCLE_20_START
[2026-08-06T00:44:12.940326+00:00] OODA_CYCLE counts: {'trello_cards': 429, 'github_issues': 38, 'inbox_items': 1}
[2026-08-06T00:44:16.318403+00:00] OODA_CYCLE_20_END sleeping 60s
[2026-08-06T00:45:16.319044+00:00] OODA_CYCLE_21_START
[2026-08-06T00:45:20.026045+00:00] OODA_CYCLE counts: {'trello_cards': 429, 'github_issues': 38, 'inbox_items': 1}
[2026-08-06T00:45:22.449940+00:00] OODA_CYCLE_21_END sleeping 60s
[2026-08-06T00:46:22.450449+00:00] OODA_CYCLE_22_START
[2026-08-06T00:46:25.901422+00:00] OODA_CYCLE counts: {'trello_cards': 429, 'github_issues': 38, 'inbox_items': 1}
[2026-08-06T00:46:28.349121+00:00] OODA_CYCLE_22_END sleeping 60s
[2026-08-06T00:47:28.349616+00:00] OODA_CYCLE_23_START
[2026-08-06T00:47:32.414395+00:00] OODA_CYCLE counts: {'trello_cards': 429, 'github_issues': 38, 'inbox_items': 1}
[2026-08-06T00:47:35.320845+00:00] OODA_CYCLE_23_END sleeping 60s
[2026-08-06T01:17:46.757633+00:00] OODA_LOOP_STARTED
[2026-08-06T01:17:46.757905+00:00] OODA_CYCLE_1_START
[2026-08-06T01:17:49.083185+00:00] TRELLO_CARD_CREATED: RE PINKCADY VIRTUALIZATION SETUP PLAN 20260806T002500Z misspink.msg
[2026-08-06T01:17:49.642276+00:00] GITHUB_ISSUE_CREATED: RE PINKCADY VIRTUALIZATION SETUP PLAN 20260806T002500Z misspink.msg
[2026-08-06T01:17:50.306491+00:00] TRELLO_CARD_CREATED: RE PINKCADY VIRTUALIZATION SETUP PLAN 20260806T003000Z sirgreen.msg
[2026-08-06T01:17:50.824825+00:00] GITHUB_ISSUE_CREATED: RE PINKCADY VIRTUALIZATION SETUP PLAN 20260806T003000Z sirgreen.msg
[2026-08-06T01:17:51.525071+00:00] TRELLO_CARD_CREATED: RE PINKCADY VIRTUALIZATION SETUP PLAN 20260806T010000Z captain.msg
[2026-08-06T01:17:52.021634+00:00] GITHUB_ISSUE_CREATED: RE PINKCADY VIRTUALIZATION SETUP PLAN 20260806T010000Z captain.msg
[2026-08-06T01:17:52.042082+00:00] OODA_CYCLE processed 3 inbox items
[2026-08-06T01:17:55.134496+00:00] OODA_CYCLE counts: {'trello_cards': 443, 'github_issues': 51, 'inbox_items': 3}
[2026-08-06T01:17:57.326496+00:00] OODA_LOOP_COMPLETE no more work
[2026-08-06T02:46:54.129583+00:00] OODA_LOOP_STARTED
[2026-08-06T02:46:54.130258+00:00] OODA_CYCLE_1_START
[2026-08-06T02:46:56.328898+00:00] TRELLO_CARD_CREATED: RE PINKCADY BIOS SVM XMP STEPS 20260806T011500Z misspink.msg
[2026-08-06T02:46:56.875196+00:00] GITHUB_ISSUE_CREATED: RE PINKCADY BIOS SVM XMP STEPS 20260806T011500Z misspink.msg
[2026-08-06T02:46:57.380842+00:00] TRELLO_CARD_CREATED: RE UNIFIED DASHBOARD DECISION ONE DASHBOARD ONLY 20260806T011800Z misspink.msg
[2026-08-06T02:46:57.879946+00:00] GITHUB_ISSUE_CREATED: RE UNIFIED DASHBOARD DECISION ONE DASHBOARD ONLY 20260806T011800Z misspink.msg
[2026-08-06T02:46:58.346307+00:00] TRELLO_CARD_CREATED: RE UNIFIED DASHBOARD DECISION ONE DASHBOARD ONLY 20260806T012800Z sirgreen.msg
[2026-08-06T02:46:58.899384+00:00] GITHUB_ISSUE_CREATED: RE UNIFIED DASHBOARD DECISION ONE DASHBOARD ONLY 20260806T012800Z sirgreen.msg
[2026-08-06T02:46:58.931592+00:00] OODA_CYCLE processed 3 inbox items
[2026-08-06T02:47:00.822125+00:00] OODA_CYCLE counts: {'trello_cards': 446, 'github_issues': 55, 'inbox_items': 7}
[2026-08-06T02:47:02.919799+00:00] OODA_LOOP_COMPLETE no more work
[2026-08-06T03:43:36.015737+00:00] OODA_LOOP_STARTED
[2026-08-06T03:43:36.015969+00:00] OODA_CYCLE_1_START
[2026-08-06T03:43:37.754035+00:00] TRELLO_CARD_CREATED: OBSIDIAN PLUGIN AUDIT REQUIRED FROM PINKCADY 20260806T023500Z sirgreen.msg
[2026-08-06T03:43:38.281951+00:00] GITHUB_ISSUE_CREATED: OBSIDIAN PLUGIN AUDIT REQUIRED FROM PINKCADY 20260806T023500Z sirgreen.msg
[2026-08-06T03:43:38.939042+00:00] TRELLO_CARD_CREATED: RE DASHBOARD 8080 NOW REDIRECTS TO 8089 RETEST 20260806T022000Z sirgreen.msg
[2026-08-06T03:43:39.490932+00:00] GITHUB_ISSUE_CREATED: RE DASHBOARD 8080 NOW REDIRECTS TO 8089 RETEST 20260806T022000Z sirgreen.msg
[2026-08-06T03:43:40.172276+00:00] TRELLO_CARD_CREATED: RE DASHBOARD 8089 CREW VALIDATION 20260806T014500Z sirgreen.msg
[2026-08-06T03:43:40.696867+00:00] GITHUB_ISSUE_CREATED: RE DASHBOARD 8089 CREW VALIDATION 20260806T014500Z sirgreen.msg
[2026-08-06T03:43:41.249996+00:00] TRELLO_CARD_CREATED: RE DASHBOARD 8089 TROUBLESHOOT AND PLUGIN AUDIT 20260806T013500Z sirgreen.msg
[2026-08-06T03:43:41.782096+00:00] GITHUB_ISSUE_CREATED: RE DASHBOARD 8089 TROUBLESHOOT AND PLUGIN AUDIT 20260806T013500Z sirgreen.msg
[2026-08-06T03:43:42.287342+00:00] TRELLO_CARD_CREATED: RE TORUS LIGHT FLEET DEPLOYED AND HUB PUSH STATUS 20260806T030500Z misspink.msg
[2026-08-06T03:43:42.829129+00:00] GITHUB_ISSUE_CREATED: RE TORUS LIGHT FLEET DEPLOYED AND HUB PUSH STATUS 20260806T030500Z misspink.msg
[2026-08-06T03:43:42.856960+00:00] OODA_CYCLE processed 5 inbox items
[2026-08-06T03:43:44.672939+00:00] OODA_CYCLE counts: {'trello_cards': 457, 'github_issues': 56, 'inbox_items': 12}
[2026-08-06T03:43:46.839957+00:00] OODA_LOOP_COMPLETE no more work
[2026-08-06T03:46:07.293730+00:00] OODA_LOOP_STARTED
[2026-08-06T03:46:07.294196+00:00] OODA_CYCLE_1_START
[2026-08-06T03:46:09.187792+00:00] TRELLO_CARD_CREATED: ACK TORUS FLEET LIVE PLUGIN AUDIT AND DASHBOARD RETEST STILL NEEDED 20260806T031500Z sirgreen.msg
[2026-08-06T03:46:09.683005+00:00] GITHUB_ISSUE_CREATED: ACK TORUS FLEET LIVE PLUGIN AUDIT AND DASHBOARD RETEST STILL NEEDED 20260806T031500Z sirgreen.msg
[2026-08-06T03:46:09.714523+00:00] OODA_CYCLE processed 1 inbox items
[2026-08-06T03:46:11.495616+00:00] OODA_CYCLE counts: {'trello_cards': 458, 'github_issues': 60, 'inbox_items': 13}
[2026-08-06T03:46:13.875913+00:00] OODA_LOOP_COMPLETE no more work
[2026-08-06T04:04:38.102043+00:00] OODA_LOOP_STARTED
[2026-08-06T04:04:38.102278+00:00] OODA_CYCLE_1_START
[2026-08-06T04:04:41.532015+00:00] OODA_CYCLE counts: {'trello_cards': 458, 'github_issues': 61, 'inbox_items': 13}
[2026-08-06T04:04:43.938818+00:00] OODA_LOOP_COMPLETE no more work
[2026-08-06T04:09:00.613352+00:00] OODA_LOOP_STARTED
[2026-08-06T04:09:00.613570+00:00] OODA_CYCLE_1_START
[2026-08-06T04:09:02.539676+00:00] TRELLO_CARD_CREATED: SIR GREEN BOT AND WATCHER BOTH RUNNING END TO END BRIDGE VERIFIED 20260806T041200Z sirgreen.msg
[2026-08-06T04:09:03.076728+00:00] GITHUB_ISSUE_CREATED: SIR GREEN BOT AND WATCHER BOTH RUNNING END TO END BRIDGE VERIFIED 20260806T041200Z sirgreen.msg
[2026-08-06T04:09:03.101589+00:00] OODA_CYCLE processed 1 inbox items
[2026-08-06T04:09:05.122645+00:00] OODA_CYCLE counts: {'trello_cards': 459, 'github_issues': 61, 'inbox_items': 14}
[2026-08-06T04:09:07.541020+00:00] OODA_LOOP_COMPLETE no more work
[2026-08-06T04:17:24.519008+00:00] OODA_LOOP_STARTED
[2026-08-06T04:17:24.519497+00:00] OODA_CYCLE_1_START
[2026-08-06T04:17:36.118803+00:00] TRELLO_CARD_CREATED: NEXT ACTIONS PLUGIN AUDIT DASHBOARD EVIDENCE AND CONNECTIVITY 20260806T041800Z sirgreen.msg
[2026-08-06T04:17:38.584306+00:00] GITHUB_ISSUE_CREATED: NEXT ACTIONS PLUGIN AUDIT DASHBOARD EVIDENCE AND CONNECTIVITY 20260806T041800Z sirgreen.msg
[2026-08-06T04:17:38.609712+00:00] OODA_CYCLE processed 1 inbox items
[2026-08-06T04:17:41.755885+00:00] OODA_CYCLE counts: {'trello_cards': 460, 'github_issues': 62, 'inbox_items': 15}
[2026-08-06T04:17:47.252457+00:00] OODA_LOOP_COMPLETE no more work
[2026-08-06T04:24:00.405475+00:00] OODA_LOOP_STARTED
[2026-08-06T04:24:00.405704+00:00] OODA_CYCLE_1_START
[2026-08-06T04:24:03.691204+00:00] OODA_CYCLE counts: {'trello_cards': 460, 'github_issues': 63, 'inbox_items': 17}
[2026-08-06T04:24:05.867248+00:00] OODA_LOOP_COMPLETE no more work
[2026-08-06T05:27:22.414979+00:00] OODA_LOOP_STARTED
[2026-08-06T05:27:22.415233+00:00] OODA_CYCLE_1_START
[2026-08-06T05:27:24.762640+00:00] TRELLO_CARD_CREATED: CODING ORDER DOCKER HUB PUSH HELPER 20260806T051500Z sirgreen.msg
[2026-08-06T05:27:25.335219+00:00] GITHUB_ISSUE_CREATED: CODING ORDER DOCKER HUB PUSH HELPER 20260806T051500Z sirgreen.msg
[2026-08-06T05:27:25.868766+00:00] TRELLO_CARD_CREATED: CODING ORDER DOCKER HUB WRITE ACCESS FOR ALERT ROUTER 20260806T051400Z sirgreen.msg
[2026-08-06T05:27:26.373759+00:00] GITHUB_ISSUE_CREATED: CODING ORDER DOCKER HUB WRITE ACCESS FOR ALERT ROUTER 20260806T051400Z sirgreen.msg
[2026-08-06T05:27:26.398866+00:00] OODA_CYCLE processed 2 inbox items
[2026-08-06T05:27:28.385804+00:00] OODA_CYCLE counts: {'trello_cards': 468, 'github_issues': 70, 'inbox_items': 22}
[2026-08-06T05:27:30.788060+00:00] OODA_LOOP_COMPLETE no more work
[2026-08-06T05:28:53.949507+00:00] OODA_LOOP_STARTED
[2026-08-06T05:28:53.949848+00:00] OODA_CYCLE_1_START
[2026-08-06T05:28:57.417351+00:00] OODA_CYCLE counts: {'trello_cards': 468, 'github_issues': 70, 'inbox_items': 22}
[2026-08-06T05:28:59.401352+00:00] OODA_LOOP_COMPLETE no more work
[2026-08-06T05:30:10.048497+00:00] OODA_LOOP_STARTED
[2026-08-06T05:30:10.048728+00:00] OODA_CYCLE_1_START
[2026-08-06T05:30:13.393598+00:00] OODA_CYCLE counts: {'trello_cards': 469, 'github_issues': 71, 'inbox_items': 23}
[2026-08-06T05:30:15.495820+00:00] OODA_LOOP_COMPLETE no more work
[2026-08-06T05:31:35.299269+00:00] OODA_LOOP_STARTED
[2026-08-06T05:31:35.299629+00:00] OODA_CYCLE_1_START
[2026-08-06T05:31:38.651339+00:00] OODA_CYCLE counts: {'trello_cards': 469, 'github_issues': 71, 'inbox_items': 24}
[2026-08-06T05:31:40.938144+00:00] OODA_LOOP_COMPLETE no more work
[2026-08-06T05:32:48.131558+00:00] OODA_LOOP_STARTED
[2026-08-06T05:32:48.131775+00:00] OODA_CYCLE_1_START
[2026-08-06T05:32:51.441600+00:00] OODA_CYCLE counts: {'trello_cards': 469, 'github_issues': 71, 'inbox_items': 24}
[2026-08-06T05:32:53.573978+00:00] OODA_LOOP_COMPLETE no more work
[2026-08-06T05:36:56.336777+00:00] OODA_LOOP_STARTED
[2026-08-06T05:36:56.337000+00:00] OODA_CYCLE_1_START
[2026-08-06T05:36:59.641459+00:00] OODA_CYCLE counts: {'trello_cards': 469, 'github_issues': 71, 'inbox_items': 26}
[2026-08-06T05:37:01.854170+00:00] OODA_LOOP_COMPLETE no more work
[2026-08-06T05:38:39.265712+00:00] OODA_LOOP_STARTED
[2026-08-06T05:38:39.265924+00:00] OODA_CYCLE_1_START
[2026-08-06T05:38:42.713934+00:00] OODA_CYCLE counts: {'trello_cards': 469, 'github_issues': 71, 'inbox_items': 26}
[2026-08-06T05:38:46.064044+00:00] OODA_LOOP_COMPLETE no more work
[2026-08-06T05:46:18.341866+00:00] OODA_LOOP_STARTED
[2026-08-06T05:46:18.342098+00:00] OODA_CYCLE_1_START
[2026-08-06T05:46:21.585814+00:00] OODA_CYCLE counts: {'trello_cards': 469, 'github_issues': 71, 'inbox_items': 28}
[2026-08-06T05:46:23.773420+00:00] OODA_LOOP_COMPLETE no more work
[2026-08-06T05:48:10.882365+00:00] OODA_LOOP_STARTED
[2026-08-06T05:48:10.882588+00:00] OODA_CYCLE_1_START
[2026-08-06T05:48:14.138002+00:00] OODA_CYCLE counts: {'trello_cards': 480, 'github_issues': 82, 'inbox_items': 30}
[2026-08-06T05:48:16.338168+00:00] OODA_LOOP_COMPLETE no more work
[2026-08-06T05:57:26.706306+00:00] OODA_LOOP_STARTED
[2026-08-06T05:57:26.706577+00:00] OODA_CYCLE_1_START
[2026-08-06T05:57:31.378798+00:00] OODA_CYCLE counts: {'trello_cards': 491, 'github_issues': 93, 'inbox_items': 30}
[2026-08-06T05:57:34.772620+00:00] OODA_LOOP_COMPLETE no more work
[2026-08-06T05:58:50.035482+00:00] BACKFILL_PROCESSED miss_pink: 0
[2026-08-06T06:11:25.863840+00:00] BACKFILL_PROCESSED miss_pink: 0
[2026-08-06T06:13:07.813462+00:00] OODA_LOOP_STARTED
[2026-08-06T06:13:07.813699+00:00] OODA_CYCLE_1_START
[2026-08-06T06:13:11.064129+00:00] OODA_CYCLE counts: {'trello_cards': 533, 'github_issues': 100, 'inbox_items': 10}
[2026-08-06T06:13:13.258838+00:00] OODA_LOOP_COMPLETE no more work
[2026-08-06T06:18:55.082875+00:00] OODA_LOOP_STARTED
[2026-08-06T06:18:55.083123+00:00] OODA_CYCLE_1_START
[2026-08-06T06:18:58.444366+00:00] OODA_CYCLE counts: {'trello_cards': 533, 'github_issues': 100, 'inbox_items': 10}
[2026-08-06T06:19:00.672227+00:00] OODA_CYCLE_1_END sleeping 60s
[2026-08-06T06:19:26.349156+00:00] BACKFILL_PROCESSED miss_pink: 0
[2026-08-06T06:19:28.649702+00:00] BACKFILL_PROCESSED sir_azure: 2
[2026-08-06T06:19:38.129844+00:00] BACKFILL_PROCESSED sir_green: 8
[2026-08-06T06:20:59.125247+00:00] BACKFILL_PROCESSED miss_pink: 0
[2026-08-06T06:20:59.130924+00:00] BACKFILL_PROCESSED sir_azure: 0
[2026-08-06T06:20:59.134685+00:00] BACKFILL_PROCESSED sir_green: 0
[2026-08-06T06:20:59.652705+00:00] OODA_LOOP_STARTED
[2026-08-06T06:20:59.653102+00:00] OODA_CYCLE_1_START
[2026-08-06T06:21:03.746823+00:00] OODA_CYCLE counts: {'trello_cards': 543, 'github_issues': 100, 'inbox_items': 0}
[2026-08-06T06:21:05.969721+00:00] OODA_LOOP_COMPLETE no more work
[2026-08-06T06:21:32.079675+00:00] OODA_LOOP_STARTED
[2026-08-06T06:21:32.079906+00:00] OODA_CYCLE_1_START
[2026-08-06T06:21:35.713587+00:00] OODA_CYCLE counts: {'trello_cards': 543, 'github_issues': 100, 'inbox_items': 0}
[2026-08-06T06:21:38.231541+00:00] OODA_CYCLE_1_END sleeping 60s
[2026-08-06T06:22:38.231915+00:00] OODA_CYCLE_2_START
[2026-08-06T06:22:41.731340+00:00] OODA_CYCLE counts: {'trello_cards': 543, 'github_issues': 100, 'inbox_items': 0}
[2026-08-06T06:22:45.116718+00:00] OODA_CYCLE_2_END sleeping 60s
[2026-08-06T06:24:41.420522+00:00] OODA_LOOP_STARTED
[2026-08-06T06:24:41.420734+00:00] OODA_CYCLE_1_START
[2026-08-06T06:24:44.901756+00:00] OODA_CYCLE counts: {'trello_cards': 543, 'github_issues': 100, 'inbox_items': 0}
[2026-08-06T06:24:47.223856+00:00] OODA_CYCLE_1_END sleeping 60s
[2026-08-06T06:26:06.532923+00:00] BACKFILL_PROCESSED miss_pink: 0
[2026-08-06T06:26:06.540829+00:00] BACKFILL_PROCESSED sir_azure: 0
[2026-08-06T06:26:06.548739+00:00] BACKFILL_PROCESSED sir_green: 0
[2026-08-06T06:33:55.940295+00:00] OODA_LOOP_STARTED
[2026-08-06T06:33:55.940779+00:00] OODA_CYCLE_1_START
[2026-08-06T06:33:57.966204+00:00] TRELLO_CARD_CREATED: ooda plugin automation update sirgreen 20260806T0624Z
[2026-08-06T06:33:58.562231+00:00] GITHUB_ISSUE_CREATED: ooda plugin automation update sirgreen 20260806T0624Z
[2026-08-06T06:33:58.591284+00:00] OODA_CYCLE processed 1 inbox items
[2026-08-06T06:34:01.015881+00:00] OODA_CYCLE counts: {'trello_cards': 544, 'github_issues': 100, 'inbox_items': 4}
[2026-08-06T06:34:04.040443+00:00] OODA_LOOP_COMPLETE no more work
[2026-08-06T06:34:58.711199+00:00] OODA_STATUS obsidian_complete webhook_blocked dashboard_8080_missing crew_asks_sent
[2026-08-06T06:35:09.167051+00:00] OODA_LOOP_STARTED
[2026-08-06T06:35:09.167290+00:00] OODA_CYCLE_1_START
[2026-08-06T06:35:12.717386+00:00] OODA_CYCLE counts: {'trello_cards': 544, 'github_issues': 100, 'inbox_items': 4}
[2026-08-06T06:35:15.149170+00:00] OODA_LOOP_COMPLETE no more work
[2026-08-06T06:38:56.492512+00:00] BACKFILL_PROCESSED miss_pink: 0
[2026-08-06T06:38:58.834674+00:00] BACKFILL_PROCESSED sir_azure: 2
[2026-08-06T06:39:01.066470+00:00] BACKFILL_PROCESSED sir_green: 2
[2026-08-06T06:44:12.331140+00:00] OODA_LOOP_STARTED
[2026-08-06T06:44:12.331377+00:00] OODA_CYCLE_1_START
[2026-08-06T06:44:15.759504+00:00] OODA_CYCLE counts: {'trello_cards': 548, 'github_issues': 100, 'inbox_items': 4}
[2026-08-06T06:44:18.282711+00:00] OODA_LOOP_COMPLETE no more work
[2026-08-06T06:44:19.456765+00:00] BACKFILL_PROCESSED miss_pink: 0
[2026-08-06T06:44:22.168707+00:00] BACKFILL_PROCESSED sir_azure: 2
[2026-08-06T06:44:24.439570+00:00] BACKFILL_PROCESSED sir_green: 2
[2026-08-06T06:53:58.844113+00:00] OODA_LOOP_STARTED
[2026-08-06T06:53:58.844370+00:00] OODA_CYCLE_1_START
[2026-08-06T06:54:00.866051+00:00] TRELLO_CARD_CREATED: verify claimed changes and asks sirgreen 20260806T0645Z
[2026-08-06T06:54:01.475647+00:00] GITHUB_ISSUE_CREATED: verify claimed changes and asks sirgreen 20260806T0645Z
[2026-08-06T06:54:01.524723+00:00] OODA_CYCLE processed 1 inbox items
[2026-08-06T06:54:03.964798+00:00] OODA_CYCLE counts: {'trello_cards': 553, 'github_issues': 100, 'inbox_items': 1}
[2026-08-06T06:54:06.438685+00:00] OODA_LOOP_COMPLETE no more work
[2026-08-06T06:57:04.679745+00:00] OODA_LOOP_STARTED
[2026-08-06T06:57:04.680155+00:00] OODA_CYCLE_1_START
[2026-08-06T06:57:08.252604+00:00] OODA_CYCLE counts: {'trello_cards': 553, 'github_issues': 100, 'inbox_items': 1}
[2026-08-06T06:57:10.932979+00:00] OODA_LOOP_COMPLETE no more work
[2026-08-06T07:16:54.037204+00:00] OODA_LOOP_STARTED
[2026-08-06T07:16:54.037415+00:00] OODA_CYCLE_1_START
[2026-08-06T07:16:57.683175+00:00] OODA_CYCLE counts: {'trello_cards': 553, 'github_issues': 100, 'inbox_items': 1}
[2026-08-06T07:17:00.123089+00:00] OODA_LOOP_COMPLETE no more work
[2026-08-06T07:17:32.427366+00:00] BACKFILL_PROCESSED miss_pink: 0
[2026-08-06T07:17:36.236557+00:00] BACKFILL_PROCESSED sir_azure: 3
[2026-08-06T07:17:38.421478+00:00] BACKFILL_PROCESSED sir_green: 2
[2026-08-06T07:17:38.974212+00:00] OODA_LOOP_STARTED
[2026-08-06T07:17:38.974423+00:00] OODA_CYCLE_1_START
[2026-08-06T07:17:42.476493+00:00] OODA_CYCLE counts: {'trello_cards': 558, 'github_issues': 100, 'inbox_items': 0}
[2026-08-06T07:17:45.077420+00:00] OODA_LOOP_COMPLETE no more work
[2026-08-06T07:48:31.774536+00:00] OODA_LOOP_STARTED
[2026-08-06T07:48:31.774881+00:00] OODA_CYCLE_1_START
[2026-08-06T07:48:35.267800+00:00] OODA_CYCLE counts: {'trello_cards': 558, 'github_issues': 100, 'inbox_items': 2}
[2026-08-06T07:48:38.226765+00:00] OODA_LOOP_COMPLETE no more work
[2026-08-06T07:49:41.802735+00:00] OODA_LOOP_STARTED
[2026-08-06T07:49:41.803054+00:00] OODA_CYCLE_1_START
[2026-08-06T07:49:45.117374+00:00] OODA_CYCLE counts: {'trello_cards': 558, 'github_issues': 100, 'inbox_items': 4}
[2026-08-06T07:49:47.535071+00:00] OODA_LOOP_COMPLETE no more work
[2026-08-06T07:49:54.965542+00:00] BACKFILL_PROCESSED miss_pink: 0
[2026-08-06T07:49:57.533144+00:00] BACKFILL_PROCESSED sir_azure: 2
[2026-08-06T07:49:59.963153+00:00] BACKFILL_PROCESSED sir_green: 2
[2026-08-06T07:54:49.092980+00:00] OODA_LOOP_STARTED
[2026-08-06T07:54:49.093212+00:00] OODA_CYCLE_1_START
[2026-08-06T07:54:52.593622+00:00] OODA_CYCLE counts: {'trello_cards': 562, 'github_issues': 100, 'inbox_items': 2}
[2026-08-06T07:54:55.152526+00:00] OODA_LOOP_COMPLETE no more work
[2026-08-06T07:54:56.417933+00:00] BACKFILL_PROCESSED miss_pink: 0
[2026-08-06T07:54:56.418871+00:00] BACKFILL_PROCESSED sir_azure: 0
[2026-08-06T07:54:58.797947+00:00] BACKFILL_PROCESSED sir_green: 2
[2026-08-06T07:56:28.936953+00:00] BACKFILL_PROCESSED miss_pink: 0
[2026-08-06T07:56:28.943290+00:00] BACKFILL_PROCESSED sir_azure: 0
[2026-08-06T07:56:31.421984+00:00] BACKFILL_PROCESSED sir_green: 2
[2026-08-06T07:56:31.831019+00:00] OODA_LOOP_STARTED
[2026-08-06T07:56:31.831270+00:00] OODA_CYCLE_1_START
[2026-08-06T07:56:35.706664+00:00] OODA_CYCLE counts: {'trello_cards': 566, 'github_issues': 100, 'inbox_items': 0}
[2026-08-06T07:56:38.019541+00:00] OODA_LOOP_COMPLETE no more work
[2026-08-06T07:57:28.904213+00:00] OODA_LOOP_STARTED
[2026-08-06T07:57:28.904517+00:00] OODA_CYCLE_1_START
[2026-08-06T07:57:32.201056+00:00] OODA_CYCLE counts: {'trello_cards': 566, 'github_issues': 100, 'inbox_items': 2}
[2026-08-06T07:57:34.638495+00:00] OODA_LOOP_COMPLETE no more work
[2026-08-06T07:57:35.830611+00:00] BACKFILL_PROCESSED miss_pink: 0
[2026-08-06T07:57:37.110104+00:00] BACKFILL_PROCESSED sir_azure: 1
[2026-08-06T07:57:38.317581+00:00] BACKFILL_PROCESSED sir_green: 1
[2026-08-06T07:57:46.919003+00:00] OODA_LOOP_STARTED
[2026-08-06T07:57:46.919244+00:00] OODA_CYCLE_1_START
[2026-08-06T07:57:50.245509+00:00] OODA_CYCLE counts: {'trello_cards': 568, 'github_issues': 100, 'inbox_items': 0}
[2026-08-06T07:57:53.330327+00:00] OODA_LOOP_COMPLETE no more work
[2026-08-06T07:58:10.944713+00:00] OODA_LOOP_STARTED
[2026-08-06T07:58:10.944941+00:00] OODA_CYCLE_1_START
[2026-08-06T07:58:14.317309+00:00] OODA_CYCLE counts: {'trello_cards': 568, 'github_issues': 100, 'inbox_items': 0}
[2026-08-06T07:58:16.694516+00:00] OODA_LOOP_COMPLETE no more work
[2026-08-06T08:05:34.517354+00:00] OODA_LOOP_STARTED
[2026-08-06T08:05:34.517691+00:00] OODA_CYCLE_1_START
[2026-08-06T08:05:37.855340+00:00] OODA_CYCLE counts: {'trello_cards': 568, 'github_issues': 100, 'inbox_items': 0}
[2026-08-06T08:05:40.303624+00:00] OODA_LOOP_COMPLETE no more work
[2026-08-06T08:05:41.649759+00:00] BACKFILL_PROCESSED miss_pink: 0
[2026-08-06T08:05:41.650516+00:00] BACKFILL_PROCESSED sir_azure: 0
[2026-08-06T08:05:41.651070+00:00] BACKFILL_PROCESSED sir_green: 0
[2026-08-06T08:08:19.319412+00:00] OODA_LOOP_STARTED
[2026-08-06T08:08:19.319661+00:00] OODA_CYCLE_1_START
[2026-08-06T08:08:26.413883+00:00] OODA_CYCLE counts: {'trello_cards': 568, 'github_issues': 100, 'inbox_items': 0}
[2026-08-06T08:08:31.831644+00:00] OODA_LOOP_COMPLETE no more work
[2026-08-06T08:08:34.952313+00:00] BACKFILL_PROCESSED miss_pink: 0
[2026-08-06T08:08:34.956908+00:00] BACKFILL_PROCESSED sir_azure: 0
[2026-08-06T08:08:34.961351+00:00] BACKFILL_PROCESSED sir_green: 0
[2026-08-06T08:11:16.584616+00:00] OODA_LOOP_STARTED
[2026-08-06T08:11:16.584922+00:00] OODA_CYCLE_1_START
[2026-08-06T08:11:31.460164+00:00] OODA_CYCLE counts: {'trello_cards': 568, 'github_issues': 100, 'inbox_items': 2}
[2026-08-06T08:11:40.103245+00:00] OODA_CYCLE_1_END sleeping 60s
[2026-08-06T08:12:19.941168+00:00] OODA_LOOP_STARTED
[2026-08-06T08:12:19.941411+00:00] OODA_CYCLE_1_START
[2026-08-06T08:12:30.327881+00:00] OODA_CYCLE counts: {'trello_cards': 568, 'github_issues': 100, 'inbox_items': 2}
[2026-08-06T08:12:35.035593+00:00] OODA_CYCLE_1_END sleeping 60s
[2026-08-06T08:13:19.416489+00:00] OODA_LOOP_STARTED
[2026-08-06T08:13:19.416731+00:00] OODA_CYCLE_1_START
[2026-08-06T08:13:25.456226+00:00] OODA_CYCLE counts: {'trello_cards': 568, 'github_issues': 100, 'inbox_items': 2}
[2026-08-06T08:13:28.724996+00:00] OODA_CYCLE_1_END sleeping 60s
[2026-08-06T08:13:30.739391+00:00] BACKFILL_PROCESSED miss_pink: 0
[2026-08-06T08:13:33.726209+00:00] BACKFILL_PROCESSED sir_azure: 1
[2026-08-06T08:13:35.033726+00:00] BACKFILL_PROCESSED sir_green: 1
[2026-08-06T08:14:21.380266+00:00] OODA_LOOP_STARTED
[2026-08-06T08:14:21.380748+00:00] OODA_CYCLE_1_START
[2026-08-06T08:14:27.884101+00:00] OODA_CYCLE counts: {'trello_cards': 570, 'github_issues': 100, 'inbox_items': 0}
[2026-08-06T08:14:33.062132+00:00] OODA_LOOP_COMPLETE no more work
[2026-08-06T08:14:35.111769+00:00] BACKFILL_PROCESSED miss_pink: 0
[2026-08-06T08:14:35.112355+00:00] BACKFILL_PROCESSED sir_azure: 0
[2026-08-06T08:14:35.112806+00:00] BACKFILL_PROCESSED sir_green: 0
[2026-08-06T08:23:12.485707+00:00] OODA_LOOP_STARTED
[2026-08-06T08:23:12.485942+00:00] OODA_CYCLE_1_START
[2026-08-06T08:23:15.783322+00:00] OODA_CYCLE counts: {'trello_cards': 570, 'github_issues': 100, 'inbox_items': 0}
[2026-08-06T08:23:18.014041+00:00] OODA_LOOP_COMPLETE no more work
[2026-08-06T08:29:35.229540+00:00] OODA_LOOP_STARTED
[2026-08-06T08:29:35.229771+00:00] OODA_CYCLE_1_START
[2026-08-06T08:29:38.744280+00:00] OODA_CYCLE counts: {'trello_cards': 570, 'github_issues': 100, 'inbox_items': 3}
[2026-08-06T08:29:40.995319+00:00] OODA_LOOP_COMPLETE no more work
[2026-08-06T08:29:42.094523+00:00] BACKFILL_PROCESSED miss_pink: 0
[2026-08-06T08:29:43.213856+00:00] BACKFILL_PROCESSED sir_azure: 1
[2026-08-06T08:29:45.332485+00:00] BACKFILL_PROCESSED sir_green: 2
[2026-08-06T08:30:40.866479+00:00] OODA_LOOP_STARTED
[2026-08-06T08:30:40.866749+00:00] OODA_CYCLE_1_START
[2026-08-06T08:30:44.118717+00:00] OODA_CYCLE counts: {'trello_cards': 573, 'github_issues': 100, 'inbox_items': 3}
[2026-08-06T08:30:46.446860+00:00] OODA_LOOP_COMPLETE no more work
[2026-08-06T08:38:25.747236+00:00] OODA_LOOP_STARTED
[2026-08-06T08:38:25.747523+00:00] OODA_CYCLE_1_START
[2026-08-06T08:38:29.174913+00:00] OODA_CYCLE counts: {'trello_cards': 545, 'github_issues': 100, 'inbox_items': 3}
[2026-08-06T08:38:31.384270+00:00] OODA_LOOP_COMPLETE no more work
[2026-08-06T08:38:32.608552+00:00] BACKFILL_PROCESSED miss_pink: 0
[2026-08-06T08:38:33.755248+00:00] BACKFILL_PROCESSED sir_azure: 1
[2026-08-06T08:38:36.024952+00:00] BACKFILL_PROCESSED sir_green: 2
[2026-08-06T08:42:37.077816+00:00] OODA_LOOP_STARTED
[2026-08-06T08:42:37.078052+00:00] OODA_CYCLE_1_START
[2026-08-06T08:42:40.272551+00:00] OODA_CYCLE counts: {'trello_cards': 548, 'github_issues': 100, 'inbox_items': 0}
[2026-08-06T08:42:42.736628+00:00] OODA_LOOP_COMPLETE no more work
[2026-08-06T08:42:43.948928+00:00] BACKFILL_PROCESSED miss_pink: 0
[2026-08-06T08:42:43.949614+00:00] BACKFILL_PROCESSED sir_azure: 0
[2026-08-06T08:42:43.950137+00:00] BACKFILL_PROCESSED sir_green: 0
[2026-08-06T08:43:56.433978+00:00] OODA_LOOP_STARTED
[2026-08-06T08:43:56.434306+00:00] OODA_CYCLE_1_START
[2026-08-06T08:43:59.838428+00:00] OODA_CYCLE counts: {'trello_cards': 548, 'github_issues': 100, 'inbox_items': 0}
[2026-08-06T08:44:02.291894+00:00] OODA_LOOP_COMPLETE no more work
[2026-08-06T08:44:03.516362+00:00] BACKFILL_PROCESSED miss_pink: 0
[2026-08-06T08:44:03.516891+00:00] BACKFILL_PROCESSED sir_azure: 0
[2026-08-06T08:44:03.517324+00:00] BACKFILL_PROCESSED sir_green: 0
[2026-08-06T08:55:48.350477+00:00] OODA_LOOP_STARTED
[2026-08-06T08:55:48.350704+00:00] OODA_CYCLE_1_START
[2026-08-06T08:55:51.651683+00:00] OODA_CYCLE counts: {'trello_cards': 548, 'github_issues': 100, 'inbox_items': 0}
[2026-08-06T08:55:53.937475+00:00] OODA_LOOP_COMPLETE no more work
[2026-08-06T08:58:24.555792+00:00] OODA_LOOP_STARTED
[2026-08-06T08:58:24.556037+00:00] OODA_CYCLE_1_START
[2026-08-06T08:58:27.812356+00:00] OODA_CYCLE counts: {'trello_cards': 548, 'github_issues': 100, 'inbox_items': 1}
[2026-08-06T08:58:30.149866+00:00] OODA_LOOP_COMPLETE no more work
[2026-08-06T08:58:31.358019+00:00] BACKFILL_PROCESSED miss_pink: 0
[2026-08-06T08:58:31.358704+00:00] BACKFILL_PROCESSED sir_azure: 0
[2026-08-06T08:58:32.478936+00:00] BACKFILL_PROCESSED sir_green: 1
[2026-08-06T09:07:45.535467+00:00] OODA_LOOP_STARTED
[2026-08-06T09:07:45.535717+00:00] OODA_CYCLE_1_START
[2026-08-06T09:07:48.988656+00:00] OODA_CYCLE counts: {'trello_cards': 549, 'github_issues': 100, 'inbox_items': 0}
[2026-08-06T09:07:51.233496+00:00] OODA_LOOP_COMPLETE no more work
[2026-08-06T09:10:11.693606+00:00] BACKFILL_PROCESSED miss_pink: 0
[2026-08-06T09:10:11.698964+00:00] BACKFILL_PROCESSED sir_azure: 0
[2026-08-06T09:10:13.176260+00:00] BACKFILL_PROCESSED sir_green: 1
[2026-08-06T09:12:14.101487+00:00] BACKFILL_PROCESSED miss_pink: 0
[2026-08-06T09:12:14.111763+00:00] BACKFILL_PROCESSED sir_azure: 0
[2026-08-06T09:12:14.121618+00:00] BACKFILL_PROCESSED sir_green: 0
[2026-08-06T09:19:41.045772+00:00] OODA_LOOP_STARTED
[2026-08-06T09:19:41.046158+00:00] OODA_CYCLE_1_START
[2026-08-06T09:19:44.363539+00:00] OODA_CYCLE counts: {'trello_cards': 550, 'github_issues': 100, 'inbox_items': 1}
[2026-08-06T09:19:46.803512+00:00] OODA_LOOP_COMPLETE no more work
[2026-08-06T09:19:48.076696+00:00] BACKFILL_PROCESSED miss_pink: 0
[2026-08-06T09:19:48.077237+00:00] BACKFILL_PROCESSED sir_azure: 0
[2026-08-06T09:19:49.213396+00:00] BACKFILL_PROCESSED sir_green: 1
[2026-08-06T13:53:41.947910+00:00] OODA_LOOP_STARTED
[2026-08-06T13:53:41.948726+00:00] OODA_CYCLE_1_START
[2026-08-06T13:53:45.544218+00:00] OODA_CYCLE counts: {'trello_cards': 551, 'github_issues': 100, 'inbox_items': 0}
[2026-08-06T13:53:48.178712+00:00] OODA_LOOP_COMPLETE no more work
[2026-08-06T13:53:50.525832+00:00] BACKFILL_PROCESSED miss_pink: 0
[2026-08-06T13:53:50.526585+00:00] BACKFILL_PROCESSED sir_azure: 0
[2026-08-06T13:53:50.527292+00:00] BACKFILL_PROCESSED sir_green: 0
[2026-08-06T13:54:51.133000+00:00] OODA_LOOP_STARTED
[2026-08-06T13:54:51.133255+00:00] OODA_CYCLE_1_START
[2026-08-06T13:54:55.546021+00:00] OODA_CYCLE counts: {'trello_cards': 551, 'github_issues': 100, 'inbox_items': 2}
[2026-08-06T13:54:58.029509+00:00] OODA_LOOP_COMPLETE no more work
[2026-08-06T13:54:59.175034+00:00] BACKFILL_PROCESSED miss_pink: 0
[2026-08-06T13:55:00.533292+00:00] BACKFILL_PROCESSED sir_azure: 1
[2026-08-06T13:55:01.899469+00:00] BACKFILL_PROCESSED sir_green: 1
[2026-08-06T14:24:43.753438+00:00] OODA_LOOP_STARTED
[2026-08-06T14:24:43.753663+00:00] OODA_CYCLE_1_START
[2026-08-06T14:24:47.493594+00:00] OODA_CYCLE counts: {'trello_cards': 553, 'github_issues': 100, 'inbox_items': 0}
[2026-08-06T14:24:50.106160+00:00] OODA_LOOP_COMPLETE no more work
[2026-08-06T14:24:57.610928+00:00] BACKFILL_PROCESSED miss_pink: 0
[2026-08-06T14:24:57.615253+00:00] BACKFILL_PROCESSED sir_azure: 0
[2026-08-06T14:24:57.619705+00:00] BACKFILL_PROCESSED sir_green: 0
[2026-08-06T15:17:31.224479+00:00] OODA_LOOP_STARTED
[2026-08-06T15:17:31.224747+00:00] OODA_CYCLE_1_START
[2026-08-06T15:17:34.584079+00:00] OODA_CYCLE counts: {'trello_cards': 560, 'github_issues': 100, 'inbox_items': 0}
[2026-08-06T15:17:36.893343+00:00] OODA_LOOP_COMPLETE no more work
[2026-08-06T15:18:40.161376+00:00] BACKFILL_PROCESSED miss_pink: 0
[2026-08-06T15:18:40.168198+00:00] BACKFILL_PROCESSED sir_azure: 0
[2026-08-06T15:18:40.172804+00:00] BACKFILL_PROCESSED sir_green: 0
[2026-08-06T15:19:16.506951+00:00] BACKFILL_PROCESSED miss_pink: 0
[2026-08-06T15:19:16.512412+00:00] BACKFILL_PROCESSED sir_azure: 0
[2026-08-06T15:19:17.733052+00:00] BACKFILL_PROCESSED sir_green: 1
[2026-08-06T15:19:58.141674+00:00] OODA_LOOP_STARTED
[2026-08-06T15:19:58.141897+00:00] OODA_CYCLE_1_START
[2026-08-06T15:20:01.388192+00:00] OODA_CYCLE counts: {'trello_cards': 561, 'github_issues': 100, 'inbox_items': 0}
[2026-08-06T15:20:03.663505+00:00] OODA_LOOP_COMPLETE no more work
[2026-08-06T15:20:05.201388+00:00] BACKFILL_PROCESSED miss_pink: 0
[2026-08-06T15:20:05.201915+00:00] BACKFILL_PROCESSED sir_azure: 0
[2026-08-06T15:20:05.202375+00:00] BACKFILL_PROCESSED sir_green: 0
[2026-08-06T15:25:00.418604+00:00] OODA_LOOP_STARTED
[2026-08-06T15:25:00.418842+00:00] OODA_CYCLE_1_START
[2026-08-06T15:25:03.796592+00:00] OODA_CYCLE counts: {'trello_cards': 561, 'github_issues': 100, 'inbox_items': 0}
[2026-08-06T15:25:06.051815+00:00] OODA_LOOP_COMPLETE no more work
[2026-08-06T15:25:07.240761+00:00] BACKFILL_PROCESSED miss_pink: 0
[2026-08-06T15:25:07.241281+00:00] BACKFILL_PROCESSED sir_azure: 0
[2026-08-06T15:25:07.241708+00:00] BACKFILL_PROCESSED sir_green: 0
[2026-08-06T15:27:13.424977+00:00] OODA_LOOP_STARTED
[2026-08-06T15:27:13.425189+00:00] OODA_CYCLE_1_START
[2026-08-06T15:27:16.967695+00:00] OODA_CYCLE counts: {'trello_cards': 561, 'github_issues': 100, 'inbox_items': 0}
[2026-08-06T15:27:19.541874+00:00] OODA_LOOP_COMPLETE no more work
[2026-08-06T15:27:20.660361+00:00] BACKFILL_PROCESSED miss_pink: 0
[2026-08-06T15:27:20.660865+00:00] BACKFILL_PROCESSED sir_azure: 0
[2026-08-06T15:27:20.661306+00:00] BACKFILL_PROCESSED sir_green: 0
[2026-08-06T15:27:56.341255+00:00] OODA_LOOP_STARTED
[2026-08-06T15:27:56.341547+00:00] OODA_CYCLE_1_START
[2026-08-06T15:27:59.687684+00:00] OODA_CYCLE counts: {'trello_cards': 561, 'github_issues': 100, 'inbox_items': 0}
[2026-08-06T15:28:01.953966+00:00] OODA_LOOP_COMPLETE no more work
[2026-08-06T15:28:03.000814+00:00] BACKFILL_PROCESSED miss_pink: 0
[2026-08-06T15:28:03.001939+00:00] BACKFILL_PROCESSED sir_azure: 0
[2026-08-06T15:28:03.002808+00:00] BACKFILL_PROCESSED sir_green: 0
[2026-08-06T15:29:47.998930+00:00] BACKFILL_PROCESSED miss_pink: 0
[2026-08-06T15:29:48.005117+00:00] BACKFILL_PROCESSED sir_azure: 0
[2026-08-06T15:29:48.010703+00:00] BACKFILL_PROCESSED sir_green: 0
[2026-08-06T15:33:30.984318+00:00] OODA_LOOP_STARTED
[2026-08-06T15:33:30.984534+00:00] OODA_CYCLE_1_START
[2026-08-06T15:33:34.705395+00:00] OODA_CYCLE counts: {'trello_cards': 561, 'github_issues': 100, 'inbox_items': 0}
[2026-08-06T15:33:37.037051+00:00] OODA_LOOP_COMPLETE no more work
[2026-08-06T15:33:38.330121+00:00] BACKFILL_PROCESSED miss_pink: 0
[2026-08-06T15:33:38.330630+00:00] BACKFILL_PROCESSED sir_azure: 0
[2026-08-06T15:33:38.331117+00:00] BACKFILL_PROCESSED sir_green: 0
[2026-08-06T15:39:54.403785+00:00] OODA_LOOP_STARTED
[2026-08-06T15:39:54.404016+00:00] OODA_CYCLE_1_START
[2026-08-06T15:39:57.640936+00:00] OODA_CYCLE counts: {'trello_cards': 561, 'github_issues': 100, 'inbox_items': 0}
[2026-08-06T15:39:59.958273+00:00] OODA_LOOP_COMPLETE no more work
[2026-08-06T15:40:01.152381+00:00] BACKFILL_PROCESSED miss_pink: 0
[2026-08-06T15:40:01.152903+00:00] BACKFILL_PROCESSED sir_azure: 0
[2026-08-06T15:40:01.153383+00:00] BACKFILL_PROCESSED sir_green: 0
[2026-08-06T15:40:31.900242+00:00] BACKFILL_PROCESSED miss_pink: 0
[2026-08-06T15:40:33.138912+00:00] BACKFILL_PROCESSED sir_azure: 1
[2026-08-06T15:40:34.307678+00:00] BACKFILL_PROCESSED sir_green: 1
[2026-08-06T15:42:39.030622+00:00] OODA_LOOP_STARTED
[2026-08-06T15:42:39.031001+00:00] OODA_CYCLE_1_START
[2026-08-06T15:42:42.295841+00:00] OODA_CYCLE counts: {'trello_cards': 563, 'github_issues': 100, 'inbox_items': 0}
[2026-08-06T15:42:44.709575+00:00] OODA_LOOP_COMPLETE no more work
[2026-08-06T15:42:45.837867+00:00] BACKFILL_PROCESSED miss_pink: 0
[2026-08-06T15:42:45.838525+00:00] BACKFILL_PROCESSED sir_azure: 0
[2026-08-06T15:42:45.839123+00:00] BACKFILL_PROCESSED sir_green: 0
[2026-08-06T15:43:02.162145+00:00] BACKFILL_PROCESSED miss_pink: 0
[2026-08-06T15:43:03.312160+00:00] BACKFILL_PROCESSED sir_azure: 1
[2026-08-06T15:43:04.528460+00:00] BACKFILL_PROCESSED sir_green: 1
[2026-08-06T15:57:52.045457+00:00] OODA_LOOP_STARTED
[2026-08-06T15:57:52.045670+00:00] OODA_CYCLE_1_START
[2026-08-06T15:57:55.500047+00:00] OODA_CYCLE counts: {'trello_cards': 565, 'github_issues': 100, 'inbox_items': 0}
[2026-08-06T15:57:58.001787+00:00] OODA_LOOP_COMPLETE no more work
[2026-08-06T15:57:59.431670+00:00] BACKFILL_PROCESSED miss_pink: 0
[2026-08-06T15:57:59.432191+00:00] BACKFILL_PROCESSED sir_azure: 0
[2026-08-06T15:57:59.432733+00:00] BACKFILL_PROCESSED sir_green: 0
[2026-08-06T15:58:50.102197+00:00] BACKFILL_PROCESSED miss_pink: 0
[2026-08-06T15:58:50.113726+00:00] BACKFILL_PROCESSED sir_azure: 0
[2026-08-06T15:58:51.848241+00:00] BACKFILL_PROCESSED sir_green: 1
[2026-08-06T16:07:39.474717+00:00] OODA_LOOP_STARTED
[2026-08-06T16:07:39.475098+00:00] OODA_CYCLE_1_START
[2026-08-06T16:07:42.840140+00:00] OODA_CYCLE counts: {'trello_cards': 566, 'github_issues': 100, 'inbox_items': 0}
[2026-08-06T16:07:45.533352+00:00] OODA_LOOP_COMPLETE no more work
[2026-08-06T16:07:46.809283+00:00] BACKFILL_PROCESSED miss_pink: 0
[2026-08-06T16:07:46.809916+00:00] BACKFILL_PROCESSED sir_azure: 0
[2026-08-06T16:07:46.810715+00:00] BACKFILL_PROCESSED sir_green: 0
[2026-08-06T16:08:35.756318+00:00] BACKFILL_PROCESSED miss_pink: 0
[2026-08-06T16:08:35.756919+00:00] BACKFILL_PROCESSED sir_azure: 0
[2026-08-06T16:08:36.771110+00:00] BACKFILL_PROCESSED sir_green: 1
[2026-08-06T16:12:06.232408+00:00] OODA_LOOP_STARTED
[2026-08-06T16:12:06.232636+00:00] OODA_CYCLE_1_START
[2026-08-06T16:13:10.941194+00:00] OODA_CYCLE counts: {'trello_cards': 573, 'github_issues': 100, 'inbox_items': 2}
[2026-08-06T16:13:13.314709+00:00] OODA_LOOP_COMPLETE no more work
[2026-08-06T16:13:14.473042+00:00] BACKFILL_PROCESSED miss_pink: 0
[2026-08-06T16:13:15.750759+00:00] BACKFILL_PROCESSED sir_azure: 1
[2026-08-06T16:13:16.881410+00:00] BACKFILL_PROCESSED sir_green: 1
[2026-08-06T16:35:43.062580+00:00] BACKFILL_PROCESSED miss_pink: 2
[2026-08-06T16:35:44.194791+00:00] BACKFILL_PROCESSED sir_azure: 1
[2026-08-06T16:35:50.291133+00:00] BACKFILL_PROCESSED sir_green: 5
[2026-08-06T16:36:57.649962+00:00] BACKFILL_PROCESSED miss_pink: 0
[2026-08-06T16:36:58.802517+00:00] BACKFILL_PROCESSED sir_azure: 1
[2026-08-06T16:36:59.903200+00:00] BACKFILL_PROCESSED sir_green: 1
[2026-08-06T16:38:25.818991+00:00] OODA_LOOP_STARTED
[2026-08-06T16:38:25.819351+00:00] OODA_CYCLE_1_START
[2026-08-06T16:38:29.320162+00:00] OODA_CYCLE counts: {'trello_cards': 585, 'github_issues': 100, 'inbox_items': 0}
[2026-08-06T16:38:32.018834+00:00] OODA_LOOP_COMPLETE no more work
[2026-08-06T16:38:33.380043+00:00] BACKFILL_PROCESSED miss_pink: 0
[2026-08-06T16:38:33.380656+00:00] BACKFILL_PROCESSED sir_azure: 0
[2026-08-06T16:38:33.381365+00:00] BACKFILL_PROCESSED sir_green: 0
[2026-08-06T17:29:30.656511+00:00] BACKFILL_PROCESSED miss_pink: 0
[2026-08-06T17:29:30.690765+00:00] BACKFILL_PROCESSED sir_azure: 0
[2026-08-06T17:29:31.912316+00:00] BACKFILL_PROCESSED sir_green: 1
[2026-08-06T17:30:11.275732+00:00] BACKFILL_PROCESSED miss_pink: 0
[2026-08-06T17:30:12.527543+00:00] BACKFILL_PROCESSED sir_azure: 1
[2026-08-06T17:30:13.924524+00:00] BACKFILL_PROCESSED sir_green: 1
[2026-08-06T18:10:44.049102+00:00] BACKFILL_PROCESSED miss_pink: 0
[2026-08-06T18:10:44.063994+00:00] BACKFILL_PROCESSED sir_azure: 0
[2026-08-06T18:10:45.382966+00:00] BACKFILL_PROCESSED sir_green: 1
[2026-08-07T01:51:03.268837+00:00] BACKFILL_PROCESSED miss_pink: 6
[2026-08-07T01:51:06.027004+00:00] BACKFILL_PROCESSED sir_azure: 3
[2026-08-07T01:51:08.712316+00:00] BACKFILL_PROCESSED sir_green: 2
[2026-08-07T11:34:02.415647+00:00] OODA_LOOP_STARTED
[2026-08-07T11:34:02.416207+00:00] OODA_CYCLE_1_START
[2026-08-07T11:34:04.769832+00:00] GITHUB_ISSUE_CREATED: SMART TICKET SYSTEM FINAL INSTRUCTIONS 20260807 sirgreen.msg
[2026-08-07T11:34:04.826807+00:00] INBOX_PROCESS_ERROR SMART_TICKET_SYSTEM_FINAL_INSTRUCTIONS_20260807_sirgreen.msg.md: [WinError 183] Cannot create a file when that file already exists: 'Z:\\MISS_PINK_INBOX\\SMART_TICKET_SYSTEM_FINAL_INSTRUCTIONS_20260807_sirgreen.msg.md' -> 'Z:\\processed\\miss_pink\\SMART_TICKET_SYSTEM_FINAL_INSTRUCTIONS_20260807_sirgreen.msg.md'
[2026-08-07T11:34:06.629413+00:00] OODA_CYCLE counts: {'trello_cards': 584, 'github_issues': 7, 'inbox_items': 5}
[2026-08-07T11:34:09.086015+00:00] OODA_LOOP_COMPLETE no more work
[2026-08-07T11:35:01.470263+00:00] OODA_LOOP_STARTED
[2026-08-07T11:35:01.470668+00:00] OODA_CYCLE_1_START
[2026-08-07T11:35:03.673492+00:00] GITHUB_ISSUE_CREATED: SMART TICKET SYSTEM FINAL INSTRUCTIONS 20260807 sirgreen.msg
[2026-08-07T11:35:03.710517+00:00] INBOX_PROCESS_ERROR SMART_TICKET_SYSTEM_FINAL_INSTRUCTIONS_20260807_sirgreen.msg.md: [WinError 183] Cannot create a file when that file already exists: 'Z:\\MISS_PINK_INBOX\\SMART_TICKET_SYSTEM_FINAL_INSTRUCTIONS_20260807_sirgreen.msg.md' -> 'Z:\\processed\\miss_pink\\SMART_TICKET_SYSTEM_FINAL_INSTRUCTIONS_20260807_sirgreen.msg.md'
[2026-08-07T11:35:05.633900+00:00] OODA_CYCLE counts: {'trello_cards': 584, 'github_issues': 8, 'inbox_items': 5}
[2026-08-07T11:35:07.978575+00:00] OODA_LOOP_COMPLETE no more work
[2026-08-07T11:36:01.349933+00:00] OODA_LOOP_STARTED
[2026-08-07T11:36:01.350389+00:00] OODA_CYCLE_1_START
[2026-08-07T11:36:03.413476+00:00] GITHUB_ISSUE_CREATED: SMART TICKET SYSTEM FINAL INSTRUCTIONS 20260807 sirgreen.msg
[2026-08-07T11:36:03.453142+00:00] INBOX_PROCESS_ERROR SMART_TICKET_SYSTEM_FINAL_INSTRUCTIONS_20260807_sirgreen.msg.md: [WinError 183] Cannot create a file when that file already exists: 'Z:\\MISS_PINK_INBOX\\SMART_TICKET_SYSTEM_FINAL_INSTRUCTIONS_20260807_sirgreen.msg.md' -> 'Z:\\processed\\miss_pink\\SMART_TICKET_SYSTEM_FINAL_INSTRUCTIONS_20260807_sirgreen.msg.md'
[2026-08-07T11:36:05.262969+00:00] OODA_CYCLE counts: {'trello_cards': 584, 'github_issues': 9, 'inbox_items': 5}
[2026-08-07T11:36:07.780413+00:00] OODA_LOOP_COMPLETE no more work
[2026-08-07T11:37:01.330368+00:00] OODA_LOOP_STARTED
[2026-08-07T11:37:01.330715+00:00] OODA_CYCLE_1_START
[2026-08-07T11:37:03.383225+00:00] GITHUB_ISSUE_CREATED: SMART TICKET SYSTEM FINAL INSTRUCTIONS 20260807 sirgreen.msg
[2026-08-07T11:37:03.412222+00:00] INBOX_PROCESS_ERROR SMART_TICKET_SYSTEM_FINAL_INSTRUCTIONS_20260807_sirgreen.msg.md: [WinError 183] Cannot create a file when that file already exists: 'Z:\\MISS_PINK_INBOX\\SMART_TICKET_SYSTEM_FINAL_INSTRUCTIONS_20260807_sirgreen.msg.md' -> 'Z:\\processed\\miss_pink\\SMART_TICKET_SYSTEM_FINAL_INSTRUCTIONS_20260807_sirgreen.msg.md'
[2026-08-07T11:37:05.458660+00:00] OODA_CYCLE counts: {'trello_cards': 584, 'github_issues': 10, 'inbox_items': 5}
[2026-08-07T11:37:07.588308+00:00] OODA_LOOP_COMPLETE no more work
[2026-08-07T11:38:01.297851+00:00] OODA_LOOP_STARTED
[2026-08-07T11:38:01.298278+00:00] OODA_CYCLE_1_START
[2026-08-07T11:38:03.502228+00:00] GITHUB_ISSUE_CREATED: SMART TICKET SYSTEM FINAL INSTRUCTIONS 20260807 sirgreen.msg
[2026-08-07T11:38:03.617996+00:00] INBOX_PROCESS_ERROR SMART_TICKET_SYSTEM_FINAL_INSTRUCTIONS_20260807_sirgreen.msg.md: [WinError 183] Cannot create a file when that file already exists: 'Z:\\MISS_PINK_INBOX\\SMART_TICKET_SYSTEM_FINAL_INSTRUCTIONS_20260807_sirgreen.msg.md' -> 'Z:\\processed\\miss_pink\\SMART_TICKET_SYSTEM_FINAL_INSTRUCTIONS_20260807_sirgreen.msg.md'
[2026-08-07T11:38:05.601579+00:00] OODA_CYCLE counts: {'trello_cards': 584, 'github_issues': 11, 'inbox_items': 5}
[2026-08-07T11:38:08.027155+00:00] OODA_LOOP_COMPLETE no more work
[2026-08-07T11:39:01.278183+00:00] OODA_LOOP_STARTED
[2026-08-07T11:39:01.278598+00:00] OODA_CYCLE_1_START
[2026-08-07T11:39:03.302125+00:00] GITHUB_ISSUE_CREATED: SMART TICKET SYSTEM FINAL INSTRUCTIONS 20260807 sirgreen.msg
[2026-08-07T11:39:03.335086+00:00] INBOX_PROCESS_ERROR SMART_TICKET_SYSTEM_FINAL_INSTRUCTIONS_20260807_sirgreen.msg.md: [WinError 183] Cannot create a file when that file already exists: 'Z:\\MISS_PINK_INBOX\\SMART_TICKET_SYSTEM_FINAL_INSTRUCTIONS_20260807_sirgreen.msg.md' -> 'Z:\\processed\\miss_pink\\SMART_TICKET_SYSTEM_FINAL_INSTRUCTIONS_20260807_sirgreen.msg.md'
[2026-08-07T11:39:05.294968+00:00] OODA_CYCLE counts: {'trello_cards': 584, 'github_issues': 12, 'inbox_items': 5}
[2026-08-07T11:39:07.601190+00:00] OODA_LOOP_COMPLETE no more work
[2026-08-07T11:40:01.330180+00:00] OODA_LOOP_STARTED
[2026-08-07T11:40:01.330620+00:00] OODA_CYCLE_1_START
[2026-08-07T11:40:03.569270+00:00] GITHUB_ISSUE_CREATED: SMART TICKET SYSTEM FINAL INSTRUCTIONS 20260807 sirgreen.msg
[2026-08-07T11:40:03.601359+00:00] INBOX_PROCESS_ERROR SMART_TICKET_SYSTEM_FINAL_INSTRUCTIONS_20260807_sirgreen.msg.md: [WinError 183] Cannot create a file when that file already exists: 'Z:\\MISS_PINK_INBOX\\SMART_TICKET_SYSTEM_FINAL_INSTRUCTIONS_20260807_sirgreen.msg.md' -> 'Z:\\processed\\miss_pink\\SMART_TICKET_SYSTEM_FINAL_INSTRUCTIONS_20260807_sirgreen.msg.md'
[2026-08-07T11:40:05.503782+00:00] OODA_CYCLE counts: {'trello_cards': 584, 'github_issues': 13, 'inbox_items': 5}
[2026-08-07T11:40:07.648205+00:00] OODA_LOOP_COMPLETE no more work
[2026-08-07T11:41:01.331985+00:00] OODA_LOOP_STARTED
[2026-08-07T11:41:01.332338+00:00] OODA_CYCLE_1_START
[2026-08-07T11:41:03.375212+00:00] GITHUB_ISSUE_CREATED: SMART TICKET SYSTEM FINAL INSTRUCTIONS 20260807 sirgreen.msg
[2026-08-07T11:41:03.409177+00:00] INBOX_PROCESS_ERROR SMART_TICKET_SYSTEM_FINAL_INSTRUCTIONS_20260807_sirgreen.msg.md: [WinError 183] Cannot create a file when that file already exists: 'Z:\\MISS_PINK_INBOX\\SMART_TICKET_SYSTEM_FINAL_INSTRUCTIONS_20260807_sirgreen.msg.md' -> 'Z:\\processed\\miss_pink\\SMART_TICKET_SYSTEM_FINAL_INSTRUCTIONS_20260807_sirgreen.msg.md'
[2026-08-07T11:41:05.689191+00:00] OODA_CYCLE counts: {'trello_cards': 584, 'github_issues': 14, 'inbox_items': 5}
[2026-08-07T11:41:08.135128+00:00] OODA_LOOP_COMPLETE no more work
[2026-08-10T03:58:37.339878+00:00] OODA_LOOP_STARTED
[2026-08-10T03:58:37.341880+00:00] OODA_CYCLE_1_START
[2026-08-10T03:58:39.029112+00:00] INBOX_SKIP_ALREADY_PROCESSED: SMART_TICKET_SYSTEM_FINAL_INSTRUCTIONS_20260807_sirgreen.msg.md
[2026-08-10T03:58:40.839431+00:00] OODA_CYCLE counts: {'trello_cards': 133, 'github_issues': 7, 'inbox_items': 1}
[2026-08-10T03:58:42.978745+00:00] OODA_LOOP_COMPLETE no more work
[2026-08-10T03:58:46.346699+00:00] OODA_LOOP_STARTED
[2026-08-10T03:58:46.346699+00:00] OODA_CYCLE_1_START
[2026-08-10T03:58:49.149517+00:00] OODA_CYCLE counts: {'trello_cards': 133, 'github_issues': 7, 'inbox_items': 1}
[2026-08-10T03:58:51.126165+00:00] OODA_CYCLE_1_END sleeping 60s
[2026-08-10T03:59:47.483153+00:00] BACKFILL_PROCESSED miss_pink: 0
[2026-08-10T03:59:48.405260+00:00] BACKFILL_PROCESSED sir_azure: 1
[2026-08-10T03:59:48.415261+00:00] BACKFILL_PROCESSED sir_green: 0
[2026-08-10T04:07:39.605079+00:00] OODA_LOOP_STARTED
[2026-08-10T04:07:39.606081+00:00] OODA_CYCLE_1_START
[2026-08-10T04:07:42.822962+00:00] OODA_CYCLE counts: {'trello_cards': 133, 'github_issues': 8, 'inbox_items': 0}
[2026-08-10T04:07:44.668627+00:00] OODA_LOOP_COMPLETE no more work
[2026-08-10T04:08:12.016787+00:00] OODA_LOOP_STARTED
[2026-08-10T04:08:12.016787+00:00] OODA_CYCLE_1_START
[2026-08-10T04:08:15.036111+00:00] OODA_CYCLE counts: {'trello_cards': 133, 'github_issues': 8, 'inbox_items': 0}
[2026-08-10T04:08:17.139052+00:00] OODA_CYCLE_1_END sleeping 60s
[2026-08-10T04:14:23.977982+00:00] OODA_LOOP_STARTED
[2026-08-10T04:14:23.977982+00:00] OODA_CYCLE_1_START
[2026-08-10T04:14:24.180834+00:00] OODA_LOOP_STARTED
[2026-08-10T04:14:24.180834+00:00] OODA_CYCLE_1_START
[2026-08-10T04:14:27.082898+00:00] OODA_CYCLE counts: {'trello_cards': 133, 'github_issues': 8, 'inbox_items': 0}
[2026-08-10T04:14:27.285587+00:00] OODA_CYCLE counts: {'trello_cards': 133, 'github_issues': 8, 'inbox_items': 0}
[2026-08-10T04:14:29.179892+00:00] OODA_CYCLE_1_END sleeping 60s
[2026-08-10T04:14:29.358492+00:00] OODA_CYCLE_1_END sleeping 60s
[2026-08-10T04:15:29.180229+00:00] OODA_CYCLE_2_START
[2026-08-10T04:15:32.375533+00:00] OODA_CYCLE counts: {'trello_cards': 133, 'github_issues': 8, 'inbox_items': 0}
[2026-08-10T04:15:34.259511+00:00] OODA_CYCLE_2_END sleeping 60s
[2026-08-10T04:16:34.261193+00:00] OODA_CYCLE_3_START
[2026-08-10T04:16:37.216550+00:00] OODA_CYCLE counts: {'trello_cards': 133, 'github_issues': 8, 'inbox_items': 0}
[2026-08-10T04:16:39.244449+00:00] OODA_CYCLE_3_END sleeping 60s
[2026-08-10T04:17:39.246352+00:00] OODA_CYCLE_4_START
[2026-08-10T04:17:42.478122+00:00] OODA_CYCLE counts: {'trello_cards': 133, 'github_issues': 8, 'inbox_items': 0}
[2026-08-10T04:17:45.024310+00:00] OODA_CYCLE_4_END sleeping 60s
[2026-08-10T04:18:45.025592+00:00] OODA_CYCLE_5_START
[2026-08-10T04:18:48.216574+00:00] OODA_CYCLE counts: {'trello_cards': 133, 'github_issues': 8, 'inbox_items': 0}
[2026-08-10T04:18:50.074549+00:00] OODA_CYCLE_5_END sleeping 60s
[2026-08-10T04:19:50.075481+00:00] OODA_CYCLE_6_START
[2026-08-10T04:19:53.264949+00:00] OODA_CYCLE counts: {'trello_cards': 133, 'github_issues': 8, 'inbox_items': 0}
[2026-08-10T04:19:55.081607+00:00] OODA_CYCLE_6_END sleeping 60s
[2026-08-10T04:20:55.082883+00:00] OODA_CYCLE_7_START
[2026-08-10T04:20:58.402308+00:00] OODA_CYCLE counts: {'trello_cards': 133, 'github_issues': 8, 'inbox_items': 0}
[2026-08-10T04:21:00.355502+00:00] OODA_CYCLE_7_END sleeping 60s
[2026-08-10T04:22:00.356184+00:00] OODA_CYCLE_8_START
[2026-08-10T04:22:03.631755+00:00] OODA_CYCLE counts: {'trello_cards': 133, 'github_issues': 8, 'inbox_items': 0}
[2026-08-10T04:22:05.593777+00:00] OODA_CYCLE_8_END sleeping 60s
[2026-08-10T04:23:22.063066+00:00] OODA_LOOP_STARTED
[2026-08-10T04:23:22.063066+00:00] OODA_CYCLE_1_START
[2026-08-10T04:23:22.200804+00:00] OODA_LOOP_STARTED
[2026-08-10T04:23:22.200804+00:00] OODA_CYCLE_1_START
[2026-08-10T04:23:25.100135+00:00] OODA_CYCLE counts: {'trello_cards': 133, 'github_issues': 8, 'inbox_items': 0}
[2026-08-10T04:23:25.384318+00:00] OODA_CYCLE counts: {'trello_cards': 133, 'github_issues': 8, 'inbox_items': 0}
[2026-08-10T04:23:27.166108+00:00] OODA_CYCLE_1_END sleeping 60s
[2026-08-10T04:23:27.459883+00:00] OODA_CYCLE_1_END sleeping 60s
[2026-08-10T04:24:27.167661+00:00] OODA_CYCLE_2_START
[2026-08-10T04:24:30.235267+00:00] OODA_CYCLE counts: {'trello_cards': 133, 'github_issues': 8, 'inbox_items': 0}
[2026-08-10T04:24:32.190677+00:00] OODA_CYCLE_2_END sleeping 60s
[2026-08-10T04:25:02.270436+00:00] OODA_LOOP_STARTED
[2026-08-10T04:25:02.270436+00:00] OODA_CYCLE_1_START
[2026-08-10T04:25:05.512037+00:00] OODA_CYCLE counts: {'trello_cards': 133, 'github_issues': 8, 'inbox_items': 0}
[2026-08-10T04:25:07.690665+00:00] OODA_CYCLE_1_END sleeping 60s
[2026-08-10T04:25:32.191572+00:00] OODA_CYCLE_3_START
[2026-08-10T04:25:35.755160+00:00] OODA_CYCLE counts: {'trello_cards': 133, 'github_issues': 8, 'inbox_items': 0}
[2026-08-10T04:25:37.649144+00:00] OODA_CYCLE_3_END sleeping 60s
[2026-08-10T04:26:32.160131+00:00] OODA_LOOP_STARTED
[2026-08-10T04:26:32.161132+00:00] OODA_CYCLE_1_START
[2026-08-10T04:26:32.389539+00:00] OODA_LOOP_STARTED
[2026-08-10T04:26:32.389539+00:00] OODA_CYCLE_1_START
[2026-08-10T04:26:35.645943+00:00] OODA_CYCLE counts: {'trello_cards': 133, 'github_issues': 8, 'inbox_items': 0}
[2026-08-10T04:26:37.868432+00:00] OODA_LOOP_COMPLETE no more work
[2026-08-10T04:26:37.879491+00:00] OODA_CYCLE_1_END sleeping 60s
[2026-08-10T04:27:37.880641+00:00] OODA_CYCLE_2_START
[2026-08-10T04:27:41.146305+00:00] OODA_CYCLE counts: {'trello_cards': 133, 'github_issues': 8, 'inbox_items': 0}
[2026-08-10T04:27:43.739310+00:00] OODA_CYCLE_2_END sleeping 60s
[2026-08-10T04:28:43.740466+00:00] OODA_CYCLE_3_START
[2026-08-10T04:28:47.715324+00:00] OODA_CYCLE counts: {'trello_cards': 133, 'github_issues': 8, 'inbox_items': 0}
[2026-08-10T04:28:49.856179+00:00] OODA_CYCLE_3_END sleeping 60s
[2026-08-10T04:29:49.856432+00:00] OODA_CYCLE_4_START
[2026-08-10T04:29:52.958820+00:00] OODA_CYCLE counts: {'trello_cards': 133, 'github_issues': 8, 'inbox_items': 0}
[2026-08-10T04:29:54.908715+00:00] OODA_CYCLE_4_END sleeping 60s
[2026-08-10T04:30:54.910013+00:00] OODA_CYCLE_5_START
[2026-08-10T04:30:58.272319+00:00] OODA_CYCLE counts: {'trello_cards': 133, 'github_issues': 8, 'inbox_items': 0}
[2026-08-10T04:31:00.231439+00:00] OODA_CYCLE_5_END sleeping 60s
[2026-08-10T04:32:00.231929+00:00] OODA_CYCLE_6_START
[2026-08-10T04:32:03.525101+00:00] OODA_CYCLE counts: {'trello_cards': 133, 'github_issues': 8, 'inbox_items': 0}
[2026-08-10T04:32:05.488075+00:00] OODA_CYCLE_6_END sleeping 60s
[2026-08-10T04:32:43.258426+00:00] OODA_LOOP_STARTED
[2026-08-10T04:32:43.258426+00:00] OODA_CYCLE_1_START
[2026-08-10T04:32:46.394028+00:00] OODA_CYCLE counts: {'trello_cards': 133, 'github_issues': 8, 'inbox_items': 0}
[2026-08-10T04:32:48.225684+00:00] OODA_LOOP_COMPLETE no more work
[2026-08-10T04:33:05.488491+00:00] OODA_CYCLE_7_START
[2026-08-10T04:33:08.569967+00:00] OODA_CYCLE counts: {'trello_cards': 133, 'github_issues': 8, 'inbox_items': 0}
[2026-08-10T04:33:10.530009+00:00] OODA_CYCLE_7_END sleeping 60s
[2026-08-10T04:34:10.531356+00:00] OODA_CYCLE_8_START
[2026-08-10T04:34:14.059688+00:00] OODA_CYCLE counts: {'trello_cards': 133, 'github_issues': 8, 'inbox_items': 0}
[2026-08-10T04:34:15.935229+00:00] OODA_CYCLE_8_END sleeping 60s
[2026-08-10T04:34:27.175949+00:00] OODA_LOOP_STARTED
[2026-08-10T04:34:27.175949+00:00] OODA_CYCLE_1_START
[2026-08-10T04:34:30.160712+00:00] OODA_CYCLE counts: {'trello_cards': 133, 'github_issues': 8, 'inbox_items': 0}
[2026-08-10T04:34:32.112490+00:00] OODA_LOOP_COMPLETE no more work
[2026-08-10T04:35:15.936312+00:00] OODA_CYCLE_9_START
[2026-08-10T04:35:19.195754+00:00] OODA_CYCLE counts: {'trello_cards': 133, 'github_issues': 8, 'inbox_items': 0}
[2026-08-10T04:35:21.427330+00:00] OODA_CYCLE_9_END sleeping 60s
[2026-08-10T04:36:21.428561+00:00] OODA_CYCLE_10_START
[2026-08-10T04:36:25.366003+00:00] OODA_CYCLE counts: {'trello_cards': 133, 'github_issues': 8, 'inbox_items': 0}
[2026-08-10T04:36:27.302957+00:00] OODA_CYCLE_10_END sleeping 60s
[2026-08-10T04:37:27.303489+00:00] OODA_CYCLE_11_START
[2026-08-10T04:37:30.623999+00:00] OODA_CYCLE counts: {'trello_cards': 133, 'github_issues': 8, 'inbox_items': 0}
[2026-08-10T04:37:32.736734+00:00] OODA_CYCLE_11_END sleeping 60s
[2026-08-10T04:38:32.738187+00:00] OODA_CYCLE_12_START
[2026-08-10T04:38:35.653269+00:00] OODA_CYCLE counts: {'trello_cards': 133, 'github_issues': 8, 'inbox_items': 0}
[2026-08-10T04:38:37.499420+00:00] OODA_CYCLE_12_END sleeping 60s
[2026-08-10T04:38:52.092822+00:00] OODA_LOOP_STARTED
[2026-08-10T04:38:52.092822+00:00] OODA_CYCLE_1_START
[2026-08-10T04:38:55.174388+00:00] OODA_CYCLE counts: {'trello_cards': 133, 'github_issues': 8, 'inbox_items': 0}
[2026-08-10T04:38:57.133651+00:00] OODA_LOOP_COMPLETE no more work
[2026-08-10T04:39:37.500576+00:00] OODA_CYCLE_13_START
[2026-08-10T04:39:40.454744+00:00] OODA_CYCLE counts: {'trello_cards': 133, 'github_issues': 8, 'inbox_items': 0}
[2026-08-10T04:39:42.364739+00:00] OODA_CYCLE_13_END sleeping 60s
[2026-08-10T04:40:42.366637+00:00] OODA_CYCLE_14_START
[2026-08-10T04:40:45.382512+00:00] OODA_CYCLE counts: {'trello_cards': 130, 'github_issues': 8, 'inbox_items': 0}
[2026-08-10T04:40:47.286603+00:00] OODA_CYCLE_14_END sleeping 60s
[2026-08-10T04:41:47.287825+00:00] OODA_CYCLE_15_START
[2026-08-10T04:41:50.281559+00:00] OODA_CYCLE counts: {'trello_cards': 113, 'github_issues': 8, 'inbox_items': 0}
[2026-08-10T04:41:52.124159+00:00] OODA_CYCLE_15_END sleeping 60s
[2026-08-10T04:42:52.124626+00:00] OODA_CYCLE_16_START
[2026-08-10T04:42:55.071338+00:00] OODA_CYCLE counts: {'trello_cards': 109, 'github_issues': 8, 'inbox_items': 0}
[2026-08-10T04:42:57.173338+00:00] OODA_CYCLE_16_END sleeping 60s
[2026-08-10T04:43:57.174816+00:00] OODA_CYCLE_17_START
[2026-08-10T04:44:02.152532+00:00] OODA_CYCLE counts: {'trello_cards': 109, 'github_issues': 8, 'inbox_items': 0}
[2026-08-10T04:44:04.013566+00:00] OODA_CYCLE_17_END sleeping 60s
[2026-08-10T04:45:02.108552+00:00] OODA_LOOP_STARTED
[2026-08-10T04:45:02.109547+00:00] OODA_CYCLE_1_START
[2026-08-10T04:45:04.015156+00:00] OODA_CYCLE_18_START
[2026-08-10T04:45:05.272873+00:00] OODA_CYCLE counts: {'trello_cards': 108, 'github_issues': 8, 'inbox_items': 0}
[2026-08-10T04:45:06.854915+00:00] OODA_CYCLE counts: {'trello_cards': 108, 'github_issues': 8, 'inbox_items': 0}
[2026-08-10T04:45:07.199728+00:00] OODA_LOOP_COMPLETE no more work
[2026-08-10T04:45:09.015812+00:00] OODA_CYCLE_18_END sleeping 60s
[2026-08-10T04:45:48.217928+00:00] OODA_LOOP_STARTED
[2026-08-10T04:45:48.217928+00:00] OODA_CYCLE_1_START
[2026-08-10T04:45:51.174293+00:00] OODA_CYCLE counts: {'trello_cards': 108, 'github_issues': 8, 'inbox_items': 0}
[2026-08-10T04:45:53.004797+00:00] OODA_LOOP_COMPLETE no more work
[2026-08-10T04:46:09.017056+00:00] OODA_CYCLE_19_START
[2026-08-10T04:46:12.159078+00:00] OODA_CYCLE counts: {'trello_cards': 108, 'github_issues': 8, 'inbox_items': 0}
[2026-08-10T04:46:14.266200+00:00] OODA_CYCLE_19_END sleeping 60s
[2026-08-10T04:47:14.267111+00:00] OODA_CYCLE_20_START
[2026-08-10T04:47:17.186877+00:00] OODA_CYCLE counts: {'trello_cards': 108, 'github_issues': 8, 'inbox_items': 0}
[2026-08-10T04:47:19.089114+00:00] OODA_CYCLE_20_END sleeping 60s
[2026-08-10T04:48:19.090623+00:00] OODA_CYCLE_21_START
[2026-08-10T04:48:22.204510+00:00] OODA_CYCLE counts: {'trello_cards': 108, 'github_issues': 8, 'inbox_items': 0}
[2026-08-10T04:48:24.275255+00:00] OODA_CYCLE_21_END sleeping 60s
[2026-08-10T04:49:24.276064+00:00] OODA_CYCLE_22_START
[2026-08-10T04:49:27.280346+00:00] OODA_CYCLE counts: {'trello_cards': 108, 'github_issues': 8, 'inbox_items': 0}
[2026-08-10T04:49:29.189332+00:00] OODA_CYCLE_22_END sleeping 60s
[2026-08-10T04:50:29.190609+00:00] OODA_CYCLE_23_START
[2026-08-10T04:50:32.270663+00:00] OODA_CYCLE counts: {'trello_cards': 108, 'github_issues': 8, 'inbox_items': 0}
[2026-08-10T04:50:34.169114+00:00] OODA_CYCLE_23_END sleeping 60s
[2026-08-10T04:50:51.138916+00:00] OODA_LOOP_STARTED
[2026-08-10T04:50:51.139455+00:00] OODA_CYCLE_1_START
[2026-08-10T04:50:54.158197+00:00] OODA_CYCLE counts: {'trello_cards': 108, 'github_issues': 8, 'inbox_items': 0}
[2026-08-10T04:50:55.954971+00:00] OODA_LOOP_COMPLETE no more work
[2026-08-10T04:51:23.733471+00:00] OODA_LOOP_STARTED
[2026-08-10T04:51:23.733471+00:00] OODA_CYCLE_1_START
[2026-08-10T04:51:26.865496+00:00] OODA_CYCLE counts: {'trello_cards': 108, 'github_issues': 8, 'inbox_items': 0}
[2026-08-10T04:51:28.666943+00:00] OODA_LOOP_COMPLETE no more work
[2026-08-10T04:51:34.170451+00:00] OODA_CYCLE_24_START
[2026-08-10T04:51:37.125388+00:00] OODA_CYCLE counts: {'trello_cards': 108, 'github_issues': 8, 'inbox_items': 0}
[2026-08-10T04:51:38.988571+00:00] OODA_CYCLE_24_END sleeping 60s
[2026-08-10T04:52:38.989124+00:00] OODA_CYCLE_25_START
[2026-08-10T04:52:42.497727+00:00] OODA_CYCLE counts: {'trello_cards': 108, 'github_issues': 8, 'inbox_items': 0}
[2026-08-10T04:52:44.356505+00:00] OODA_CYCLE_25_END sleeping 60s
[2026-08-10T04:53:44.358134+00:00] OODA_CYCLE_26_START
[2026-08-10T04:53:47.470368+00:00] OODA_CYCLE counts: {'trello_cards': 108, 'github_issues': 8, 'inbox_items': 0}
[2026-08-10T04:53:49.522095+00:00] OODA_CYCLE_26_END sleeping 60s
[2026-08-10T04:54:49.522857+00:00] OODA_CYCLE_27_START
[2026-08-10T04:54:52.685860+00:00] OODA_CYCLE counts: {'trello_cards': 108, 'github_issues': 8, 'inbox_items': 0}
[2026-08-10T04:54:54.515683+00:00] OODA_CYCLE_27_END sleeping 60s
[2026-08-10T04:55:54.516174+00:00] OODA_CYCLE_28_START
[2026-08-10T04:55:57.667642+00:00] OODA_CYCLE counts: {'trello_cards': 108, 'github_issues': 8, 'inbox_items': 0}
[2026-08-10T04:55:59.584462+00:00] OODA_CYCLE_28_END sleeping 60s
[2026-08-10T04:56:03.183348+00:00] OODA_LOOP_STARTED
[2026-08-10T04:56:03.184351+00:00] OODA_CYCLE_1_START
[2026-08-10T04:56:06.301341+00:00] OODA_CYCLE counts: {'trello_cards': 108, 'github_issues': 8, 'inbox_items': 0}
[2026-08-10T04:56:08.120851+00:00] OODA_LOOP_COMPLETE no more work
[2026-08-10T04:56:59.585593+00:00] OODA_CYCLE_29_START
[2026-08-10T04:57:02.673180+00:00] OODA_CYCLE counts: {'trello_cards': 108, 'github_issues': 8, 'inbox_items': 0}
[2026-08-10T04:57:04.598462+00:00] OODA_CYCLE_29_END sleeping 60s
[2026-08-10T04:58:04.599635+00:00] OODA_CYCLE_30_START
[2026-08-10T04:58:07.850642+00:00] OODA_CYCLE counts: {'trello_cards': 107, 'github_issues': 8, 'inbox_items': 0}
[2026-08-10T04:58:09.928841+00:00] OODA_CYCLE_30_END sleeping 60s
[2026-08-10T04:59:09.930358+00:00] OODA_CYCLE_31_START
[2026-08-10T04:59:12.962498+00:00] OODA_CYCLE counts: {'trello_cards': 106, 'github_issues': 8, 'inbox_items': 0}
[2026-08-10T04:59:14.841898+00:00] OODA_CYCLE_31_END sleeping 60s
[2026-08-10T05:00:14.843395+00:00] OODA_CYCLE_32_START
[2026-08-10T05:00:18.437111+00:00] OODA_CYCLE counts: {'trello_cards': 106, 'github_issues': 8, 'inbox_items': 0}
[2026-08-10T05:00:20.558878+00:00] OODA_CYCLE_32_END sleeping 60s
[2026-08-10T05:00:39.987131+00:00] OODA_LOOP_STARTED
[2026-08-10T05:00:39.988132+00:00] OODA_CYCLE_1_START
[2026-08-10T05:00:43.731256+00:00] OODA_CYCLE counts: {'trello_cards': 106, 'github_issues': 8, 'inbox_items': 0}
[2026-08-10T05:00:46.145346+00:00] OODA_LOOP_COMPLETE no more work
[2026-08-10T05:01:15.002096+00:00] OODA_LOOP_STARTED
[2026-08-10T05:01:15.002096+00:00] OODA_CYCLE_1_START
[2026-08-10T05:01:18.760128+00:00] OODA_CYCLE counts: {'trello_cards': 106, 'github_issues': 8, 'inbox_items': 0}
[2026-08-10T05:01:20.559525+00:00] OODA_CYCLE_33_START
[2026-08-10T05:01:20.759712+00:00] OODA_LOOP_COMPLETE no more work
[2026-08-10T05:01:24.385478+00:00] OODA_CYCLE counts: {'trello_cards': 106, 'github_issues': 8, 'inbox_items': 0}
[2026-08-10T05:01:26.600364+00:00] OODA_CYCLE_33_END sleeping 60s
[2026-08-10T05:02:26.601415+00:00] OODA_CYCLE_34_START
[2026-08-10T05:02:31.852546+00:00] OODA_CYCLE counts: {'trello_cards': 107, 'github_issues': 8, 'inbox_items': 0}
[2026-08-10T05:02:34.077621+00:00] OODA_CYCLE_34_END sleeping 60s
[2026-08-10T05:03:34.078823+00:00] OODA_CYCLE_35_START
[2026-08-10T05:03:37.364240+00:00] OODA_CYCLE counts: {'trello_cards': 107, 'github_issues': 8, 'inbox_items': 0}
[2026-08-10T05:03:39.309134+00:00] OODA_CYCLE_35_END sleeping 60s
[2026-08-10T05:04:39.309593+00:00] OODA_CYCLE_36_START
[2026-08-10T05:04:43.596746+00:00] OODA_CYCLE counts: {'trello_cards': 107, 'github_issues': 8, 'inbox_items': 0}
[2026-08-10T05:04:45.849865+00:00] OODA_CYCLE_36_END sleeping 60s
[2026-08-10T05:05:11.535444+00:00] OODA_LOOP_STARTED
[2026-08-10T05:05:11.535979+00:00] OODA_CYCLE_1_START
[2026-08-10T05:05:15.167545+00:00] OODA_CYCLE counts: {'trello_cards': 107, 'github_issues': 8, 'inbox_items': 0}
[2026-08-10T05:05:17.092949+00:00] OODA_LOOP_COMPLETE no more work
[2026-08-10T05:05:45.850520+00:00] OODA_CYCLE_37_START
[2026-08-10T05:05:49.110365+00:00] OODA_CYCLE counts: {'trello_cards': 107, 'github_issues': 8, 'inbox_items': 0}
[2026-08-10T05:05:51.235337+00:00] OODA_CYCLE_37_END sleeping 60s
[2026-08-10T05:06:27.615581+00:00] OODA_LOOP_STARTED
[2026-08-10T05:06:27.615581+00:00] OODA_CYCLE_1_START
[2026-08-10T05:06:30.822174+00:00] OODA_CYCLE counts: {'trello_cards': 107, 'github_issues': 8, 'inbox_items': 0}
[2026-08-10T05:06:32.719653+00:00] OODA_LOOP_COMPLETE no more work
[2026-08-10T05:06:51.236168+00:00] OODA_CYCLE_38_START
[2026-08-10T05:06:54.432131+00:00] OODA_CYCLE counts: {'trello_cards': 107, 'github_issues': 8, 'inbox_items': 0}
[2026-08-10T05:06:56.211827+00:00] OODA_CYCLE_38_END sleeping 60s
[2026-08-10T05:07:56.212726+00:00] OODA_CYCLE_39_START
[2026-08-10T05:07:59.254011+00:00] OODA_CYCLE counts: {'trello_cards': 107, 'github_issues': 8, 'inbox_items': 0}
[2026-08-10T05:08:01.116350+00:00] OODA_CYCLE_39_END sleeping 60s
[2026-08-10T05:09:01.117484+00:00] OODA_CYCLE_40_START
[2026-08-10T05:09:04.431040+00:00] OODA_CYCLE counts: {'trello_cards': 107, 'github_issues': 8, 'inbox_items': 0}
[2026-08-10T05:09:06.394282+00:00] OODA_CYCLE_40_END sleeping 60s
[2026-08-10T05:10:06.395000+00:00] OODA_CYCLE_41_START
[2026-08-10T05:10:09.558277+00:00] OODA_CYCLE counts: {'trello_cards': 108, 'github_issues': 8, 'inbox_items': 0}
[2026-08-10T05:10:11.510321+00:00] OODA_CYCLE_41_END sleeping 60s
[2026-08-10T05:11:11.510861+00:00] OODA_CYCLE_42_START
[2026-08-10T05:11:14.789832+00:00] OODA_CYCLE counts: {'trello_cards': 108, 'github_issues': 8, 'inbox_items': 0}
[2026-08-10T05:11:16.988202+00:00] OODA_CYCLE_42_END sleeping 60s
[2026-08-10T05:11:39.529010+00:00] OODA_LOOP_STARTED
[2026-08-10T05:11:39.529010+00:00] OODA_CYCLE_1_START
[2026-08-10T05:11:42.503565+00:00] OODA_CYCLE counts: {'trello_cards': 108, 'github_issues': 8, 'inbox_items': 0}
[2026-08-10T05:11:44.271983+00:00] OODA_LOOP_COMPLETE no more work
[2026-08-10T05:12:16.989193+00:00] OODA_CYCLE_43_START
[2026-08-10T05:12:20.135468+00:00] OODA_CYCLE counts: {'trello_cards': 108, 'github_issues': 8, 'inbox_items': 0}
[2026-08-10T05:12:22.099270+00:00] OODA_CYCLE_43_END sleeping 60s
[2026-08-10T05:13:17.901474+00:00] OODA_LOOP_STARTED
[2026-08-10T05:13:17.901474+00:00] OODA_CYCLE_1_START
[2026-08-10T05:13:21.216777+00:00] OODA_CYCLE counts: {'trello_cards': 108, 'github_issues': 8, 'inbox_items': 0}
[2026-08-10T05:13:22.100826+00:00] OODA_CYCLE_44_START
[2026-08-10T05:13:23.183744+00:00] OODA_LOOP_COMPLETE no more work
[2026-08-10T05:13:25.294501+00:00] OODA_CYCLE counts: {'trello_cards': 108, 'github_issues': 8, 'inbox_items': 0}
[2026-08-10T05:13:27.098802+00:00] OODA_CYCLE_44_END sleeping 60s
[2026-08-10T05:14:17.144268+00:00] OODA_LOOP_STARTED
[2026-08-10T05:14:17.144268+00:00] OODA_CYCLE_1_START
[2026-08-10T05:14:19.990409+00:00] OODA_CYCLE counts: {'trello_cards': 108, 'github_issues': 8, 'inbox_items': 0}
[2026-08-10T05:14:21.827898+00:00] OODA_LOOP_COMPLETE no more work
[2026-08-10T05:14:27.099699+00:00] OODA_CYCLE_45_START
[2026-08-10T05:14:30.180747+00:00] OODA_CYCLE counts: {'trello_cards': 108, 'github_issues': 8, 'inbox_items': 0}
[2026-08-10T05:14:32.124744+00:00] OODA_CYCLE_45_END sleeping 60s
[2026-08-10T05:15:32.126324+00:00] OODA_CYCLE_46_START
[2026-08-10T05:15:35.254178+00:00] OODA_CYCLE counts: {'trello_cards': 108, 'github_issues': 8, 'inbox_items': 0}
[2026-08-10T05:15:37.232664+00:00] OODA_CYCLE_46_END sleeping 60s
[2026-08-10T05:16:37.233518+00:00] OODA_CYCLE_47_START
[2026-08-10T05:16:40.756458+00:00] OODA_CYCLE counts: {'trello_cards': 108, 'github_issues': 8, 'inbox_items': 0}
[2026-08-10T05:16:42.687998+00:00] OODA_CYCLE_47_END sleeping 60s
[2026-08-10T05:16:50.981877+00:00] OODA_LOOP_STARTED
[2026-08-10T05:16:50.981877+00:00] OODA_CYCLE_1_START
[2026-08-10T05:16:54.400711+00:00] OODA_CYCLE counts: {'trello_cards': 108, 'github_issues': 8, 'inbox_items': 0}
[2026-08-10T05:16:56.244059+00:00] OODA_LOOP_COMPLETE no more work
[2026-08-10T05:17:42.688674+00:00] OODA_CYCLE_48_START
[2026-08-10T05:17:46.011885+00:00] OODA_CYCLE counts: {'trello_cards': 108, 'github_issues': 8, 'inbox_items': 0}
[2026-08-10T05:17:48.103419+00:00] OODA_CYCLE_48_END sleeping 60s
[2026-08-10T05:18:48.104497+00:00] OODA_CYCLE_49_START
[2026-08-10T05:18:51.198664+00:00] OODA_CYCLE counts: {'trello_cards': 109, 'github_issues': 8, 'inbox_items': 0}
[2026-08-10T05:18:53.011737+00:00] OODA_CYCLE_49_END sleeping 60s
[2026-08-10T05:19:53.012908+00:00] OODA_CYCLE_50_START
[2026-08-10T05:19:55.939465+00:00] OODA_CYCLE counts: {'trello_cards': 109, 'github_issues': 8, 'inbox_items': 0}
[2026-08-10T05:19:57.725110+00:00] OODA_CYCLE_50_END sleeping 60s
[2026-08-10T05:20:57.726028+00:00] OODA_CYCLE_51_START
[2026-08-10T05:21:00.799770+00:00] OODA_CYCLE counts: {'trello_cards': 109, 'github_issues': 8, 'inbox_items': 0}
[2026-08-10T05:21:02.827318+00:00] OODA_CYCLE_51_END sleeping 60s
[2026-08-10T05:22:02.780336+00:00] OODA_LOOP_STARTED
[2026-08-10T05:22:02.780336+00:00] OODA_CYCLE_1_START
[2026-08-10T05:22:02.828427+00:00] OODA_CYCLE_52_START
[2026-08-10T05:22:06.005993+00:00] OODA_CYCLE counts: {'trello_cards': 109, 'github_issues': 8, 'inbox_items': 0}
[2026-08-10T05:22:06.161959+00:00] OODA_CYCLE counts: {'trello_cards': 109, 'github_issues': 8, 'inbox_items': 0}
[2026-08-10T05:22:07.958010+00:00] OODA_CYCLE_52_END sleeping 60s
[2026-08-10T05:22:08.125970+00:00] OODA_LOOP_COMPLETE no more work
[2026-08-10T05:22:59.177920+00:00] OODA_LOOP_STARTED
[2026-08-10T05:22:59.177920+00:00] OODA_CYCLE_1_START
[2026-08-10T05:23:02.679184+00:00] OODA_CYCLE counts: {'trello_cards': 109, 'github_issues': 8, 'inbox_items': 0}
[2026-08-10T05:23:04.651856+00:00] OODA_LOOP_COMPLETE no more work
[2026-08-10T05:23:07.959014+00:00] OODA_CYCLE_53_START
[2026-08-10T05:23:11.009527+00:00] OODA_CYCLE counts: {'trello_cards': 109, 'github_issues': 8, 'inbox_items': 0}
[2026-08-10T05:23:12.990923+00:00] OODA_CYCLE_53_END sleeping 60s
[2026-08-10T05:24:12.992121+00:00] OODA_CYCLE_54_START
[2026-08-10T05:24:16.193545+00:00] OODA_CYCLE counts: {'trello_cards': 109, 'github_issues': 8, 'inbox_items': 0}
[2026-08-10T05:24:18.046971+00:00] OODA_CYCLE_54_END sleeping 60s
[2026-08-10T05:25:18.048663+00:00] OODA_CYCLE_55_START
[2026-08-10T05:25:21.476427+00:00] OODA_CYCLE counts: {'trello_cards': 110, 'github_issues': 8, 'inbox_items': 0}
[2026-08-10T05:25:23.473392+00:00] OODA_CYCLE_55_END sleeping 60s
[2026-08-10T05:26:23.474164+00:00] OODA_CYCLE_56_START
[2026-08-10T05:26:26.759052+00:00] OODA_CYCLE counts: {'trello_cards': 110, 'github_issues': 8, 'inbox_items': 0}
[2026-08-10T05:26:28.721438+00:00] OODA_CYCLE_56_END sleeping 60s
[2026-08-10T05:27:14.646917+00:00] OODA_LOOP_STARTED
[2026-08-10T05:27:14.646917+00:00] OODA_CYCLE_1_START
[2026-08-10T05:27:17.664715+00:00] OODA_CYCLE counts: {'trello_cards': 110, 'github_issues': 8, 'inbox_items': 0}
[2026-08-10T05:27:19.554379+00:00] OODA_LOOP_COMPLETE no more work
[2026-08-10T05:27:28.722979+00:00] OODA_CYCLE_57_START
[2026-08-10T05:27:31.809026+00:00] OODA_CYCLE counts: {'trello_cards': 110, 'github_issues': 8, 'inbox_items': 0}
[2026-08-10T05:27:33.754071+00:00] OODA_CYCLE_57_END sleeping 60s
[2026-08-10T05:28:33.754826+00:00] OODA_CYCLE_58_START
[2026-08-10T05:28:36.921127+00:00] OODA_CYCLE counts: {'trello_cards': 110, 'github_issues': 8, 'inbox_items': 0}
[2026-08-10T05:28:38.742775+00:00] OODA_CYCLE_58_END sleeping 60s
[2026-08-10T05:29:38.744564+00:00] OODA_CYCLE_59_START
[2026-08-10T05:29:41.738285+00:00] OODA_CYCLE counts: {'trello_cards': 110, 'github_issues': 8, 'inbox_items': 0}
[2026-08-10T05:29:43.761077+00:00] OODA_CYCLE_59_END sleeping 60s
[2026-08-10T05:30:43.762277+00:00] OODA_CYCLE_60_START
[2026-08-10T05:30:47.229736+00:00] OODA_CYCLE counts: {'trello_cards': 110, 'github_issues': 8, 'inbox_items': 0}
[2026-08-10T05:30:49.168638+00:00] OODA_CYCLE_60_END sleeping 60s
[2026-08-10T05:31:49.169063+00:00] OODA_CYCLE_61_START
[2026-08-10T05:31:52.464025+00:00] OODA_CYCLE counts: {'trello_cards': 110, 'github_issues': 8, 'inbox_items': 0}
[2026-08-10T05:31:54.304741+00:00] OODA_CYCLE_61_END sleeping 60s
[2026-08-10T05:32:26.595069+00:00] OODA_LOOP_STARTED
[2026-08-10T05:32:26.595609+00:00] OODA_CYCLE_1_START
[2026-08-10T05:32:29.534074+00:00] OODA_CYCLE counts: {'trello_cards': 110, 'github_issues': 8, 'inbox_items': 0}
[2026-08-10T05:32:32.555386+00:00] OODA_LOOP_COMPLETE no more work
[2026-08-10T05:32:54.305662+00:00] OODA_CYCLE_62_START
[2026-08-10T05:32:57.257867+00:00] OODA_CYCLE counts: {'trello_cards': 110, 'github_issues': 8, 'inbox_items': 0}
[2026-08-10T05:32:59.098580+00:00] OODA_CYCLE_62_END sleeping 60s
[2026-08-10T05:33:59.099464+00:00] OODA_CYCLE_63_START
[2026-08-10T05:34:02.603162+00:00] OODA_CYCLE counts: {'trello_cards': 111, 'github_issues': 8, 'inbox_items': 0}
[2026-08-10T05:34:04.656205+00:00] OODA_CYCLE_63_END sleeping 60s
[2026-08-10T05:35:04.657445+00:00] OODA_CYCLE_64_START
[2026-08-10T05:35:07.783887+00:00] OODA_CYCLE counts: {'trello_cards': 111, 'github_issues': 8, 'inbox_items': 0}
[2026-08-10T05:35:09.720935+00:00] OODA_CYCLE_64_END sleeping 60s
[2026-08-10T05:35:23.254020+00:00] OODA_LOOP_STARTED
[2026-08-10T05:35:23.254020+00:00] OODA_CYCLE_1_START
[2026-08-10T05:35:26.444941+00:00] OODA_CYCLE counts: {'trello_cards': 111, 'github_issues': 8, 'inbox_items': 0}
[2026-08-10T05:35:28.434221+00:00] OODA_LOOP_COMPLETE no more work
[2026-08-10T05:36:09.721822+00:00] OODA_CYCLE_65_START
[2026-08-10T05:36:13.048216+00:00] OODA_CYCLE counts: {'trello_cards': 111, 'github_issues': 8, 'inbox_items': 0}
[2026-08-10T05:36:15.012882+00:00] OODA_CYCLE_65_END sleeping 60s
[2026-08-10T05:36:16.990319+00:00] OODA_LOOP_STARTED
[2026-08-10T05:36:16.991318+00:00] OODA_CYCLE_1_START
[2026-08-10T05:36:19.959451+00:00] OODA_CYCLE counts: {'trello_cards': 111, 'github_issues': 8, 'inbox_items': 0}
[2026-08-10T05:36:21.804691+00:00] OODA_LOOP_COMPLETE no more work
[2026-08-10T05:37:15.013821+00:00] OODA_CYCLE_66_START
[2026-08-10T05:37:18.129094+00:00] OODA_CYCLE counts: {'trello_cards': 111, 'github_issues': 8, 'inbox_items': 0}
[2026-08-10T05:37:20.081623+00:00] OODA_CYCLE_66_END sleeping 60s
[2026-08-10T05:37:39.193896+00:00] OODA_LOOP_STARTED
[2026-08-10T05:37:39.193896+00:00] OODA_CYCLE_1_START
[2026-08-10T05:37:42.162395+00:00] OODA_CYCLE counts: {'trello_cards': 111, 'github_issues': 8, 'inbox_items': 0}
[2026-08-10T05:37:44.016244+00:00] OODA_LOOP_COMPLETE no more work
[2026-08-10T05:38:20.082054+00:00] OODA_CYCLE_67_START
[2026-08-10T05:38:23.226143+00:00] OODA_CYCLE counts: {'trello_cards': 111, 'github_issues': 8, 'inbox_items': 0}
[2026-08-10T05:38:25.108883+00:00] OODA_CYCLE_67_END sleeping 60s
[2026-08-10T05:39:25.110337+00:00] OODA_CYCLE_68_START
[2026-08-10T05:39:28.250565+00:00] OODA_CYCLE counts: {'trello_cards': 111, 'github_issues': 8, 'inbox_items': 0}
[2026-08-10T05:39:30.043678+00:00] OODA_CYCLE_68_END sleeping 60s
[2026-08-10T05:40:30.044649+00:00] OODA_CYCLE_69_START
[2026-08-10T05:40:33.103835+00:00] OODA_CYCLE counts: {'trello_cards': 111, 'github_issues': 8, 'inbox_items': 0}
[2026-08-10T05:40:35.130979+00:00] OODA_CYCLE_69_END sleeping 60s
[2026-08-10T05:41:35.131736+00:00] OODA_CYCLE_70_START
[2026-08-10T05:41:38.155517+00:00] OODA_CYCLE counts: {'trello_cards': 112, 'github_issues': 8, 'inbox_items': 0}
[2026-08-10T05:41:40.012273+00:00] OODA_CYCLE_70_END sleeping 60s
[2026-08-10T05:42:40.014133+00:00] OODA_CYCLE_71_START
[2026-08-10T05:42:42.929216+00:00] OODA_CYCLE counts: {'trello_cards': 112, 'github_issues': 8, 'inbox_items': 0}
[2026-08-10T05:42:44.902291+00:00] OODA_CYCLE_71_END sleeping 60s
[2026-08-10T05:42:50.456818+00:00] OODA_LOOP_STARTED
[2026-08-10T05:42:50.456818+00:00] OODA_CYCLE_1_START
[2026-08-10T05:42:53.391070+00:00] OODA_CYCLE counts: {'trello_cards': 112, 'github_issues': 8, 'inbox_items': 0}
[2026-08-10T05:42:55.248087+00:00] OODA_LOOP_COMPLETE no more work
[2026-08-10T05:43:23.357824+00:00] OODA_LOOP_STARTED
[2026-08-10T05:43:23.358826+00:00] OODA_CYCLE_1_START
[2026-08-10T05:43:26.503097+00:00] OODA_CYCLE counts: {'trello_cards': 112, 'github_issues': 8, 'inbox_items': 0}
[2026-08-10T05:43:28.438599+00:00] OODA_LOOP_COMPLETE no more work
[2026-08-10T05:43:44.903673+00:00] OODA_CYCLE_72_START
[2026-08-10T05:43:47.953883+00:00] OODA_CYCLE counts: {'trello_cards': 112, 'github_issues': 8, 'inbox_items': 0}
[2026-08-10T05:43:49.867070+00:00] OODA_CYCLE_72_END sleeping 60s
[2026-08-10T05:44:04.290818+00:00] OODA_LOOP_STARTED
[2026-08-10T05:44:04.291816+00:00] OODA_CYCLE_1_START
[2026-08-10T05:44:07.179025+00:00] OODA_CYCLE counts: {'trello_cards': 112, 'github_issues': 8, 'inbox_items': 0}
[2026-08-10T05:44:09.079817+00:00] OODA_LOOP_COMPLETE no more work
[2026-08-10T05:44:48.475430+00:00] OODA_LOOP_STARTED
[2026-08-10T05:44:48.475430+00:00] OODA_CYCLE_1_START
[2026-08-10T05:44:49.867805+00:00] OODA_CYCLE_73_START
[2026-08-10T05:44:51.765920+00:00] OODA_CYCLE counts: {'trello_cards': 112, 'github_issues': 8, 'inbox_items': 0}
[2026-08-10T05:44:53.107897+00:00] OODA_CYCLE counts: {'trello_cards': 112, 'github_issues': 8, 'inbox_items': 0}
[2026-08-10T05:44:53.598977+00:00] OODA_LOOP_COMPLETE no more work
[2026-08-10T05:44:54.978155+00:00] OODA_CYCLE_73_END sleeping 60s
[2026-08-10T05:45:54.979464+00:00] OODA_CYCLE_74_START
[2026-08-10T05:45:58.132666+00:00] OODA_CYCLE counts: {'trello_cards': 112, 'github_issues': 8, 'inbox_items': 0}
[2026-08-10T05:46:00.100660+00:00] OODA_CYCLE_74_END sleeping 60s
[2026-08-10T05:47:00.102099+00:00] OODA_CYCLE_75_START
[2026-08-10T05:47:03.179067+00:00] OODA_CYCLE counts: {'trello_cards': 112, 'github_issues': 8, 'inbox_items': 0}
[2026-08-10T05:47:05.137528+00:00] OODA_CYCLE_75_END sleeping 60s
[2026-08-10T05:47:15.017680+00:00] OODA_LOOP_STARTED
[2026-08-10T05:47:15.017680+00:00] OODA_CYCLE_1_START
[2026-08-10T05:47:17.966920+00:00] OODA_CYCLE counts: {'trello_cards': 112, 'github_issues': 8, 'inbox_items': 0}
[2026-08-10T05:47:19.852101+00:00] OODA_LOOP_COMPLETE no more work
[2026-08-10T05:47:42.947547+00:00] OODA_LOOP_STARTED
[2026-08-10T05:47:42.948062+00:00] OODA_CYCLE_1_START
[2026-08-10T05:47:46.019827+00:00] OODA_CYCLE counts: {'trello_cards': 112, 'github_issues': 8, 'inbox_items': 0}
[2026-08-10T05:47:48.004329+00:00] OODA_LOOP_COMPLETE no more work
[2026-08-10T05:48:05.138108+00:00] OODA_CYCLE_76_START
[2026-08-10T05:48:08.256649+00:00] OODA_CYCLE counts: {'trello_cards': 112, 'github_issues': 8, 'inbox_items': 0}
[2026-08-10T05:48:10.111931+00:00] OODA_CYCLE_76_END sleeping 60s
[2026-08-10T05:49:10.112395+00:00] OODA_CYCLE_77_START
[2026-08-10T05:49:15.170416+00:00] OODA_CYCLE counts: {'trello_cards': 113, 'github_issues': 8, 'inbox_items': 0}
[2026-08-10T05:49:19.279342+00:00] OODA_CYCLE_77_END sleeping 60s
[2026-08-10T05:50:19.280301+00:00] OODA_CYCLE_78_START
[2026-08-10T05:50:22.208422+00:00] OODA_CYCLE counts: {'trello_cards': 113, 'github_issues': 8, 'inbox_items': 0}
[2026-08-10T05:50:24.108197+00:00] OODA_CYCLE_78_END sleeping 60s
[2026-08-10T05:51:24.109447+00:00] OODA_CYCLE_79_START
[2026-08-10T05:51:27.384643+00:00] OODA_CYCLE counts: {'trello_cards': 113, 'github_issues': 8, 'inbox_items': 0}
[2026-08-10T05:51:29.273605+00:00] OODA_CYCLE_79_END sleeping 60s
[2026-08-10T05:52:29.274275+00:00] OODA_CYCLE_80_START
[2026-08-10T05:52:32.684817+00:00] OODA_CYCLE counts: {'trello_cards': 113, 'github_issues': 8, 'inbox_items': 0}
[2026-08-10T05:52:34.601997+00:00] OODA_CYCLE_80_END sleeping 60s
[2026-08-10T05:52:59.275082+00:00] OODA_LOOP_STARTED
[2026-08-10T05:52:59.276083+00:00] OODA_CYCLE_1_START
[2026-08-10T05:53:02.290225+00:00] OODA_CYCLE counts: {'trello_cards': 113, 'github_issues': 8, 'inbox_items': 0}
[2026-08-10T05:53:04.151748+00:00] OODA_LOOP_COMPLETE no more work
[2026-08-10T05:53:26.974319+00:00] OODA_LOOP_STARTED
[2026-08-10T05:53:26.974319+00:00] OODA_CYCLE_1_START
[2026-08-10T05:53:29.881395+00:00] OODA_CYCLE counts: {'trello_cards': 113, 'github_issues': 8, 'inbox_items': 0}
[2026-08-10T05:53:31.836443+00:00] OODA_LOOP_COMPLETE no more work
[2026-08-10T05:53:34.602709+00:00] OODA_CYCLE_81_START
[2026-08-10T05:53:37.547122+00:00] OODA_CYCLE counts: {'trello_cards': 113, 'github_issues': 8, 'inbox_items': 0}
[2026-08-10T05:53:39.457957+00:00] OODA_CYCLE_81_END sleeping 60s
[2026-08-10T05:54:07.214493+00:00] OODA_LOOP_STARTED
[2026-08-10T05:54:07.214493+00:00] OODA_CYCLE_1_START
[2026-08-10T05:54:10.320464+00:00] OODA_CYCLE counts: {'trello_cards': 113, 'github_issues': 8, 'inbox_items': 0}
[2026-08-10T05:54:12.289638+00:00] OODA_LOOP_COMPLETE no more work
[2026-08-10T05:54:39.458961+00:00] OODA_CYCLE_82_START
[2026-08-10T05:54:42.410009+00:00] OODA_CYCLE counts: {'trello_cards': 113, 'github_issues': 8, 'inbox_items': 0}
[2026-08-10T05:54:44.417074+00:00] OODA_CYCLE_82_END sleeping 60s
[2026-08-10T05:55:44.417942+00:00] OODA_CYCLE_83_START
[2026-08-10T05:55:47.609797+00:00] OODA_CYCLE counts: {'trello_cards': 113, 'github_issues': 8, 'inbox_items': 0}
[2026-08-10T05:55:49.537195+00:00] OODA_CYCLE_83_END sleeping 60s
[2026-08-10T05:56:49.538149+00:00] OODA_CYCLE_84_START
[2026-08-10T05:56:53.239614+00:00] OODA_CYCLE counts: {'trello_cards': 114, 'github_issues': 8, 'inbox_items': 0}
[2026-08-10T05:56:55.481144+00:00] OODA_CYCLE_84_END sleeping 60s
[2026-08-10T05:57:55.483024+00:00] OODA_CYCLE_85_START
[2026-08-10T05:57:58.611266+00:00] OODA_CYCLE counts: {'trello_cards': 114, 'github_issues': 8, 'inbox_items': 0}
[2026-08-10T05:58:00.848042+00:00] OODA_CYCLE_85_END sleeping 60s
[2026-08-10T05:59:00.849465+00:00] OODA_CYCLE_86_START
[2026-08-10T05:59:04.046226+00:00] OODA_CYCLE counts: {'trello_cards': 114, 'github_issues': 8, 'inbox_items': 0}
[2026-08-10T05:59:05.974087+00:00] OODA_CYCLE_86_END sleeping 60s
[2026-08-10T05:59:18.928970+00:00] OODA_LOOP_STARTED
[2026-08-10T05:59:18.928970+00:00] OODA_CYCLE_1_START
[2026-08-10T05:59:22.261618+00:00] OODA_CYCLE counts: {'trello_cards': 114, 'github_issues': 8, 'inbox_items': 0}
[2026-08-10T05:59:24.149290+00:00] OODA_LOOP_COMPLETE no more work
[2026-08-10T06:00:05.974639+00:00] OODA_CYCLE_87_START
[2026-08-10T06:00:09.808673+00:00] OODA_CYCLE counts: {'trello_cards': 114, 'github_issues': 8, 'inbox_items': 0}
[2026-08-10T06:00:12.117106+00:00] OODA_CYCLE_87_END sleeping 60s
[2026-08-10T06:01:12.118393+00:00] OODA_CYCLE_88_START
[2026-08-10T06:01:15.591929+00:00] OODA_CYCLE counts: {'trello_cards': 114, 'github_issues': 8, 'inbox_items': 0}
[2026-08-10T06:01:18.234603+00:00] OODA_CYCLE_88_END sleeping 60s
[2026-08-10T06:02:18.235358+00:00] OODA_CYCLE_89_START
[2026-08-10T06:02:21.882877+00:00] OODA_CYCLE counts: {'trello_cards': 114, 'github_issues': 8, 'inbox_items': 0}
[2026-08-10T06:02:23.903977+00:00] OODA_CYCLE_89_END sleeping 60s
[2026-08-10T06:03:23.905538+00:00] OODA_CYCLE_90_START
[2026-08-10T06:03:27.614703+00:00] OODA_CYCLE counts: {'trello_cards': 114, 'github_issues': 8, 'inbox_items': 0}
[2026-08-10T06:03:29.765128+00:00] OODA_CYCLE_90_END sleeping 60s
[2026-08-10T06:04:29.765471+00:00] OODA_CYCLE_91_START
[2026-08-10T06:04:33.512523+00:00] OODA_CYCLE counts: {'trello_cards': 115, 'github_issues': 8, 'inbox_items': 0}
[2026-08-10T06:04:36.079960+00:00] OODA_CYCLE_91_END sleeping 60s
[2026-08-10T06:05:36.080453+00:00] OODA_CYCLE_92_START
[2026-08-10T06:05:39.487572+00:00] OODA_CYCLE counts: {'trello_cards': 115, 'github_issues': 8, 'inbox_items': 0}
[2026-08-10T06:05:41.470682+00:00] OODA_CYCLE_92_END sleeping 60s
[2026-08-10T06:06:41.470908+00:00] OODA_CYCLE_93_START
[2026-08-10T06:06:45.204942+00:00] OODA_CYCLE counts: {'trello_cards': 115, 'github_issues': 8, 'inbox_items': 0}
[2026-08-10T06:06:47.366109+00:00] OODA_CYCLE_93_END sleeping 60s
[2026-08-10T06:06:56.028127+00:00] OODA_LOOP_STARTED
[2026-08-10T06:06:56.028127+00:00] OODA_CYCLE_1_START
[2026-08-10T06:06:59.253494+00:00] OODA_CYCLE counts: {'trello_cards': 115, 'github_issues': 8, 'inbox_items': 0}
[2026-08-10T06:07:01.645583+00:00] OODA_LOOP_COMPLETE no more work
[2026-08-10T06:07:29.885635+00:00] OODA_LOOP_STARTED
[2026-08-10T06:07:29.885635+00:00] OODA_CYCLE_1_START
[2026-08-10T06:07:32.893773+00:00] OODA_CYCLE counts: {'trello_cards': 115, 'github_issues': 8, 'inbox_items': 0}
[2026-08-10T06:07:35.217562+00:00] OODA_LOOP_COMPLETE no more work
[2026-08-10T06:07:44.424468+00:00] OODA_LOOP_STARTED
[2026-08-10T06:07:44.424468+00:00] OODA_CYCLE_1_START
[2026-08-10T06:07:47.367882+00:00] OODA_CYCLE_94_START
[2026-08-10T06:07:47.690979+00:00] OODA_CYCLE counts: {'trello_cards': 115, 'github_issues': 8, 'inbox_items': 0}
[2026-08-10T06:07:49.616726+00:00] OODA_LOOP_COMPLETE no more work
[2026-08-10T06:07:50.565510+00:00] OODA_CYCLE counts: {'trello_cards': 115, 'github_issues': 8, 'inbox_items': 0}
[2026-08-10T06:07:52.854747+00:00] OODA_CYCLE_94_END sleeping 60s
[2026-08-10T06:08:49.601224+00:00] OODA_LOOP_STARTED
[2026-08-10T06:08:49.602224+00:00] OODA_CYCLE_1_START
[2026-08-10T06:08:52.856753+00:00] OODA_CYCLE_95_START
[2026-08-10T06:08:52.963899+00:00] OODA_CYCLE counts: {'trello_cards': 115, 'github_issues': 8, 'inbox_items': 0}
[2026-08-10T06:08:55.151607+00:00] OODA_LOOP_COMPLETE no more work
[2026-08-10T06:08:55.827746+00:00] OODA_CYCLE counts: {'trello_cards': 115, 'github_issues': 8, 'inbox_items': 0}
[2026-08-10T06:08:57.664334+00:00] OODA_CYCLE_95_END sleeping 60s
[2026-08-10T06:09:57.665758+00:00] OODA_CYCLE_96_START
[2026-08-10T06:10:00.898483+00:00] OODA_CYCLE counts: {'trello_cards': 115, 'github_issues': 8, 'inbox_items': 0}
[2026-08-10T06:10:03.016307+00:00] OODA_CYCLE_96_END sleeping 60s
[2026-08-10T06:11:03.017053+00:00] OODA_CYCLE_97_START
[2026-08-10T06:11:06.294443+00:00] OODA_CYCLE counts: {'trello_cards': 115, 'github_issues': 8, 'inbox_items': 0}
[2026-08-10T06:11:08.395024+00:00] OODA_CYCLE_97_END sleeping 60s
[2026-08-10T06:12:08.397019+00:00] OODA_CYCLE_98_START
[2026-08-10T06:12:11.705255+00:00] OODA_CYCLE counts: {'trello_cards': 116, 'github_issues': 8, 'inbox_items': 0}
[2026-08-10T06:12:13.557450+00:00] OODA_CYCLE_98_END sleeping 60s
[2026-08-10T06:13:08.578401+00:00] OODA_LOOP_STARTED
[2026-08-10T06:13:08.578401+00:00] OODA_CYCLE_1_START
[2026-08-10T06:13:11.946689+00:00] OODA_CYCLE counts: {'trello_cards': 116, 'github_issues': 8, 'inbox_items': 0}
[2026-08-10T06:13:13.558050+00:00] OODA_CYCLE_99_START
[2026-08-10T06:13:13.824329+00:00] OODA_LOOP_COMPLETE no more work
[2026-08-10T06:13:16.507407+00:00] OODA_CYCLE counts: {'trello_cards': 116, 'github_issues': 8, 'inbox_items': 0}
[2026-08-10T06:13:18.427173+00:00] OODA_CYCLE_99_END sleeping 60s
[2026-08-10T06:14:18.428866+00:00] OODA_CYCLE_100_START
[2026-08-10T06:14:21.854748+00:00] OODA_CYCLE counts: {'trello_cards': 116, 'github_issues': 8, 'inbox_items': 0}
[2026-08-10T06:14:23.845769+00:00] OODA_CYCLE_100_END sleeping 60s
[2026-08-10T06:15:23.848056+00:00] OODA_CYCLE_101_START
[2026-08-10T06:15:27.174013+00:00] OODA_CYCLE counts: {'trello_cards': 116, 'github_issues': 8, 'inbox_items': 0}
[2026-08-10T06:15:28.962733+00:00] OODA_CYCLE_101_END sleeping 60s
[2026-08-10T06:16:28.963947+00:00] OODA_CYCLE_102_START
[2026-08-10T06:16:32.057815+00:00] OODA_CYCLE counts: {'trello_cards': 116, 'github_issues': 8, 'inbox_items': 0}
[2026-08-10T06:16:34.027520+00:00] OODA_CYCLE_102_END sleeping 60s
[2026-08-10T06:17:34.028450+00:00] OODA_CYCLE_103_START
[2026-08-10T06:17:36.880067+00:00] OODA_CYCLE counts: {'trello_cards': 116, 'github_issues': 8, 'inbox_items': 0}
[2026-08-10T06:17:38.670058+00:00] OODA_CYCLE_103_END sleeping 60s
[2026-08-10T06:18:30.171946+00:00] OODA_LOOP_STARTED
[2026-08-10T06:18:30.171946+00:00] OODA_CYCLE_1_START
[2026-08-10T06:18:33.226121+00:00] OODA_CYCLE counts: {'trello_cards': 116, 'github_issues': 8, 'inbox_items': 0}
[2026-08-10T06:18:35.214862+00:00] OODA_LOOP_COMPLETE no more work
[2026-08-10T06:18:38.670794+00:00] OODA_CYCLE_104_START
[2026-08-10T06:18:41.614495+00:00] OODA_CYCLE counts: {'trello_cards': 116, 'github_issues': 8, 'inbox_items': 0}
[2026-08-10T06:18:43.454833+00:00] OODA_CYCLE_104_END sleeping 60s
[2026-08-10T06:19:43.455244+00:00] OODA_CYCLE_105_START
[2026-08-10T06:19:46.652043+00:00] OODA_CYCLE counts: {'trello_cards': 117, 'github_issues': 8, 'inbox_items': 0}
[2026-08-10T06:19:48.665306+00:00] OODA_CYCLE_105_END sleeping 60s
[2026-08-10T06:20:48.666382+00:00] OODA_CYCLE_106_START
[2026-08-10T06:20:51.672717+00:00] OODA_CYCLE counts: {'trello_cards': 117, 'github_issues': 8, 'inbox_items': 0}
[2026-08-10T06:20:53.666216+00:00] OODA_CYCLE_106_END sleeping 60s
[2026-08-10T06:21:53.667463+00:00] OODA_CYCLE_107_START
[2026-08-10T06:21:56.653951+00:00] OODA_CYCLE counts: {'trello_cards': 117, 'github_issues': 8, 'inbox_items': 0}
[2026-08-10T06:21:58.489752+00:00] OODA_CYCLE_107_END sleeping 60s
[2026-08-10T06:22:58.490254+00:00] OODA_CYCLE_108_START
[2026-08-10T06:23:02.396572+00:00] OODA_CYCLE counts: {'trello_cards': 117, 'github_issues': 8, 'inbox_items': 0}
[2026-08-10T06:23:04.252147+00:00] OODA_CYCLE_108_END sleeping 60s
[2026-08-10T06:23:49.677434+00:00] OODA_LOOP_STARTED
[2026-08-10T06:23:49.677434+00:00] OODA_CYCLE_1_START
[2026-08-10T06:23:52.868624+00:00] OODA_CYCLE counts: {'trello_cards': 117, 'github_issues': 8, 'inbox_items': 0}
[2026-08-10T06:23:54.892414+00:00] OODA_LOOP_COMPLETE no more work
[2026-08-10T06:24:04.253292+00:00] OODA_CYCLE_109_START
[2026-08-10T06:24:07.260320+00:00] OODA_CYCLE counts: {'trello_cards': 117, 'github_issues': 8, 'inbox_items': 0}
[2026-08-10T06:24:09.324106+00:00] OODA_CYCLE_109_END sleeping 60s
[2026-08-10T06:25:09.324668+00:00] OODA_CYCLE_110_START
[2026-08-10T06:25:12.318334+00:00] OODA_CYCLE counts: {'trello_cards': 117, 'github_issues': 8, 'inbox_items': 0}
[2026-08-10T06:25:14.182720+00:00] OODA_CYCLE_110_END sleeping 60s
[2026-08-10T06:26:14.183983+00:00] OODA_CYCLE_111_START
[2026-08-10T06:26:17.178871+00:00] OODA_CYCLE counts: {'trello_cards': 117, 'github_issues': 8, 'inbox_items': 0}
[2026-08-10T06:26:18.992215+00:00] OODA_CYCLE_111_END sleeping 60s
[2026-08-10T06:27:18.993494+00:00] OODA_CYCLE_112_START
[2026-08-10T06:27:21.984634+00:00] OODA_CYCLE counts: {'trello_cards': 118, 'github_issues': 8, 'inbox_items': 0}
[2026-08-10T06:27:23.936737+00:00] OODA_CYCLE_112_END sleeping 60s
[2026-08-10T06:28:23.937117+00:00] OODA_CYCLE_113_START
[2026-08-10T06:28:26.951068+00:00] OODA_CYCLE counts: {'trello_cards': 118, 'github_issues': 8, 'inbox_items': 0}
[2026-08-10T06:28:28.794919+00:00] OODA_CYCLE_113_END sleeping 60s
[2026-08-10T06:29:09.388376+00:00] OODA_LOOP_STARTED
[2026-08-10T06:29:09.388376+00:00] OODA_CYCLE_1_START
[2026-08-10T06:29:12.661422+00:00] OODA_CYCLE counts: {'trello_cards': 118, 'github_issues': 8, 'inbox_items': 0}
[2026-08-10T06:29:14.579997+00:00] OODA_LOOP_COMPLETE no more work
[2026-08-10T06:29:28.796620+00:00] OODA_CYCLE_114_START
[2026-08-10T06:29:31.725243+00:00] OODA_CYCLE counts: {'trello_cards': 118, 'github_issues': 8, 'inbox_items': 0}
[2026-08-10T06:29:33.732135+00:00] OODA_CYCLE_114_END sleeping 60s
[2026-08-10T06:30:33.733177+00:00] OODA_CYCLE_115_START
[2026-08-10T06:30:37.055128+00:00] OODA_CYCLE counts: {'trello_cards': 118, 'github_issues': 8, 'inbox_items': 0}
[2026-08-10T06:30:39.324348+00:00] OODA_CYCLE_115_END sleeping 60s
[2026-08-10T06:31:39.325736+00:00] OODA_CYCLE_116_START
[2026-08-10T06:31:42.482715+00:00] OODA_CYCLE counts: {'trello_cards': 118, 'github_issues': 8, 'inbox_items': 0}
[2026-08-10T06:31:44.442572+00:00] OODA_CYCLE_116_END sleeping 60s
[2026-08-10T06:32:44.443806+00:00] OODA_CYCLE_117_START
[2026-08-10T06:32:47.685551+00:00] OODA_CYCLE counts: {'trello_cards': 118, 'github_issues': 8, 'inbox_items': 0}
[2026-08-10T06:32:49.831757+00:00] OODA_CYCLE_117_END sleeping 60s
[2026-08-10T06:33:49.832856+00:00] OODA_CYCLE_118_START
[2026-08-10T06:33:53.023001+00:00] OODA_CYCLE counts: {'trello_cards': 118, 'github_issues': 8, 'inbox_items': 0}
[2026-08-10T06:33:55.060836+00:00] OODA_CYCLE_118_END sleeping 60s
[2026-08-10T06:34:29.406422+00:00] OODA_LOOP_STARTED
[2026-08-10T06:34:29.406422+00:00] OODA_CYCLE_1_START
[2026-08-10T06:34:32.549041+00:00] OODA_CYCLE counts: {'trello_cards': 118, 'github_issues': 8, 'inbox_items': 0}
[2026-08-10T06:34:34.395058+00:00] OODA_LOOP_COMPLETE no more work
[2026-08-10T06:34:55.062013+00:00] OODA_CYCLE_119_START
[2026-08-10T06:34:58.696667+00:00] OODA_CYCLE counts: {'trello_cards': 119, 'github_issues': 8, 'inbox_items': 0}
[2026-08-10T06:35:00.754254+00:00] OODA_CYCLE_119_END sleeping 60s
[2026-08-10T06:36:00.754813+00:00] OODA_CYCLE_120_START
[2026-08-10T06:36:04.089229+00:00] OODA_CYCLE counts: {'trello_cards': 119, 'github_issues': 8, 'inbox_items': 0}
[2026-08-10T06:36:05.950969+00:00] OODA_CYCLE_120_END sleeping 60s
[2026-08-10T06:37:05.952019+00:00] OODA_CYCLE_121_START
[2026-08-10T06:37:09.308015+00:00] OODA_CYCLE counts: {'trello_cards': 119, 'github_issues': 8, 'inbox_items': 0}
[2026-08-10T06:37:11.309813+00:00] OODA_CYCLE_121_END sleeping 60s
[2026-08-10T06:38:11.311094+00:00] OODA_CYCLE_122_START
[2026-08-10T06:38:14.476446+00:00] OODA_CYCLE counts: {'trello_cards': 119, 'github_issues': 8, 'inbox_items': 0}
[2026-08-10T06:38:16.422051+00:00] OODA_CYCLE_122_END sleeping 60s
[2026-08-10T06:39:16.423345+00:00] OODA_CYCLE_123_START
[2026-08-10T06:39:19.586151+00:00] OODA_CYCLE counts: {'trello_cards': 119, 'github_issues': 8, 'inbox_items': 0}
[2026-08-10T06:39:21.579529+00:00] OODA_CYCLE_123_END sleeping 60s
[2026-08-10T06:39:48.913400+00:00] OODA_LOOP_STARTED
[2026-08-10T06:39:48.914401+00:00] OODA_CYCLE_1_START
[2026-08-10T06:39:52.030776+00:00] OODA_CYCLE counts: {'trello_cards': 119, 'github_issues': 8, 'inbox_items': 0}
[2026-08-10T06:39:53.878996+00:00] OODA_LOOP_COMPLETE no more work
[2026-08-10T06:40:21.579949+00:00] OODA_CYCLE_124_START
[2026-08-10T06:40:24.910955+00:00] OODA_CYCLE counts: {'trello_cards': 119, 'github_issues': 8, 'inbox_items': 0}
[2026-08-10T06:40:27.071483+00:00] OODA_CYCLE_124_END sleeping 60s
[2026-08-10T06:41:27.072307+00:00] OODA_CYCLE_125_START
[2026-08-10T06:41:30.457792+00:00] OODA_CYCLE counts: {'trello_cards': 119, 'github_issues': 8, 'inbox_items': 0}
[2026-08-10T06:41:32.593914+00:00] OODA_CYCLE_125_END sleeping 60s
[2026-08-10T06:42:32.594569+00:00] OODA_CYCLE_126_START
[2026-08-10T06:42:35.885826+00:00] OODA_CYCLE counts: {'trello_cards': 120, 'github_issues': 8, 'inbox_items': 0}
[2026-08-10T06:42:37.866572+00:00] OODA_CYCLE_126_END sleeping 60s
[2026-08-10T06:43:17.296110+00:00] OODA_LOOP_STARTED
[2026-08-10T06:43:17.296110+00:00] OODA_CYCLE_1_START
[2026-08-10T06:43:20.614597+00:00] OODA_CYCLE counts: {'trello_cards': 120, 'github_issues': 8, 'inbox_items': 0}
[2026-08-10T06:43:22.703244+00:00] OODA_LOOP_COMPLETE no more work
[2026-08-10T06:43:37.867968+00:00] OODA_CYCLE_127_START
[2026-08-10T06:43:41.074755+00:00] OODA_CYCLE counts: {'trello_cards': 120, 'github_issues': 8, 'inbox_items': 0}
[2026-08-10T06:43:43.284079+00:00] OODA_CYCLE_127_END sleeping 60s
[2026-08-10T06:44:43.284414+00:00] OODA_CYCLE_128_START
[2026-08-10T06:44:46.591921+00:00] OODA_CYCLE counts: {'trello_cards': 120, 'github_issues': 8, 'inbox_items': 0}
[2026-08-10T06:44:48.631287+00:00] OODA_CYCLE_128_END sleeping 60s
[2026-08-10T06:44:56.612695+00:00] OODA_LOOP_STARTED
[2026-08-10T06:44:56.612695+00:00] OODA_CYCLE_1_START
[2026-08-10T06:45:00.520315+00:00] OODA_CYCLE counts: {'trello_cards': 120, 'github_issues': 8, 'inbox_items': 0}
[2026-08-10T06:45:02.547674+00:00] OODA_LOOP_COMPLETE no more work
[2026-08-10T06:45:08.474043+00:00] OODA_LOOP_STARTED
[2026-08-10T06:45:08.474579+00:00] OODA_CYCLE_1_START
[2026-08-10T06:45:12.373126+00:00] OODA_CYCLE counts: {'trello_cards': 120, 'github_issues': 8, 'inbox_items': 0}
[2026-08-10T06:45:14.238860+00:00] OODA_LOOP_COMPLETE no more work
[2026-08-10T06:45:48.632862+00:00] OODA_CYCLE_129_START
[2026-08-10T06:45:52.023083+00:00] OODA_CYCLE counts: {'trello_cards': 120, 'github_issues': 8, 'inbox_items': 0}
[2026-08-10T06:45:53.922451+00:00] OODA_CYCLE_129_END sleeping 60s
[2026-08-10T06:46:53.923645+00:00] OODA_CYCLE_130_START
[2026-08-10T06:46:57.403685+00:00] OODA_CYCLE counts: {'trello_cards': 120, 'github_issues': 8, 'inbox_items': 0}
[2026-08-10T06:46:59.499318+00:00] OODA_CYCLE_130_END sleeping 60s
[2026-08-10T06:47:59.500079+00:00] OODA_CYCLE_131_START
[2026-08-10T06:48:02.855084+00:00] OODA_CYCLE counts: {'trello_cards': 120, 'github_issues': 8, 'inbox_items': 0}
[2026-08-10T06:48:04.928251+00:00] OODA_CYCLE_131_END sleeping 60s
[2026-08-10T06:49:04.929625+00:00] OODA_CYCLE_132_START
[2026-08-10T06:49:08.123552+00:00] OODA_CYCLE counts: {'trello_cards': 120, 'github_issues': 8, 'inbox_items': 0}
[2026-08-10T06:49:10.240418+00:00] OODA_CYCLE_132_END sleeping 60s
[2026-08-10T06:50:10.241052+00:00] OODA_CYCLE_133_START
[2026-08-10T06:50:13.600660+00:00] OODA_CYCLE counts: {'trello_cards': 120, 'github_issues': 8, 'inbox_items': 0}
[2026-08-10T06:50:15.550261+00:00] OODA_CYCLE_133_END sleeping 60s
[2026-08-10T06:50:29.054403+00:00] OODA_LOOP_STARTED
[2026-08-10T06:50:29.054403+00:00] OODA_CYCLE_1_START
[2026-08-10T06:50:32.491900+00:00] OODA_CYCLE counts: {'trello_cards': 121, 'github_issues': 8, 'inbox_items': 0}
[2026-08-10T06:50:34.564335+00:00] OODA_LOOP_COMPLETE no more work
[2026-08-10T06:51:15.550826+00:00] OODA_CYCLE_134_START
[2026-08-10T06:51:20.748450+00:00] OODA_CYCLE counts: {'trello_cards': 121, 'github_issues': 8, 'inbox_items': 0}
[2026-08-10T06:51:22.760427+00:00] OODA_CYCLE_134_END sleeping 60s
[2026-08-10T06:52:22.761228+00:00] OODA_CYCLE_135_START
[2026-08-10T06:52:26.455511+00:00] OODA_CYCLE counts: {'trello_cards': 121, 'github_issues': 8, 'inbox_items': 0}
[2026-08-10T06:52:28.418904+00:00] OODA_CYCLE_135_END sleeping 60s
[2026-08-10T06:53:28.419927+00:00] OODA_CYCLE_136_START
[2026-08-10T06:53:31.453852+00:00] OODA_CYCLE counts: {'trello_cards': 121, 'github_issues': 8, 'inbox_items': 0}
[2026-08-10T06:53:33.364132+00:00] OODA_CYCLE_136_END sleeping 60s
[2026-08-10T06:54:33.365123+00:00] OODA_CYCLE_137_START
[2026-08-10T06:54:36.915473+00:00] OODA_CYCLE counts: {'trello_cards': 121, 'github_issues': 8, 'inbox_items': 0}
[2026-08-10T06:54:38.768831+00:00] OODA_CYCLE_137_END sleeping 60s
[2026-08-10T06:55:04.892630+00:00] OODA_LOOP_STARTED
[2026-08-10T06:55:04.892630+00:00] OODA_CYCLE_1_START
[2026-08-10T06:55:07.943715+00:00] OODA_CYCLE counts: {'trello_cards': 121, 'github_issues': 8, 'inbox_items': 0}
[2026-08-10T06:55:09.813544+00:00] OODA_LOOP_COMPLETE no more work
[2026-08-10T06:55:38.769592+00:00] OODA_CYCLE_138_START
[2026-08-10T06:55:42.118624+00:00] OODA_CYCLE counts: {'trello_cards': 121, 'github_issues': 8, 'inbox_items': 0}
[2026-08-10T06:55:44.250606+00:00] OODA_CYCLE_138_END sleeping 60s
[2026-08-10T06:55:49.816248+00:00] OODA_LOOP_STARTED
[2026-08-10T06:55:49.816248+00:00] OODA_CYCLE_1_START
[2026-08-10T06:55:53.063513+00:00] OODA_CYCLE counts: {'trello_cards': 121, 'github_issues': 8, 'inbox_items': 0}
[2026-08-10T06:55:55.015992+00:00] OODA_LOOP_COMPLETE no more work
[2026-08-10T06:56:44.251662+00:00] OODA_CYCLE_139_START
[2026-08-10T06:56:47.645056+00:00] OODA_CYCLE counts: {'trello_cards': 121, 'github_issues': 8, 'inbox_items': 0}
[2026-08-10T06:56:49.674061+00:00] OODA_CYCLE_139_END sleeping 60s
[2026-08-10T06:57:49.674787+00:00] OODA_CYCLE_140_START
[2026-08-10T06:57:52.731644+00:00] OODA_CYCLE counts: {'trello_cards': 122, 'github_issues': 8, 'inbox_items': 0}
[2026-08-10T06:57:54.678061+00:00] OODA_CYCLE_140_END sleeping 60s
[2026-08-10T06:58:50.765036+00:00] OODA_LOOP_STARTED
[2026-08-10T06:58:50.765036+00:00] OODA_CYCLE_1_START
[2026-08-10T06:58:54.196150+00:00] OODA_CYCLE counts: {'trello_cards': 122, 'github_issues': 8, 'inbox_items': 0}
[2026-08-10T06:58:54.679286+00:00] OODA_CYCLE_141_START
[2026-08-10T06:58:56.085040+00:00] OODA_LOOP_COMPLETE no more work
[2026-08-10T06:58:58.006015+00:00] OODA_CYCLE counts: {'trello_cards': 122, 'github_issues': 8, 'inbox_items': 0}
[2026-08-10T06:59:00.023608+00:00] OODA_CYCLE_141_END sleeping 60s
[2026-08-10T07:00:00.024469+00:00] OODA_CYCLE_142_START
[2026-08-10T07:00:04.659790+00:00] OODA_CYCLE counts: {'trello_cards': 122, 'github_issues': 8, 'inbox_items': 0}
[2026-08-10T07:00:07.631466+00:00] OODA_CYCLE_142_END sleeping 60s
[2026-08-10T07:01:07.632045+00:00] OODA_CYCLE_143_START
[2026-08-10T07:01:09.536227+00:00] OODA_LOOP_STARTED
[2026-08-10T07:01:09.536227+00:00] OODA_CYCLE_1_START
[2026-08-10T07:01:12.062757+00:00] OODA_CYCLE counts: {'trello_cards': 122, 'github_issues': 8, 'inbox_items': 0}
[2026-08-10T07:01:13.495219+00:00] OODA_CYCLE counts: {'trello_cards': 122, 'github_issues': 8, 'inbox_items': 0}
[2026-08-10T07:01:14.345273+00:00] OODA_CYCLE_143_END sleeping 60s
[2026-08-10T07:01:15.737356+00:00] OODA_LOOP_COMPLETE no more work
[2026-08-10T07:02:14.346510+00:00] OODA_CYCLE_144_START
[2026-08-10T07:02:18.292457+00:00] OODA_CYCLE counts: {'trello_cards': 122, 'github_issues': 8, 'inbox_items': 0}
[2026-08-10T07:02:20.671961+00:00] OODA_CYCLE_144_END sleeping 60s
[2026-08-10T07:03:20.672999+00:00] OODA_CYCLE_145_START
[2026-08-10T07:03:25.666120+00:00] OODA_CYCLE counts: {'trello_cards': 122, 'github_issues': 8, 'inbox_items': 0}
[2026-08-10T07:03:27.965802+00:00] OODA_CYCLE_145_END sleeping 60s
[2026-08-10T07:03:43.793439+00:00] OODA_LOOP_STARTED
[2026-08-10T07:03:43.794184+00:00] OODA_CYCLE_1_START
[2026-08-10T07:03:47.949344+00:00] OODA_CYCLE counts: {'trello_cards': 122, 'github_issues': 8, 'inbox_items': 0}
[2026-08-10T07:03:50.101128+00:00] OODA_LOOP_COMPLETE no more work
[2026-08-10T07:04:27.966909+00:00] OODA_CYCLE_146_START
[2026-08-10T07:04:31.239753+00:00] OODA_CYCLE counts: {'trello_cards': 122, 'github_issues': 8, 'inbox_items': 0}
[2026-08-10T07:04:33.766910+00:00] OODA_CYCLE_146_END sleeping 60s
[2026-08-10T07:05:33.767816+00:00] OODA_CYCLE_147_START
[2026-08-10T07:05:37.243048+00:00] OODA_CYCLE counts: {'trello_cards': 122, 'github_issues': 8, 'inbox_items': 0}
[2026-08-10T07:05:39.473024+00:00] OODA_CYCLE_147_END sleeping 60s
[2026-08-10T07:06:30.593217+00:00] OODA_LOOP_STARTED
[2026-08-10T07:06:30.594216+00:00] OODA_CYCLE_1_START
[2026-08-10T07:06:34.457527+00:00] OODA_CYCLE counts: {'trello_cards': 123, 'github_issues': 8, 'inbox_items': 0}
[2026-08-10T07:06:37.128260+00:00] OODA_LOOP_COMPLETE no more work
[2026-08-10T07:06:39.474346+00:00] OODA_CYCLE_148_START
[2026-08-10T07:06:42.982220+00:00] OODA_CYCLE counts: {'trello_cards': 123, 'github_issues': 8, 'inbox_items': 0}
[2026-08-10T07:06:44.938469+00:00] OODA_CYCLE_148_END sleeping 60s
[2026-08-10T07:07:44.939722+00:00] OODA_CYCLE_149_START
[2026-08-10T07:07:48.241983+00:00] OODA_CYCLE counts: {'trello_cards': 123, 'github_issues': 8, 'inbox_items': 0}
[2026-08-10T07:07:50.334255+00:00] OODA_CYCLE_149_END sleeping 60s
[2026-08-10T07:08:50.334991+00:00] OODA_CYCLE_150_START
[2026-08-10T07:08:53.591483+00:00] OODA_CYCLE counts: {'trello_cards': 123, 'github_issues': 8, 'inbox_items': 0}
[2026-08-10T07:08:55.492230+00:00] OODA_CYCLE_150_END sleeping 60s
[2026-08-10T07:09:55.494052+00:00] OODA_CYCLE_151_START
[2026-08-10T07:09:58.710166+00:00] OODA_CYCLE counts: {'trello_cards': 123, 'github_issues': 8, 'inbox_items': 0}
[2026-08-10T07:10:00.759880+00:00] OODA_CYCLE_151_END sleeping 60s
[2026-08-10T07:11:00.760891+00:00] OODA_CYCLE_152_START
[2026-08-10T07:11:03.983306+00:00] OODA_CYCLE counts: {'trello_cards': 123, 'github_issues': 8, 'inbox_items': 0}
[2026-08-10T07:11:05.974520+00:00] OODA_CYCLE_152_END sleeping 60s
[2026-08-10T07:11:51.863495+00:00] OODA_LOOP_STARTED
[2026-08-10T07:11:51.863495+00:00] OODA_CYCLE_1_START
[2026-08-10T07:11:54.961462+00:00] OODA_CYCLE counts: {'trello_cards': 123, 'github_issues': 8, 'inbox_items': 0}
[2026-08-10T07:11:56.892629+00:00] OODA_LOOP_COMPLETE no more work
[2026-08-10T07:12:05.976129+00:00] OODA_CYCLE_153_START
[2026-08-10T07:12:09.164744+00:00] OODA_CYCLE counts: {'trello_cards': 123, 'github_issues': 8, 'inbox_items': 0}
[2026-08-10T07:12:11.140453+00:00] OODA_CYCLE_153_END sleeping 60s
[2026-08-10T07:13:11.142128+00:00] OODA_CYCLE_154_START
[2026-08-10T07:13:14.186512+00:00] OODA_CYCLE counts: {'trello_cards': 124, 'github_issues': 8, 'inbox_items': 0}
[2026-08-10T07:13:16.038737+00:00] OODA_CYCLE_154_END sleeping 60s
[2026-08-10T07:14:16.039562+00:00] OODA_CYCLE_155_START
[2026-08-10T07:14:19.105665+00:00] OODA_CYCLE counts: {'trello_cards': 124, 'github_issues': 8, 'inbox_items': 0}
[2026-08-10T07:14:21.083491+00:00] OODA_CYCLE_155_END sleeping 60s
[2026-08-10T07:15:21.085115+00:00] OODA_CYCLE_156_START
[2026-08-10T07:15:24.393189+00:00] OODA_CYCLE counts: {'trello_cards': 124, 'github_issues': 8, 'inbox_items': 0}
[2026-08-10T07:15:26.499593+00:00] OODA_CYCLE_156_END sleeping 60s
[2026-08-10T07:16:26.500904+00:00] OODA_CYCLE_157_START
[2026-08-10T07:16:29.716924+00:00] OODA_CYCLE counts: {'trello_cards': 124, 'github_issues': 8, 'inbox_items': 0}
[2026-08-10T07:16:31.587482+00:00] OODA_CYCLE_157_END sleeping 60s
[2026-08-10T07:17:11.538109+00:00] OODA_LOOP_STARTED
[2026-08-10T07:17:11.538109+00:00] OODA_CYCLE_1_START
[2026-08-10T07:17:14.551448+00:00] OODA_CYCLE counts: {'trello_cards': 124, 'github_issues': 8, 'inbox_items': 0}
[2026-08-10T07:17:18.042667+00:00] OODA_LOOP_COMPLETE no more work
[2026-08-10T07:17:29.181091+00:00] OODA_LOOP_STARTED
[2026-08-10T07:17:29.181091+00:00] OODA_CYCLE_1_START
[2026-08-10T07:17:31.588521+00:00] OODA_CYCLE_158_START
[2026-08-10T07:17:32.316187+00:00] OODA_CYCLE counts: {'trello_cards': 124, 'github_issues': 8, 'inbox_items': 0}
[2026-08-10T07:17:34.510951+00:00] OODA_CYCLE counts: {'trello_cards': 124, 'github_issues': 8, 'inbox_items': 0}
[2026-08-10T07:17:34.843673+00:00] OODA_LOOP_COMPLETE no more work
[2026-08-10T07:17:36.791533+00:00] OODA_CYCLE_158_END sleeping 60s
[2026-08-10T07:18:36.792794+00:00] OODA_CYCLE_159_START
[2026-08-10T07:18:40.103835+00:00] OODA_CYCLE counts: {'trello_cards': 124, 'github_issues': 8, 'inbox_items': 0}
[2026-08-10T07:18:42.051584+00:00] OODA_CYCLE_159_END sleeping 60s
[2026-08-10T07:19:42.052136+00:00] OODA_CYCLE_160_START
[2026-08-10T07:19:45.382850+00:00] OODA_CYCLE counts: {'trello_cards': 124, 'github_issues': 8, 'inbox_items': 0}
[2026-08-10T07:19:47.407599+00:00] OODA_CYCLE_160_END sleeping 60s
[2026-08-10T07:20:47.409229+00:00] OODA_CYCLE_161_START
[2026-08-10T07:20:50.506357+00:00] OODA_CYCLE counts: {'trello_cards': 124, 'github_issues': 8, 'inbox_items': 0}
[2026-08-10T07:20:52.625214+00:00] OODA_CYCLE_161_END sleeping 60s
[2026-08-10T07:21:52.626738+00:00] OODA_CYCLE_162_START
[2026-08-10T07:21:55.548297+00:00] OODA_CYCLE counts: {'trello_cards': 125, 'github_issues': 8, 'inbox_items': 0}
[2026-08-10T07:21:57.607251+00:00] OODA_CYCLE_162_END sleeping 60s
[2026-08-10T07:22:33.710057+00:00] OODA_LOOP_STARTED
[2026-08-10T07:22:33.710057+00:00] OODA_CYCLE_1_START
[2026-08-10T07:22:36.700755+00:00] OODA_CYCLE counts: {'trello_cards': 125, 'github_issues': 8, 'inbox_items': 0}
[2026-08-10T07:22:38.772781+00:00] OODA_LOOP_COMPLETE no more work
[2026-08-10T07:22:57.608334+00:00] OODA_CYCLE_163_START
[2026-08-10T07:23:00.726371+00:00] OODA_CYCLE counts: {'trello_cards': 125, 'github_issues': 8, 'inbox_items': 0}
[2026-08-10T07:23:02.861446+00:00] OODA_CYCLE_163_END sleeping 60s
[2026-08-10T07:24:02.863175+00:00] OODA_CYCLE_164_START
[2026-08-10T07:24:06.011727+00:00] OODA_CYCLE counts: {'trello_cards': 125, 'github_issues': 8, 'inbox_items': 0}
[2026-08-10T07:24:07.949643+00:00] OODA_CYCLE_164_END sleeping 60s
[2026-08-10T07:25:07.951601+00:00] OODA_CYCLE_165_START
[2026-08-10T07:25:11.537258+00:00] OODA_CYCLE counts: {'trello_cards': 125, 'github_issues': 8, 'inbox_items': 0}
[2026-08-10T07:25:13.743992+00:00] OODA_CYCLE_165_END sleeping 60s
[2026-08-10T07:26:13.745294+00:00] OODA_CYCLE_166_START
[2026-08-10T07:26:17.009631+00:00] OODA_CYCLE counts: {'trello_cards': 125, 'github_issues': 8, 'inbox_items': 0}
[2026-08-10T07:26:19.198912+00:00] OODA_CYCLE_166_END sleeping 60s
[2026-08-10T07:27:19.199774+00:00] OODA_CYCLE_167_START
[2026-08-10T07:27:22.419994+00:00] OODA_CYCLE counts: {'trello_cards': 125, 'github_issues': 8, 'inbox_items': 0}
[2026-08-10T07:27:24.475547+00:00] OODA_CYCLE_167_END sleeping 60s
[2026-08-10T07:27:54.126991+00:00] OODA_LOOP_STARTED
[2026-08-10T07:27:54.126991+00:00] OODA_CYCLE_1_START
[2026-08-10T07:28:00.114691+00:00] OODA_CYCLE counts: {'trello_cards': 125, 'github_issues': 8, 'inbox_items': 0}
[2026-08-10T07:28:02.133706+00:00] OODA_LOOP_COMPLETE no more work
[2026-08-10T07:28:24.477052+00:00] OODA_CYCLE_168_START
[2026-08-10T07:28:27.704721+00:00] OODA_CYCLE counts: {'trello_cards': 126, 'github_issues': 8, 'inbox_items': 0}
[2026-08-10T07:28:29.688076+00:00] OODA_CYCLE_168_END sleeping 60s
[2026-08-10T07:29:29.689497+00:00] OODA_CYCLE_169_START
[2026-08-10T07:29:32.741032+00:00] OODA_CYCLE counts: {'trello_cards': 126, 'github_issues': 8, 'inbox_items': 0}
[2026-08-10T07:29:34.719065+00:00] OODA_CYCLE_169_END sleeping 60s
[2026-08-10T07:30:34.720388+00:00] OODA_CYCLE_170_START
[2026-08-10T07:30:37.755848+00:00] OODA_CYCLE counts: {'trello_cards': 126, 'github_issues': 8, 'inbox_items': 0}
[2026-08-10T07:30:39.841369+00:00] OODA_CYCLE_170_END sleeping 60s
[2026-08-10T07:31:39.842940+00:00] OODA_CYCLE_171_START
[2026-08-10T07:31:43.062780+00:00] OODA_CYCLE counts: {'trello_cards': 126, 'github_issues': 8, 'inbox_items': 0}
[2026-08-10T07:31:44.955399+00:00] OODA_CYCLE_171_END sleeping 60s
[2026-08-10T07:32:44.956090+00:00] OODA_CYCLE_172_START
[2026-08-10T07:32:48.166952+00:00] OODA_CYCLE counts: {'trello_cards': 126, 'github_issues': 8, 'inbox_items': 0}
[2026-08-10T07:32:50.020466+00:00] OODA_CYCLE_172_END sleeping 60s
[2026-08-10T07:33:17.020526+00:00] OODA_LOOP_STARTED
[2026-08-10T07:33:17.020526+00:00] OODA_CYCLE_1_START
[2026-08-10T07:33:20.420580+00:00] OODA_CYCLE counts: {'trello_cards': 126, 'github_issues': 8, 'inbox_items': 0}
[2026-08-10T07:33:22.443687+00:00] OODA_LOOP_COMPLETE no more work
[2026-08-10T07:33:50.021428+00:00] OODA_CYCLE_173_START
[2026-08-10T07:33:53.145641+00:00] OODA_CYCLE counts: {'trello_cards': 126, 'github_issues': 8, 'inbox_items': 0}
[2026-08-10T07:33:55.059191+00:00] OODA_CYCLE_173_END sleeping 60s
[2026-08-10T07:33:59.208906+00:00] OODA_LOOP_STARTED
[2026-08-10T07:33:59.208906+00:00] OODA_CYCLE_1_START
[2026-08-10T07:34:02.123267+00:00] OODA_CYCLE counts: {'trello_cards': 126, 'github_issues': 8, 'inbox_items': 0}
[2026-08-10T07:34:04.245562+00:00] OODA_LOOP_COMPLETE no more work
[2026-08-10T07:34:55.060059+00:00] OODA_CYCLE_174_START
[2026-08-10T07:35:01.359201+00:00] OODA_CYCLE counts: {'trello_cards': 126, 'github_issues': 8, 'inbox_items': 0}
[2026-08-10T07:35:03.527577+00:00] OODA_CYCLE_174_END sleeping 60s
[2026-08-10T07:36:03.529943+00:00] OODA_CYCLE_175_START
[2026-08-10T07:36:06.734019+00:00] OODA_CYCLE counts: {'trello_cards': 126, 'github_issues': 8, 'inbox_items': 0}
[2026-08-10T07:36:09.122444+00:00] OODA_CYCLE_175_END sleeping 60s
[2026-08-10T07:37:09.123029+00:00] OODA_CYCLE_176_START
[2026-08-10T07:37:12.822666+00:00] OODA_CYCLE counts: {'trello_cards': 128, 'github_issues': 8, 'inbox_items': 0}
[2026-08-10T07:37:14.862683+00:00] OODA_CYCLE_176_END sleeping 60s
[2026-08-10T07:38:14.864170+00:00] OODA_CYCLE_177_START
[2026-08-10T07:38:18.133380+00:00] OODA_CYCLE counts: {'trello_cards': 128, 'github_issues': 8, 'inbox_items': 0}
[2026-08-10T07:38:20.095321+00:00] OODA_CYCLE_177_END sleeping 60s
[2026-08-10T07:38:37.913033+00:00] OODA_LOOP_STARTED
[2026-08-10T07:38:37.913033+00:00] OODA_CYCLE_1_START
[2026-08-10T07:38:41.002867+00:00] OODA_CYCLE counts: {'trello_cards': 128, 'github_issues': 8, 'inbox_items': 0}
[2026-08-10T07:38:42.914619+00:00] OODA_LOOP_COMPLETE no more work
[2026-08-10T07:39:20.096471+00:00] OODA_CYCLE_178_START
[2026-08-10T07:39:23.353094+00:00] OODA_CYCLE counts: {'trello_cards': 128, 'github_issues': 8, 'inbox_items': 0}
[2026-08-10T07:39:25.583970+00:00] OODA_CYCLE_178_END sleeping 60s
[2026-08-10T07:40:25.585989+00:00] OODA_CYCLE_179_START
[2026-08-10T07:40:28.821789+00:00] OODA_CYCLE counts: {'trello_cards': 128, 'github_issues': 8, 'inbox_items': 0}
[2026-08-10T07:40:31.009996+00:00] OODA_CYCLE_179_END sleeping 60s
[2026-08-10T07:41:31.010748+00:00] OODA_CYCLE_180_START
[2026-08-10T07:41:34.140972+00:00] OODA_CYCLE counts: {'trello_cards': 128, 'github_issues': 8, 'inbox_items': 0}
[2026-08-10T07:41:36.162926+00:00] OODA_CYCLE_180_END sleeping 60s
[2026-08-10T07:42:36.164828+00:00] OODA_CYCLE_181_START
[2026-08-10T07:42:41.984958+00:00] OODA_CYCLE counts: {'trello_cards': 128, 'github_issues': 8, 'inbox_items': 0}
[2026-08-10T07:42:43.958158+00:00] OODA_CYCLE_181_END sleeping 60s
[2026-08-10T07:43:43.959443+00:00] OODA_CYCLE_182_START
[2026-08-10T07:43:47.148732+00:00] OODA_CYCLE counts: {'trello_cards': 129, 'github_issues': 8, 'inbox_items': 0}
[2026-08-10T07:43:49.165439+00:00] OODA_CYCLE_182_END sleeping 60s
[2026-08-10T07:43:57.999559+00:00] OODA_LOOP_STARTED
[2026-08-10T07:43:57.999559+00:00] OODA_CYCLE_1_START
[2026-08-10T07:44:01.022584+00:00] OODA_CYCLE counts: {'trello_cards': 129, 'github_issues': 8, 'inbox_items': 0}
[2026-08-10T07:44:03.105185+00:00] OODA_LOOP_COMPLETE no more work
[2026-08-10T07:44:49.166096+00:00] OODA_CYCLE_183_START
[2026-08-10T07:44:52.298995+00:00] OODA_CYCLE counts: {'trello_cards': 129, 'github_issues': 8, 'inbox_items': 0}
[2026-08-10T07:44:54.201809+00:00] OODA_CYCLE_183_END sleeping 60s
[2026-08-10T07:45:54.202955+00:00] OODA_CYCLE_184_START
[2026-08-10T07:45:57.240073+00:00] OODA_CYCLE counts: {'trello_cards': 129, 'github_issues': 8, 'inbox_items': 0}
[2026-08-10T07:45:59.203816+00:00] OODA_CYCLE_184_END sleeping 60s
[2026-08-10T07:46:59.204807+00:00] OODA_CYCLE_185_START
[2026-08-10T07:47:02.342782+00:00] OODA_CYCLE counts: {'trello_cards': 129, 'github_issues': 8, 'inbox_items': 0}
[2026-08-10T07:47:04.360101+00:00] OODA_CYCLE_185_END sleeping 60s
[2026-08-10T07:48:04.361245+00:00] OODA_CYCLE_186_START
[2026-08-10T07:48:07.534585+00:00] OODA_CYCLE counts: {'trello_cards': 129, 'github_issues': 8, 'inbox_items': 0}
[2026-08-10T07:48:09.541095+00:00] OODA_CYCLE_186_END sleeping 60s
[2026-08-10T07:49:09.542120+00:00] OODA_CYCLE_187_START
[2026-08-10T07:49:12.781396+00:00] OODA_CYCLE counts: {'trello_cards': 129, 'github_issues': 8, 'inbox_items': 0}
[2026-08-10T07:49:14.716656+00:00] OODA_CYCLE_187_END sleeping 60s
[2026-08-10T07:50:14.717627+00:00] OODA_CYCLE_188_START
[2026-08-10T07:50:17.988032+00:00] OODA_CYCLE counts: {'trello_cards': 129, 'github_issues': 8, 'inbox_items': 0}
[2026-08-10T07:50:19.887753+00:00] OODA_CYCLE_188_END sleeping 60s
[2026-08-10T07:51:19.888276+00:00] OODA_CYCLE_189_START
[2026-08-10T07:51:22.962218+00:00] OODA_CYCLE counts: {'trello_cards': 129, 'github_issues': 8, 'inbox_items': 0}
[2026-08-10T07:51:24.929171+00:00] OODA_CYCLE_189_END sleeping 60s
[2026-08-10T07:52:24.930868+00:00] OODA_CYCLE_190_START
[2026-08-10T07:52:27.897600+00:00] OODA_CYCLE counts: {'trello_cards': 130, 'github_issues': 8, 'inbox_items': 0}
[2026-08-10T07:52:29.927877+00:00] OODA_CYCLE_190_END sleeping 60s
[2026-08-10T07:53:29.929865+00:00] OODA_CYCLE_191_START
[2026-08-10T07:53:33.005682+00:00] OODA_CYCLE counts: {'trello_cards': 130, 'github_issues': 8, 'inbox_items': 0}
[2026-08-10T07:53:34.873653+00:00] OODA_CYCLE_191_END sleeping 60s
[2026-08-10T07:54:34.875793+00:00] OODA_CYCLE_192_START
[2026-08-10T07:54:38.226903+00:00] OODA_CYCLE counts: {'trello_cards': 130, 'github_issues': 8, 'inbox_items': 0}
[2026-08-10T07:54:40.184912+00:00] OODA_CYCLE_192_END sleeping 60s
[2026-08-10T07:55:40.185544+00:00] OODA_CYCLE_193_START
[2026-08-10T07:55:43.314309+00:00] OODA_CYCLE counts: {'trello_cards': 130, 'github_issues': 8, 'inbox_items': 0}
[2026-08-10T07:55:45.183608+00:00] OODA_CYCLE_193_END sleeping 60s
[2026-08-10T07:56:45.184570+00:00] OODA_CYCLE_194_START
[2026-08-10T07:56:52.084218+00:00] OODA_CYCLE counts: {'trello_cards': 130, 'github_issues': 8, 'inbox_items': 0}
[2026-08-10T07:56:53.999459+00:00] OODA_CYCLE_194_END sleeping 60s
[2026-08-10T07:57:54.000107+00:00] OODA_CYCLE_195_START
[2026-08-10T07:57:57.132082+00:00] OODA_CYCLE counts: {'trello_cards': 130, 'github_issues': 8, 'inbox_items': 0}
[2026-08-10T07:57:59.158837+00:00] OODA_CYCLE_195_END sleeping 60s
[2026-08-10T07:58:59.159609+00:00] OODA_CYCLE_196_START
[2026-08-10T07:59:02.395645+00:00] OODA_CYCLE counts: {'trello_cards': 130, 'github_issues': 8, 'inbox_items': 0}
[2026-08-10T07:59:04.336913+00:00] OODA_CYCLE_196_END sleeping 60s
[2026-08-10T08:00:04.338073+00:00] OODA_CYCLE_197_START
[2026-08-10T08:00:07.766851+00:00] OODA_CYCLE counts: {'trello_cards': 131, 'github_issues': 8, 'inbox_items': 0}
[2026-08-10T08:00:10.263376+00:00] OODA_CYCLE_197_END sleeping 60s
[2026-08-10T08:01:10.264992+00:00] OODA_CYCLE_198_START
[2026-08-10T08:01:15.468395+00:00] OODA_CYCLE counts: {'trello_cards': 131, 'github_issues': 8, 'inbox_items': 0}
[2026-08-10T08:01:17.969099+00:00] OODA_CYCLE_198_END sleeping 60s
[2026-08-10T08:02:17.970037+00:00] OODA_CYCLE_199_START
[2026-08-10T08:02:21.398823+00:00] OODA_CYCLE counts: {'trello_cards': 131, 'github_issues': 8, 'inbox_items': 0}
[2026-08-10T08:02:23.504367+00:00] OODA_CYCLE_199_END sleeping 60s
[2026-08-10T08:03:23.505385+00:00] OODA_CYCLE_200_START
[2026-08-10T08:03:27.297810+00:00] OODA_CYCLE counts: {'trello_cards': 131, 'github_issues': 8, 'inbox_items': 0}
[2026-08-10T08:03:29.161416+00:00] OODA_CYCLE_200_END sleeping 60s
[2026-08-10T08:04:29.162233+00:00] OODA_CYCLE_201_START
[2026-08-10T08:04:32.606752+00:00] OODA_CYCLE counts: {'trello_cards': 131, 'github_issues': 8, 'inbox_items': 0}
[2026-08-10T08:04:34.615177+00:00] OODA_CYCLE_201_END sleeping 60s
[2026-08-10T08:05:34.616151+00:00] OODA_CYCLE_202_START
[2026-08-10T08:05:37.916572+00:00] OODA_CYCLE counts: {'trello_cards': 131, 'github_issues': 8, 'inbox_items': 0}
[2026-08-10T08:05:39.891545+00:00] OODA_CYCLE_202_END sleeping 60s
[2026-08-10T08:06:39.893419+00:00] OODA_CYCLE_203_START
[2026-08-10T08:06:43.514640+00:00] OODA_CYCLE counts: {'trello_cards': 131, 'github_issues': 8, 'inbox_items': 0}
[2026-08-10T08:06:45.500612+00:00] OODA_CYCLE_203_END sleeping 60s
[2026-08-10T08:07:45.502017+00:00] OODA_CYCLE_204_START
[2026-08-10T08:07:48.562280+00:00] OODA_CYCLE counts: {'trello_cards': 131, 'github_issues': 8, 'inbox_items': 0}
[2026-08-10T08:07:50.394389+00:00] OODA_CYCLE_204_END sleeping 60s
[2026-08-10T08:08:50.395188+00:00] OODA_CYCLE_205_START
[2026-08-10T08:08:53.519639+00:00] OODA_CYCLE counts: {'trello_cards': 131, 'github_issues': 8, 'inbox_items': 0}
[2026-08-10T08:08:55.390225+00:00] OODA_CYCLE_205_END sleeping 60s
[2026-08-10T08:09:55.391759+00:00] OODA_CYCLE_206_START
[2026-08-10T08:09:58.592231+00:00] OODA_CYCLE counts: {'trello_cards': 131, 'github_issues': 8, 'inbox_items': 0}
[2026-08-10T08:10:01.723705+00:00] OODA_CYCLE_206_END sleeping 60s
[2026-08-10T08:11:01.724480+00:00] OODA_CYCLE_207_START
[2026-08-10T08:11:04.947600+00:00] OODA_CYCLE counts: {'trello_cards': 132, 'github_issues': 8, 'inbox_items': 0}
[2026-08-10T08:11:06.978264+00:00] OODA_CYCLE_207_END sleeping 60s
[2026-08-10T08:11:16.945418+00:00] OODA_LOOP_STARTED
[2026-08-10T08:11:16.945418+00:00] OODA_CYCLE_1_START
[2026-08-10T08:11:19.908039+00:00] OODA_CYCLE counts: {'trello_cards': 132, 'github_issues': 8, 'inbox_items': 0}
[2026-08-10T08:11:21.901836+00:00] OODA_LOOP_COMPLETE no more work
[2026-08-10T08:12:06.979221+00:00] OODA_CYCLE_208_START
[2026-08-10T08:12:10.210540+00:00] OODA_CYCLE counts: {'trello_cards': 133, 'github_issues': 8, 'inbox_items': 0}
[2026-08-10T08:12:12.359162+00:00] OODA_CYCLE_208_END sleeping 60s
[2026-08-10T08:13:12.360233+00:00] OODA_CYCLE_209_START
[2026-08-10T08:13:15.371893+00:00] OODA_CYCLE counts: {'trello_cards': 133, 'github_issues': 8, 'inbox_items': 0}
[2026-08-10T08:13:17.361156+00:00] OODA_CYCLE_209_END sleeping 60s
[2026-08-10T08:14:17.362106+00:00] OODA_CYCLE_210_START
[2026-08-10T08:14:20.540307+00:00] OODA_CYCLE counts: {'trello_cards': 133, 'github_issues': 8, 'inbox_items': 0}
[2026-08-10T08:14:22.539561+00:00] OODA_CYCLE_210_END sleeping 60s
[2026-08-10T08:15:22.540037+00:00] OODA_CYCLE_211_START
[2026-08-10T08:15:25.666290+00:00] OODA_CYCLE counts: {'trello_cards': 133, 'github_issues': 8, 'inbox_items': 0}
[2026-08-10T08:15:27.587755+00:00] OODA_CYCLE_211_END sleeping 60s
[2026-08-10T08:16:27.588852+00:00] OODA_CYCLE_212_START
[2026-08-10T08:16:30.630371+00:00] OODA_CYCLE counts: {'trello_cards': 133, 'github_issues': 8, 'inbox_items': 0}
[2026-08-10T08:16:32.608242+00:00] OODA_CYCLE_212_END sleeping 60s
[2026-08-10T08:17:32.609193+00:00] OODA_CYCLE_213_START
[2026-08-10T08:17:36.372963+00:00] OODA_CYCLE counts: {'trello_cards': 133, 'github_issues': 8, 'inbox_items': 0}
[2026-08-10T08:17:38.327734+00:00] OODA_CYCLE_213_END sleeping 60s
[2026-08-10T08:18:38.329376+00:00] OODA_CYCLE_214_START
[2026-08-10T08:18:41.415359+00:00] OODA_CYCLE counts: {'trello_cards': 133, 'github_issues': 8, 'inbox_items': 0}
[2026-08-10T08:18:43.440560+00:00] OODA_CYCLE_214_END sleeping 60s
[2026-08-10T08:19:43.441952+00:00] OODA_CYCLE_215_START
[2026-08-10T08:19:46.616350+00:00] OODA_CYCLE counts: {'trello_cards': 133, 'github_issues': 8, 'inbox_items': 0}
[2026-08-10T08:19:48.514726+00:00] OODA_CYCLE_215_END sleeping 60s
[2026-08-10T08:20:48.515710+00:00] OODA_CYCLE_216_START
[2026-08-10T08:20:51.816336+00:00] OODA_CYCLE counts: {'trello_cards': 133, 'github_issues': 8, 'inbox_items': 0}
[2026-08-10T08:20:53.823397+00:00] OODA_CYCLE_216_END sleeping 60s
[2026-08-10T08:21:53.823945+00:00] OODA_CYCLE_217_START
[2026-08-10T08:21:56.939213+00:00] OODA_CYCLE counts: {'trello_cards': 133, 'github_issues': 8, 'inbox_items': 0}
[2026-08-10T08:21:58.888837+00:00] OODA_CYCLE_217_END sleeping 60s
[2026-08-10T08:22:58.890266+00:00] OODA_CYCLE_218_START
[2026-08-10T08:23:01.928274+00:00] OODA_CYCLE counts: {'trello_cards': 133, 'github_issues': 8, 'inbox_items': 0}
[2026-08-10T08:23:04.054832+00:00] OODA_CYCLE_218_END sleeping 60s
[2026-08-10T08:24:04.056043+00:00] OODA_CYCLE_219_START
[2026-08-10T08:24:07.268693+00:00] OODA_CYCLE counts: {'trello_cards': 133, 'github_issues': 8, 'inbox_items': 0}
[2026-08-10T08:24:09.219551+00:00] OODA_CYCLE_219_END sleeping 60s
[2026-08-10T08:25:09.220827+00:00] OODA_CYCLE_220_START
[2026-08-10T08:25:12.433071+00:00] OODA_CYCLE counts: {'trello_cards': 133, 'github_issues': 8, 'inbox_items': 0}
[2026-08-10T08:25:14.355671+00:00] OODA_CYCLE_220_END sleeping 60s
[2026-08-10T08:26:14.356847+00:00] OODA_CYCLE_221_START
[2026-08-10T08:26:17.543237+00:00] OODA_CYCLE counts: {'trello_cards': 133, 'github_issues': 8, 'inbox_items': 0}
[2026-08-10T08:26:19.425224+00:00] OODA_CYCLE_221_END sleeping 60s
[2026-08-10T08:27:19.426347+00:00] OODA_CYCLE_222_START
[2026-08-10T08:27:22.739684+00:00] OODA_CYCLE counts: {'trello_cards': 133, 'github_issues': 8, 'inbox_items': 0}
[2026-08-10T08:27:24.761895+00:00] OODA_CYCLE_222_END sleeping 60s
[2026-08-10T08:28:24.762716+00:00] OODA_CYCLE_223_START
[2026-08-10T08:28:27.844806+00:00] OODA_CYCLE counts: {'trello_cards': 133, 'github_issues': 8, 'inbox_items': 0}
[2026-08-10T08:28:29.740306+00:00] OODA_CYCLE_223_END sleeping 60s
[2026-08-10T08:29:29.741521+00:00] OODA_CYCLE_224_START
[2026-08-10T08:29:32.868115+00:00] OODA_CYCLE counts: {'trello_cards': 133, 'github_issues': 8, 'inbox_items': 0}
[2026-08-10T08:29:34.836265+00:00] OODA_CYCLE_224_END sleeping 60s
[2026-08-10T08:30:34.837715+00:00] OODA_CYCLE_225_START
[2026-08-10T08:30:38.078712+00:00] OODA_CYCLE counts: {'trello_cards': 133, 'github_issues': 8, 'inbox_items': 0}
[2026-08-10T08:30:40.185013+00:00] OODA_CYCLE_225_END sleeping 60s
[2026-08-10T08:31:40.186574+00:00] OODA_CYCLE_226_START
[2026-08-10T08:31:43.405460+00:00] OODA_CYCLE counts: {'trello_cards': 133, 'github_issues': 8, 'inbox_items': 0}
[2026-08-10T08:31:45.286281+00:00] OODA_CYCLE_226_END sleeping 60s
[2026-08-10T08:32:45.286882+00:00] OODA_CYCLE_227_START
[2026-08-10T08:32:48.624641+00:00] OODA_CYCLE counts: {'trello_cards': 133, 'github_issues': 8, 'inbox_items': 0}
[2026-08-10T08:32:50.618314+00:00] OODA_CYCLE_227_END sleeping 60s
[2026-08-10T08:33:50.619786+00:00] OODA_CYCLE_228_START
[2026-08-10T08:33:53.790902+00:00] OODA_CYCLE counts: {'trello_cards': 133, 'github_issues': 8, 'inbox_items': 0}
[2026-08-10T08:33:55.796238+00:00] OODA_CYCLE_228_END sleeping 60s
[2026-08-10T08:34:55.796998+00:00] OODA_CYCLE_229_START
[2026-08-10T08:34:59.199637+00:00] OODA_CYCLE counts: {'trello_cards': 133, 'github_issues': 8, 'inbox_items': 0}
[2026-08-10T08:35:01.204999+00:00] OODA_CYCLE_229_END sleeping 60s
[2026-08-10T08:36:01.205909+00:00] OODA_CYCLE_230_START
[2026-08-10T08:36:04.650525+00:00] OODA_CYCLE counts: {'trello_cards': 133, 'github_issues': 8, 'inbox_items': 0}
[2026-08-10T08:36:06.634989+00:00] OODA_CYCLE_230_END sleeping 60s
[2026-08-10T08:37:06.636348+00:00] OODA_CYCLE_231_START
[2026-08-10T08:37:10.044410+00:00] OODA_CYCLE counts: {'trello_cards': 133, 'github_issues': 8, 'inbox_items': 0}
[2026-08-10T08:37:11.988678+00:00] OODA_CYCLE_231_END sleeping 60s
[2026-08-10T08:38:11.990024+00:00] OODA_CYCLE_232_START
[2026-08-10T08:38:15.209152+00:00] OODA_CYCLE counts: {'trello_cards': 133, 'github_issues': 8, 'inbox_items': 0}
[2026-08-10T08:38:17.176798+00:00] OODA_CYCLE_232_END sleeping 60s
[2026-08-10T08:39:17.177627+00:00] OODA_CYCLE_233_START
[2026-08-10T08:39:25.504330+00:00] OODA_CYCLE counts: {'trello_cards': 133, 'github_issues': 8, 'inbox_items': 0}
[2026-08-10T08:39:28.669957+00:00] OODA_CYCLE_233_END sleeping 60s
[2026-08-10T08:40:28.671297+00:00] OODA_CYCLE_234_START
[2026-08-10T08:40:31.871234+00:00] OODA_CYCLE counts: {'trello_cards': 133, 'github_issues': 8, 'inbox_items': 0}
[2026-08-10T08:40:33.787385+00:00] OODA_CYCLE_234_END sleeping 60s
[2026-08-10T08:41:33.788783+00:00] OODA_CYCLE_235_START
[2026-08-10T08:41:36.823500+00:00] OODA_CYCLE counts: {'trello_cards': 133, 'github_issues': 8, 'inbox_items': 0}
[2026-08-10T08:41:38.931059+00:00] OODA_CYCLE_235_END sleeping 60s
[2026-08-10T08:42:38.932414+00:00] OODA_CYCLE_236_START
[2026-08-10T08:42:42.041655+00:00] OODA_CYCLE counts: {'trello_cards': 133, 'github_issues': 8, 'inbox_items': 0}
[2026-08-10T08:42:43.949741+00:00] OODA_CYCLE_236_END sleeping 60s
[2026-08-10T08:43:43.951276+00:00] OODA_CYCLE_237_START
[2026-08-10T08:43:47.211380+00:00] OODA_CYCLE counts: {'trello_cards': 133, 'github_issues': 8, 'inbox_items': 0}
[2026-08-10T08:43:49.123853+00:00] OODA_CYCLE_237_END sleeping 60s
[2026-08-10T08:44:49.124919+00:00] OODA_CYCLE_238_START
[2026-08-10T08:44:52.206748+00:00] OODA_CYCLE counts: {'trello_cards': 133, 'github_issues': 8, 'inbox_items': 0}
[2026-08-10T08:44:54.216460+00:00] OODA_CYCLE_238_END sleeping 60s
[2026-08-10T08:45:54.217323+00:00] OODA_CYCLE_239_START
[2026-08-10T08:45:57.316142+00:00] OODA_CYCLE counts: {'trello_cards': 133, 'github_issues': 8, 'inbox_items': 0}
[2026-08-10T08:46:00.194496+00:00] OODA_CYCLE_239_END sleeping 60s
[2026-08-10T08:47:00.195273+00:00] OODA_CYCLE_240_START
[2026-08-10T08:47:03.492005+00:00] OODA_CYCLE counts: {'trello_cards': 133, 'github_issues': 8, 'inbox_items': 0}
[2026-08-10T08:47:05.451163+00:00] OODA_CYCLE_240_END sleeping 60s
[2026-08-10T08:48:05.452912+00:00] OODA_CYCLE_241_START
[2026-08-10T08:48:08.568518+00:00] OODA_CYCLE counts: {'trello_cards': 133, 'github_issues': 8, 'inbox_items': 0}
[2026-08-10T08:48:10.626821+00:00] OODA_CYCLE_241_END sleeping 60s
[2026-08-10T08:49:10.627789+00:00] OODA_CYCLE_242_START
[2026-08-10T08:49:13.842928+00:00] OODA_CYCLE counts: {'trello_cards': 133, 'github_issues': 8, 'inbox_items': 0}
[2026-08-10T08:49:15.804286+00:00] OODA_CYCLE_242_END sleeping 60s
[2026-08-10T08:50:15.805417+00:00] OODA_CYCLE_243_START
[2026-08-10T08:50:18.894278+00:00] OODA_CYCLE counts: {'trello_cards': 133, 'github_issues': 8, 'inbox_items': 0}
[2026-08-10T08:50:20.849240+00:00] OODA_CYCLE_243_END sleeping 60s
[2026-08-10T08:51:20.850669+00:00] OODA_CYCLE_244_START
[2026-08-10T08:51:23.824995+00:00] OODA_CYCLE counts: {'trello_cards': 133, 'github_issues': 8, 'inbox_items': 0}
[2026-08-10T08:51:25.914318+00:00] OODA_CYCLE_244_END sleeping 60s
[2026-08-10T08:52:25.915208+00:00] OODA_CYCLE_245_START
[2026-08-10T08:52:28.866219+00:00] OODA_CYCLE counts: {'trello_cards': 133, 'github_issues': 8, 'inbox_items': 0}
[2026-08-10T08:52:30.891466+00:00] OODA_CYCLE_245_END sleeping 60s
[2026-08-10T08:53:30.892549+00:00] OODA_CYCLE_246_START
[2026-08-10T08:53:34.137223+00:00] OODA_CYCLE counts: {'trello_cards': 133, 'github_issues': 8, 'inbox_items': 0}
[2026-08-10T08:53:35.971315+00:00] OODA_CYCLE_246_END sleeping 60s
[2026-08-10T08:54:35.972557+00:00] OODA_CYCLE_247_START
[2026-08-10T08:54:39.106123+00:00] OODA_CYCLE counts: {'trello_cards': 133, 'github_issues': 8, 'inbox_items': 0}
[2026-08-10T08:54:41.272980+00:00] OODA_CYCLE_247_END sleeping 60s
[2026-08-10T08:55:41.273764+00:00] OODA_CYCLE_248_START
[2026-08-10T08:55:44.626818+00:00] OODA_CYCLE counts: {'trello_cards': 134, 'github_issues': 8, 'inbox_items': 0}
[2026-08-10T08:55:46.609500+00:00] OODA_CYCLE_248_END sleeping 60s
[2026-08-10T08:56:46.610013+00:00] OODA_CYCLE_249_START
[2026-08-10T08:56:49.795669+00:00] OODA_CYCLE counts: {'trello_cards': 134, 'github_issues': 8, 'inbox_items': 0}
[2026-08-10T08:56:51.717912+00:00] OODA_CYCLE_249_END sleeping 60s
[2026-08-10T08:57:51.719168+00:00] OODA_CYCLE_250_START
[2026-08-10T08:57:55.003208+00:00] OODA_CYCLE counts: {'trello_cards': 134, 'github_issues': 8, 'inbox_items': 0}
[2026-08-10T08:57:56.941597+00:00] OODA_CYCLE_250_END sleeping 60s
[2026-08-10T08:58:56.942705+00:00] OODA_CYCLE_251_START
[2026-08-10T08:59:00.182015+00:00] OODA_CYCLE counts: {'trello_cards': 134, 'github_issues': 8, 'inbox_items': 0}
[2026-08-10T08:59:02.013302+00:00] OODA_CYCLE_251_END sleeping 60s
[2026-08-10T09:00:02.014227+00:00] OODA_CYCLE_252_START
[2026-08-10T09:00:05.753803+00:00] OODA_CYCLE counts: {'trello_cards': 134, 'github_issues': 8, 'inbox_items': 0}
[2026-08-10T09:00:07.683831+00:00] OODA_CYCLE_252_END sleeping 60s
[2026-08-10T09:01:07.684610+00:00] OODA_CYCLE_253_START
[2026-08-10T09:01:11.330252+00:00] OODA_CYCLE counts: {'trello_cards': 134, 'github_issues': 8, 'inbox_items': 0}
[2026-08-10T09:01:13.205569+00:00] OODA_CYCLE_253_END sleeping 60s
[2026-08-10T09:02:13.206797+00:00] OODA_CYCLE_254_START
[2026-08-10T09:02:16.371048+00:00] OODA_CYCLE counts: {'trello_cards': 134, 'github_issues': 8, 'inbox_items': 0}
[2026-08-10T09:02:18.519969+00:00] OODA_CYCLE_254_END sleeping 60s
[2026-08-10T09:03:18.521689+00:00] OODA_CYCLE_255_START
[2026-08-10T09:03:21.925308+00:00] OODA_CYCLE counts: {'trello_cards': 134, 'github_issues': 8, 'inbox_items': 0}
[2026-08-10T09:03:24.007517+00:00] OODA_CYCLE_255_END sleeping 60s
[2026-08-10T09:03:36.257351+00:00] OODA_LOOP_STARTED
[2026-08-10T09:03:36.257351+00:00] OODA_CYCLE_1_START
[2026-08-10T09:03:39.539516+00:00] OODA_CYCLE counts: {'trello_cards': 134, 'github_issues': 8, 'inbox_items': 0}
[2026-08-10T09:03:41.737124+00:00] OODA_LOOP_COMPLETE no more work
[2026-08-10T09:04:24.008803+00:00] OODA_CYCLE_256_START
[2026-08-10T09:04:27.037437+00:00] OODA_CYCLE counts: {'trello_cards': 134, 'github_issues': 8, 'inbox_items': 0}
[2026-08-10T09:04:28.974017+00:00] OODA_CYCLE_256_END sleeping 60s
[2026-08-10T09:05:28.975609+00:00] OODA_CYCLE_257_START
[2026-08-10T09:05:32.116531+00:00] OODA_CYCLE counts: {'trello_cards': 134, 'github_issues': 8, 'inbox_items': 0}
[2026-08-10T09:05:34.115297+00:00] OODA_CYCLE_257_END sleeping 60s
[2026-08-10T09:06:34.115992+00:00] OODA_CYCLE_258_START
[2026-08-10T09:06:37.269277+00:00] OODA_CYCLE counts: {'trello_cards': 134, 'github_issues': 8, 'inbox_items': 0}
[2026-08-10T09:06:39.192397+00:00] OODA_CYCLE_258_END sleeping 60s
[2026-08-10T09:07:39.192724+00:00] OODA_CYCLE_259_START
[2026-08-10T09:07:43.093028+00:00] OODA_CYCLE counts: {'trello_cards': 134, 'github_issues': 8, 'inbox_items': 0}
[2026-08-10T09:07:45.176641+00:00] OODA_CYCLE_259_END sleeping 60s
[2026-08-10T09:08:45.178245+00:00] OODA_CYCLE_260_START
[2026-08-10T09:08:48.268932+00:00] OODA_CYCLE counts: {'trello_cards': 134, 'github_issues': 8, 'inbox_items': 0}
[2026-08-10T09:08:50.230340+00:00] OODA_CYCLE_260_END sleeping 60s
[2026-08-10T09:08:57.205487+00:00] OODA_LOOP_STARTED
[2026-08-10T09:08:57.205487+00:00] OODA_CYCLE_1_START
[2026-08-10T09:09:00.338842+00:00] OODA_CYCLE counts: {'trello_cards': 134, 'github_issues': 8, 'inbox_items': 0}
[2026-08-10T09:09:02.223592+00:00] OODA_LOOP_COMPLETE no more work
[2026-08-10T09:09:50.231692+00:00] OODA_CYCLE_261_START
[2026-08-10T09:09:53.647507+00:00] OODA_CYCLE counts: {'trello_cards': 134, 'github_issues': 8, 'inbox_items': 0}
[2026-08-10T09:09:55.553112+00:00] OODA_CYCLE_261_END sleeping 60s
[2026-08-10T09:10:55.553621+00:00] OODA_CYCLE_262_START
[2026-08-10T09:10:58.677359+00:00] OODA_CYCLE counts: {'trello_cards': 134, 'github_issues': 8, 'inbox_items': 0}
[2026-08-10T09:11:00.799164+00:00] OODA_CYCLE_262_END sleeping 60s
[2026-08-10T09:12:00.799721+00:00] OODA_CYCLE_263_START
[2026-08-10T09:12:03.918821+00:00] OODA_CYCLE counts: {'trello_cards': 134, 'github_issues': 8, 'inbox_items': 0}
[2026-08-10T09:12:05.834120+00:00] OODA_CYCLE_263_END sleeping 60s
[2026-08-10T09:13:05.834849+00:00] OODA_CYCLE_264_START
[2026-08-10T09:13:09.007202+00:00] OODA_CYCLE counts: {'trello_cards': 134, 'github_issues': 8, 'inbox_items': 0}
[2026-08-10T09:13:10.891128+00:00] OODA_CYCLE_264_END sleeping 60s
[2026-08-10T09:14:10.892727+00:00] OODA_CYCLE_265_START
[2026-08-10T09:14:14.193958+00:00] OODA_CYCLE counts: {'trello_cards': 134, 'github_issues': 8, 'inbox_items': 0}
[2026-08-10T09:14:16.816471+00:00] OODA_LOOP_STARTED
[2026-08-10T09:14:16.816471+00:00] OODA_CYCLE_1_START
[2026-08-10T09:14:16.947512+00:00] OODA_CYCLE_265_END sleeping 60s
[2026-08-10T09:14:19.777229+00:00] OODA_CYCLE counts: {'trello_cards': 134, 'github_issues': 8, 'inbox_items': 0}
[2026-08-10T09:14:21.667705+00:00] OODA_LOOP_COMPLETE no more work
[2026-08-10T09:15:16.947978+00:00] OODA_CYCLE_266_START
[2026-08-10T09:15:19.948663+00:00] OODA_CYCLE counts: {'trello_cards': 134, 'github_issues': 8, 'inbox_items': 0}
[2026-08-10T09:15:21.855188+00:00] OODA_CYCLE_266_END sleeping 60s
[2026-08-10T09:16:21.856044+00:00] OODA_CYCLE_267_START
[2026-08-10T09:16:24.971653+00:00] OODA_CYCLE counts: {'trello_cards': 134, 'github_issues': 8, 'inbox_items': 0}
[2026-08-10T09:16:26.839564+00:00] OODA_CYCLE_267_END sleeping 60s
[2026-08-10T09:17:26.840783+00:00] OODA_CYCLE_268_START
[2026-08-10T09:17:29.983246+00:00] OODA_CYCLE counts: {'trello_cards': 134, 'github_issues': 8, 'inbox_items': 0}
[2026-08-10T09:17:31.891587+00:00] OODA_CYCLE_268_END sleeping 60s
[2026-08-10T09:18:31.893017+00:00] OODA_CYCLE_269_START
[2026-08-10T09:18:35.090579+00:00] OODA_CYCLE counts: {'trello_cards': 134, 'github_issues': 8, 'inbox_items': 0}
[2026-08-10T09:18:37.124706+00:00] OODA_CYCLE_269_END sleeping 60s
[2026-08-10T09:19:37.126158+00:00] OODA_CYCLE_270_START
[2026-08-10T09:19:37.841945+00:00] OODA_LOOP_STARTED
[2026-08-10T09:19:37.842479+00:00] OODA_CYCLE_1_START
[2026-08-10T09:19:40.779936+00:00] OODA_CYCLE counts: {'trello_cards': 134, 'github_issues': 8, 'inbox_items': 0}
[2026-08-10T09:19:41.651284+00:00] OODA_CYCLE counts: {'trello_cards': 134, 'github_issues': 8, 'inbox_items': 0}
[2026-08-10T09:19:42.725255+00:00] OODA_LOOP_COMPLETE no more work
[2026-08-10T09:19:43.596179+00:00] OODA_CYCLE_270_END sleeping 60s
[2026-08-10T09:20:43.596502+00:00] OODA_CYCLE_271_START
[2026-08-10T09:20:46.648356+00:00] OODA_CYCLE counts: {'trello_cards': 134, 'github_issues': 8, 'inbox_items': 0}
[2026-08-10T09:20:48.557270+00:00] OODA_CYCLE_271_END sleeping 60s
[2026-08-10T09:21:48.557914+00:00] OODA_CYCLE_272_START
[2026-08-10T09:21:51.550252+00:00] OODA_CYCLE counts: {'trello_cards': 134, 'github_issues': 8, 'inbox_items': 0}
[2026-08-10T09:21:53.482813+00:00] OODA_CYCLE_272_END sleeping 60s
[2026-08-10T09:22:53.483518+00:00] OODA_CYCLE_273_START
[2026-08-10T09:22:56.489043+00:00] OODA_CYCLE counts: {'trello_cards': 134, 'github_issues': 8, 'inbox_items': 0}
[2026-08-10T09:22:58.398668+00:00] OODA_CYCLE_273_END sleeping 60s
[2026-08-10T09:23:58.400326+00:00] OODA_CYCLE_274_START
[2026-08-10T09:24:01.472205+00:00] OODA_CYCLE counts: {'trello_cards': 134, 'github_issues': 8, 'inbox_items': 0}
[2026-08-10T09:24:03.425364+00:00] OODA_CYCLE_274_END sleeping 60s
[2026-08-10T09:24:59.396386+00:00] OODA_LOOP_STARTED
[2026-08-10T09:24:59.396386+00:00] OODA_CYCLE_1_START
[2026-08-10T09:25:02.642496+00:00] OODA_CYCLE counts: {'trello_cards': 134, 'github_issues': 8, 'inbox_items': 0}
[2026-08-10T09:25:03.425800+00:00] OODA_CYCLE_275_START
[2026-08-10T09:25:04.765602+00:00] OODA_LOOP_COMPLETE no more work
[2026-08-10T09:25:06.434264+00:00] OODA_CYCLE counts: {'trello_cards': 134, 'github_issues': 8, 'inbox_items': 0}
[2026-08-10T09:25:08.312383+00:00] OODA_CYCLE_275_END sleeping 60s
[2026-08-10T09:26:08.313692+00:00] OODA_CYCLE_276_START
[2026-08-10T09:26:11.382562+00:00] OODA_CYCLE counts: {'trello_cards': 134, 'github_issues': 8, 'inbox_items': 0}
[2026-08-10T09:26:13.241479+00:00] OODA_CYCLE_276_END sleeping 60s
[2026-08-10T09:27:13.242722+00:00] OODA_CYCLE_277_START
[2026-08-10T09:27:16.651395+00:00] OODA_CYCLE counts: {'trello_cards': 134, 'github_issues': 8, 'inbox_items': 0}
[2026-08-10T09:27:18.783002+00:00] OODA_CYCLE_277_END sleeping 60s
[2026-08-10T09:28:18.784159+00:00] OODA_CYCLE_278_START
[2026-08-10T09:28:21.925527+00:00] OODA_CYCLE counts: {'trello_cards': 134, 'github_issues': 8, 'inbox_items': 0}
[2026-08-10T09:28:23.936878+00:00] OODA_CYCLE_278_END sleeping 60s
[2026-08-10T09:29:23.938182+00:00] OODA_CYCLE_279_START
[2026-08-10T09:29:26.966530+00:00] OODA_CYCLE counts: {'trello_cards': 134, 'github_issues': 8, 'inbox_items': 0}
[2026-08-10T09:29:28.825441+00:00] OODA_CYCLE_279_END sleeping 60s
[2026-08-10T09:30:28.826873+00:00] OODA_CYCLE_280_START
[2026-08-10T09:30:29.832693+00:00] OODA_LOOP_STARTED
[2026-08-10T09:30:29.832693+00:00] OODA_CYCLE_1_START
[2026-08-10T09:30:31.981249+00:00] OODA_CYCLE counts: {'trello_cards': 134, 'github_issues': 8, 'inbox_items': 0}
[2026-08-10T09:30:33.156668+00:00] OODA_CYCLE counts: {'trello_cards': 134, 'github_issues': 8, 'inbox_items': 0}
[2026-08-10T09:30:33.921478+00:00] OODA_CYCLE_280_END sleeping 60s
[2026-08-10T09:30:35.234715+00:00] OODA_LOOP_COMPLETE no more work
[2026-08-10T09:31:33.923130+00:00] OODA_CYCLE_281_START
[2026-08-10T09:31:36.916096+00:00] OODA_CYCLE counts: {'trello_cards': 134, 'github_issues': 8, 'inbox_items': 0}
[2026-08-10T09:31:38.789665+00:00] OODA_CYCLE_281_END sleeping 60s
[2026-08-10T09:32:38.790645+00:00] OODA_CYCLE_282_START
[2026-08-10T09:32:41.992332+00:00] OODA_CYCLE counts: {'trello_cards': 134, 'github_issues': 8, 'inbox_items': 0}
[2026-08-10T09:32:43.975595+00:00] OODA_CYCLE_282_END sleeping 60s
[2026-08-10T09:33:43.976383+00:00] OODA_CYCLE_283_START
[2026-08-10T09:33:47.067620+00:00] OODA_CYCLE counts: {'trello_cards': 134, 'github_issues': 8, 'inbox_items': 0}
[2026-08-10T09:33:48.999475+00:00] OODA_CYCLE_283_END sleeping 60s
[2026-08-10T09:34:49.000630+00:00] OODA_CYCLE_284_START
[2026-08-10T09:34:52.002886+00:00] OODA_CYCLE counts: {'trello_cards': 134, 'github_issues': 8, 'inbox_items': 0}
[2026-08-10T09:34:53.953399+00:00] OODA_CYCLE_284_END sleeping 60s
[2026-08-10T09:35:53.954004+00:00] OODA_CYCLE_285_START
[2026-08-10T09:35:57.037285+00:00] OODA_CYCLE counts: {'trello_cards': 134, 'github_issues': 8, 'inbox_items': 0}
[2026-08-10T09:35:59.007355+00:00] OODA_CYCLE_285_END sleeping 60s
[2026-08-10T09:36:00.168423+00:00] OODA_LOOP_STARTED
[2026-08-10T09:36:00.168423+00:00] OODA_CYCLE_1_START
[2026-08-10T09:36:03.279257+00:00] OODA_CYCLE counts: {'trello_cards': 134, 'github_issues': 8, 'inbox_items': 0}
[2026-08-10T09:36:05.180210+00:00] OODA_LOOP_COMPLETE no more work
[2026-08-10T09:36:59.008083+00:00] OODA_CYCLE_286_START
[2026-08-10T09:37:02.246461+00:00] OODA_CYCLE counts: {'trello_cards': 134, 'github_issues': 8, 'inbox_items': 0}
[2026-08-10T09:37:04.214658+00:00] OODA_CYCLE_286_END sleeping 60s
[2026-08-10T09:38:04.216366+00:00] OODA_CYCLE_287_START
[2026-08-10T09:38:07.623495+00:00] OODA_CYCLE counts: {'trello_cards': 134, 'github_issues': 8, 'inbox_items': 0}
[2026-08-10T09:38:09.573314+00:00] OODA_CYCLE_287_END sleeping 60s
[2026-08-10T09:39:09.574223+00:00] OODA_CYCLE_288_START
[2026-08-10T09:39:12.694175+00:00] OODA_CYCLE counts: {'trello_cards': 134, 'github_issues': 8, 'inbox_items': 0}
[2026-08-10T09:39:14.664625+00:00] OODA_CYCLE_288_END sleeping 60s
[2026-08-10T09:40:14.666196+00:00] OODA_CYCLE_289_START
[2026-08-10T09:40:17.604700+00:00] OODA_CYCLE counts: {'trello_cards': 134, 'github_issues': 8, 'inbox_items': 0}
[2026-08-10T09:40:19.553803+00:00] OODA_CYCLE_289_END sleeping 60s
[2026-08-10T09:41:19.555257+00:00] OODA_CYCLE_290_START
[2026-08-10T09:41:22.524029+00:00] OODA_CYCLE counts: {'trello_cards': 134, 'github_issues': 8, 'inbox_items': 0}
[2026-08-10T09:41:24.461654+00:00] OODA_CYCLE_290_END sleeping 60s
[2026-08-10T09:41:30.174041+00:00] OODA_LOOP_STARTED
[2026-08-10T09:41:30.175040+00:00] OODA_CYCLE_1_START
[2026-08-10T09:41:33.248454+00:00] OODA_CYCLE counts: {'trello_cards': 134, 'github_issues': 8, 'inbox_items': 0}
[2026-08-10T09:41:35.113609+00:00] OODA_LOOP_COMPLETE no more work
[2026-08-10T09:42:24.462879+00:00] OODA_CYCLE_291_START
[2026-08-10T09:42:27.708970+00:00] OODA_CYCLE counts: {'trello_cards': 134, 'github_issues': 8, 'inbox_items': 0}
[2026-08-10T09:42:30.002518+00:00] OODA_CYCLE_291_END sleeping 60s
[2026-08-10T09:43:30.003252+00:00] OODA_CYCLE_292_START
[2026-08-10T09:43:33.116766+00:00] OODA_CYCLE counts: {'trello_cards': 134, 'github_issues': 8, 'inbox_items': 0}
[2026-08-10T09:43:34.982311+00:00] OODA_CYCLE_292_END sleeping 60s
[2026-08-20T04:18:06.210384+00:00] OODA_LOOP_STARTED
[2026-08-20T04:18:06.211663+00:00] OODA_CYCLE_1_START
[2026-08-20T04:18:09.205854+00:00] OODA_CYCLE counts: {'trello_cards': 70, 'github_issues': 8, 'inbox_items': 0}
[2026-08-20T04:18:10.980678+00:00] OODA_LOOP_COMPLETE no more work
